-----
-- MIF RAM 
-- Sat Apr  5 21:30:55 2025
-----

WIDTH=32;
DEPTH=15531;
ADDRESS_RADIX=HEX;
DATA_RADIX=HEX;

CONTENT BEGIN
	0000 : 00000000;
	0001 : 00000000;
	0002 : 00000000;
	0003 : 00006325;
	0004 : 5044434D;
	0005 : 30353136;
	0006 : 666F203A;
	0007 : 74657366;
	0008 : 7825203A;
	0009 : 64202D20;
	000a : 3A617461;
	000b : 0A782520;
	000c : 00000000;
	000d : 5044434D;
	000e : 30303036;
	000f : 52207C20;
	0010 : 73697665;
	0011 : 3A6E6F69;
	0012 : 00000020;
	0013 : 00003143;
	0014 : 6E6B6E55;
	0015 : 206E776F;
	0016 : 29782528;
	0017 : 00000000;
	0018 : 43207C20;
	0019 : 69666E6F;
	001a : 25203A67;
	001b : 00000A78;
	001c : 5044434D;
	001d : 30303036;
	001e : 666F203A;
	001f : 74657366;
	0020 : 7825203A;
	0021 : 64202D20;
	0022 : 3A617461;
	0023 : 0A782520;
	0024 : 00000000;
	0025 : 746E6554;
	0026 : 3A617669;
	0027 : 44434D20;
	0028 : 35313650;
	0029 : 65722030;
	002a : 20746573;
	002b : 6F727265;
	002c : 000D0A72;
	002d : 746E6554;
	002e : 3A617669;
	002f : 44434D20;
	0030 : 30303650;
	0031 : 65722030;
	0032 : 20746573;
	0033 : 6F727265;
	0034 : 000D0A72;
	0035 : 31504454;
	0036 : 52203234;
	0037 : 73696765;
	0038 : 20726574;
	0039 : 706D7564;
	003a : 0000000A;
	003b : 61307830;
	003c : 25203A20;
	003d : 00000A78;
	003e : 30317830;
	003f : 25203A20;
	0040 : 00000A78;
	0041 : 31317830;
	0042 : 25203A20;
	0043 : 00000A78;
	0044 : 32317830;
	0045 : 25203A20;
	0046 : 00000A78;
	0047 : 33317830;
	0048 : 25203A20;
	0049 : 00000A78;
	004a : 746E6554;
	004b : 20617669;
	004c : 74697277;
	004d : 44492065;
	004e : 0000000A;
	004f : 34315044;
	0050 : 2E2E5852;
	0051 : 0000002E;
	0052 : 31325044;
	0053 : 2E2E5852;
	0054 : 0000002E;
	0055 : 34315044;
	0056 : 2E2E5854;
	0057 : 0000002E;
	0058 : 31325044;
	0059 : 2E2E5854;
	005a : 0000002E;
	005b : 54504445;
	005c : 2E2E2E58;
	005d : 00000000;
	005e : 494D4448;
	005f : 58543132;
	0060 : 002E2E2E;
	0061 : 494D4448;
	0062 : 58523132;
	0063 : 002E2E2E;
	0064 : 20434D46;
	0065 : 2E766552;
	0066 : 62204320;
	0067 : 6472616F;
	0068 : 002E2E2E;
	0069 : 20434D46;
	006a : 2E766552;
	006b : 62204420;
	006c : 6472616F;
	006d : 002E2E2E;
	006e : 6E6B6E55;
	006f : 206E776F;
	0070 : 6974706F;
	0071 : 00006E6F;
	0072 : 000A6B6F;
	0073 : 746E6554;
	0074 : 20617669;
	0075 : 20434D46;
	0076 : 72616F62;
	0077 : 00203A64;
	0078 : 2E766552;
	0079 : 000A4320;
	007a : 2E766552;
	007b : 000A4420;
	007c : 6E6B6E55;
	007d : 0A6E776F;
	007e : 00000000;
	007f : 20746F6E;
	0080 : 6E756F66;
	0081 : 000A2164;
	0082 : 746E6554;
	0083 : 20617669;
	0084 : 746F6C73;
	0085 : 3A642520;
	0086 : 00000020;
	0087 : 34315044;
	0088 : 000A5854;
	0089 : 31325044;
	008a : 000A5854;
	008b : 34315044;
	008c : 000A5852;
	008d : 31325044;
	008e : 000A5852;
	008f : 494D4448;
	0090 : 58543132;
	0091 : 0000000A;
	0092 : 494D4448;
	0093 : 58523132;
	0094 : 0000000A;
	0095 : 54504445;
	0096 : 00000A58;
	0097 : 6E6B6E75;
	0098 : 0A6E776F;
	0099 : 00000000;
	009a : 74706D65;
	009b : 00000A79;
	009c : 746E6554;
	009d : 3A617669;
	009e : 636F4C20;
	009f : 6974206B;
	00a0 : 756F656D;
	00a1 : 00000A74;
	00a2 : 50202D2D;
	00a3 : 72205948;
	00a4 : 72656665;
	00a5 : 65636E65;
	00a6 : 6F6C6320;
	00a7 : 63206B63;
	00a8 : 69666E6F;
	00a9 : 72652067;
	00aa : 20726F72;
	00ab : 00202D2D;
	00ac : 56202D2D;
	00ad : 6F656469;
	00ae : 66657220;
	00af : 6E657265;
	00b0 : 63206563;
	00b1 : 6B636F6C;
	00b2 : 6E6F6320;
	00b3 : 20676966;
	00b4 : 6F727265;
	00b5 : 2D2D2072;
	00b6 : 00000020;
	00b7 : 4D202D2D;
	00b8 : 36504443;
	00b9 : 20303531;
	00ba : 666E6F63;
	00bb : 65206769;
	00bc : 726F7272;
	00bd : 202D2D20;
	00be : 00000000;
	00bf : 4D202D2D;
	00c0 : 36504443;
	00c1 : 20303030;
	00c2 : 666E6F63;
	00c3 : 65206769;
	00c4 : 726F7272;
	00c5 : 202D2D20;
	00c6 : 00000000;
	00c7 : 54202D2D;
	00c8 : 3153444D;
	00c9 : 20343032;
	00ca : 666E6F63;
	00cb : 65206769;
	00cc : 726F7272;
	00cd : 202D2D20;
	00ce : 00000000;
	00cf : 55202D2D;
	00d0 : 6F6E6B6E;
	00d1 : 48502077;
	00d2 : 61632059;
	00d3 : 2D206472;
	00d4 : 0000202D;
	00d5 : 54202D2D;
	00d6 : 34315044;
	00d7 : 6F632032;
	00d8 : 6769666E;
	00d9 : 72726520;
	00da : 2D20726F;
	00db : 0000202D;
	00dc : 54202D2D;
	00dd : 30325044;
	00de : 63203430;
	00df : 69666E6F;
	00e0 : 72652067;
	00e1 : 20726F72;
	00e2 : 00202D2D;
	00e3 : 54202D2D;
	00e4 : 32315044;
	00e5 : 63203430;
	00e6 : 69666E6F;
	00e7 : 72652067;
	00e8 : 20726F72;
	00e9 : 00202D2D;
	00ea : 746E6554;
	00eb : 3A617669;
	00ec : 736E7520;
	00ed : 6F707075;
	00ee : 64657472;
	00ef : 59485020;
	00f0 : 66657220;
	00f1 : 6E657265;
	00f2 : 63206563;
	00f3 : 6B636F6C;
	00f4 : 0000000A;
	00f5 : 00003D44;
	00f6 : 00003A74;
	00f7 : 00003AC4;
	00f8 : 00003B10;
	00f9 : 00003B60;
	00fa : 00003BB0;
	00fb : 00003C00;
	00fc : 00003C50;
	00fd : 00003CA0;
	00fe : 00003D44;
	00ff : 00003CF0;
	0100 : 00004AB4;
	0101 : 00004ABC;
	0102 : 00004AC4;
	0103 : 00004ACC;
	0104 : 00004AD4;
	0105 : 00004ADC;
	0106 : 00004AE4;
	0107 : 00004AEC;
	0108 : 00004AFC;
	0109 : 00004AF4;
	010a : 00004B04;
	010b : 000058C8;
	010c : 000058E8;
	010d : 000058F4;
	010e : 000058D0;
	010f : 000058D0;
	0110 : 00005910;
	0111 : 000058D0;
	0112 : 000058D0;
	0113 : 000058D0;
	0114 : 000058D0;
	0115 : 000058D0;
	0116 : 000058D0;
	0117 : 000058D0;
	0118 : 000058D0;
	0119 : 000058D0;
	011a : 000058D0;
	011b : 00005978;
	011c : 0000598C;
	011d : 000059A4;
	011e : 000058D0;
	011f : 000058D0;
	0120 : 000058D0;
	0121 : 000058D0;
	0122 : 000058D0;
	0123 : 000058D0;
	0124 : 000058D0;
	0125 : 000058D0;
	0126 : 000058D0;
	0127 : 000058D0;
	0128 : 000058D0;
	0129 : 000058D0;
	012a : 000058D0;
	012b : 000058D0;
	012c : 000058D0;
	012d : 000058D0;
	012e : 000059BC;
	012f : 000058D0;
	0130 : 000058D0;
	0131 : 000058D0;
	0132 : 000058D0;
	0133 : 000058D0;
	0134 : 000058D0;
	0135 : 000058D0;
	0136 : 000058D0;
	0137 : 000058D0;
	0138 : 000058D0;
	0139 : 000058D0;
	013a : 000058D0;
	013b : 000058D0;
	013c : 000059D4;
	013d : 000059F4;
	013e : 000058D0;
	013f : 000058D0;
	0140 : 000058D0;
	0141 : 000058D0;
	0142 : 000058D0;
	0143 : 000058D0;
	0144 : 000058D0;
	0145 : 000058D0;
	0146 : 000058D0;
	0147 : 000058D0;
	0148 : 000058D0;
	0149 : 000058D0;
	014a : 000058D0;
	014b : 00005A14;
	014c : 00005A44;
	014d : 000058D0;
	014e : 000058D0;
	014f : 00005A64;
	0150 : 00005A8C;
	0151 : 000058D0;
	0152 : 000058D0;
	0153 : 000058D0;
	0154 : 000058D0;
	0155 : 000058D0;
	0156 : 000058D0;
	0157 : 000058D0;
	0158 : 000058D0;
	0159 : 000058D0;
	015a : 000058D0;
	015b : 000058D0;
	015c : 000058D0;
	015d : 000058D0;
	015e : 000058D0;
	015f : 000058D0;
	0160 : 000058D0;
	0161 : 000058D0;
	0162 : 000058D0;
	0163 : 000058D0;
	0164 : 000058D0;
	0165 : 000058D0;
	0166 : 000058D0;
	0167 : 000058D0;
	0168 : 000058D0;
	0169 : 000058D0;
	016a : 000058D0;
	016b : 000058D0;
	016c : 000058D0;
	016d : 00005AA8;
	016e : 00005ADC;
	016f : 000058D0;
	0170 : 000058D0;
	0171 : 00005B30;
	0172 : 000058D0;
	0173 : 000058D0;
	0174 : 000058D0;
	0175 : 000058D0;
	0176 : 000058D0;
	0177 : 000058D0;
	0178 : 000058D0;
	0179 : 000058D0;
	017a : 000058D0;
	017b : 00005C3C;
	017c : 00005CC4;
	017d : 00005D1C;
	017e : 00005D78;
	017f : 000058D0;
	0180 : 000058D0;
	0181 : 000058D0;
	0182 : 000058D0;
	0183 : 000058D0;
	0184 : 000058D0;
	0185 : 000058D0;
	0186 : 000058D0;
	0187 : 000058D0;
	0188 : 000058D0;
	0189 : 000058D0;
	018a : 000058D0;
	018b : 000058D0;
	018c : 00005D94;
	018d : 58545044;
	018e : 0000203A;
	018f : 20445048;
	0190 : 67756C70;
	0191 : 0000000A;
	0192 : 20445048;
	0193 : 736C7570;
	0194 : 00000A65;
	0195 : 20445048;
	0196 : 6C706E75;
	0197 : 000A6775;
	0198 : 58525044;
	0199 : 0000203A;
	019a : 3A776809;
	019b : 2E642520;
	019c : 7C206425;
	019d : 00000020;
	019e : 203A7773;
	019f : 252E6425;
	01a0 : 00000A64;
	01a1 : 74736D09;
	01a2 : 7825203A;
	01a3 : 0000000A;
	01a4 : 6F697009;
	01a5 : 7825203A;
	01a6 : 0000000A;
	01a7 : 64706809;
	01a8 : 6425203A;
	01a9 : 0000000A;
	01aa : 6B6E6C09;
	01ab : 3A70755F;
	01ac : 20642520;
	01ad : 0000207C;
	01ae : 5F6B6E6C;
	01af : 5F746361;
	01b0 : 656E616C;
	01b1 : 25203A73;
	01b2 : 207C2064;
	01b3 : 00000000;
	01b4 : 5F6B6E6C;
	01b5 : 5F746361;
	01b6 : 65746172;
	01b7 : 6425203A;
	01b8 : 0000000A;
	01b9 : 64697609;
	01ba : 3A70755F;
	01bb : 0A642520;
	01bc : 00000000;
	01bd : 69617254;
	01be : 676E696E;
	01bf : 73617020;
	01c0 : 00000A73;
	01c1 : 69617254;
	01c2 : 676E696E;
	01c3 : 69616620;
	01c4 : 0A64656C;
	01c5 : 00000000;
	01c6 : 6B6E694C;
	01c7 : 20707520;
	01c8 : 616C207C;
	01c9 : 3A73656E;
	01ca : 20642520;
	01cb : 6172207C;
	01cc : 203A6574;
	01cd : 00000000;
	01ce : 32362E31;
	01cf : 70624720;
	01d0 : 00000A73;
	01d1 : 20372E32;
	01d2 : 73706247;
	01d3 : 0000000A;
	01d4 : 20342E35;
	01d5 : 73706247;
	01d6 : 0000000A;
	01d7 : 20312E38;
	01d8 : 73706247;
	01d9 : 0000000A;
	01da : 6B6E694C;
	01db : 776F6420;
	01dc : 207C206E;
	01dd : 00000000;
	01de : 20594850;
	01df : 6F727265;
	01e0 : 00000A72;
	01e1 : 6B6E694C;
	01e2 : 206F6E20;
	01e3 : 636F6C63;
	01e4 : 00000A6B;
	01e5 : 20524443;
	01e6 : 73736F6C;
	01e7 : 20666F20;
	01e8 : 6B636F6C;
	01e9 : 0000000A;
	01ea : 61726353;
	01eb : 656C626D;
	01ec : 6F6C2072;
	01ed : 6F207373;
	01ee : 6F6C2066;
	01ef : 000A6B63;
	01f0 : 69617254;
	01f1 : 676E696E;
	01f2 : 72726520;
	01f3 : 000A726F;
	01f4 : 65646956;
	01f5 : 7265206F;
	01f6 : 0A726F72;
	01f7 : 00000000;
	01f8 : 0A647068;
	01f9 : 00000000;
	01fa : 656C6449;
	01fb : 0000000A;
	01fc : 656D6954;
	01fd : 74756F20;
	01fe : 76652820;
	01ff : 65206C61;
	0200 : 72697078;
	0201 : 0A296465;
	0202 : 00000000;
	0203 : 65646956;
	0204 : 7473206F;
	0205 : 6D616572;
	0206 : 20642520;
	0207 : 00000000;
	0208 : 000A7075;
	0209 : 6E776F64;
	020a : 00207C20;
	020b : 63206F4E;
	020c : 6B636F6C;
	020d : 0000000A;
	020e : 65646976;
	020f : 6577206F;
	0210 : 6420746E;
	0211 : 0A6E776F;
	0212 : 00000000;
	0213 : 656C6469;
	0214 : 0000000A;
	0215 : 58525044;
	0216 : 534D203A;
	0217 : 00000A41;
	0218 : 69764D09;
	0219 : 203A2064;
	021a : 00006425;
	021b : 4E207C20;
	021c : 20646976;
	021d : 6425203A;
	021e : 0000000A;
	021f : 6F744809;
	0220 : 206C6174;
	0221 : 6425203A;
	0222 : 00000000;
	0223 : 48207C20;
	0224 : 72617473;
	0225 : 203A2074;
	0226 : 00006425;
	0227 : 48207C20;
	0228 : 74646977;
	0229 : 3A202068;
	022a : 00642520;
	022b : 48207C20;
	022c : 3A207773;
	022d : 0A642520;
	022e : 00000000;
	022f : 6F745609;
	0230 : 206C6174;
	0231 : 6425203A;
	0232 : 00000000;
	0233 : 56207C20;
	0234 : 72617473;
	0235 : 203A2074;
	0236 : 00006425;
	0237 : 56207C20;
	0238 : 67696568;
	0239 : 3A207468;
	023a : 00642520;
	023b : 56207C20;
	023c : 3A207773;
	023d : 0A642520;
	023e : 00000000;
	023f : 43504209;
	0240 : 25203A20;
	0241 : 00000A64;
	0242 : 58525044;
	0243 : 5044203A;
	0244 : 7C204443;
	0245 : 00000020;
	0246 : 74697257;
	0247 : 00000065;
	0248 : 64616552;
	0249 : 00000020;
	024a : 6E6B6E75;
	024b : 006E776F;
	024c : 41207C20;
	024d : 65726464;
	024e : 203A7373;
	024f : 00007825;
	0250 : 4C207C20;
	0251 : 74676E65;
	0252 : 25203A68;
	0253 : 00000064;
	0254 : 44207C20;
	0255 : 3A617461;
	0256 : 00000020;
	0257 : 00207825;
	0258 : 75626564;
	0259 : 25203A67;
	025a : 00000A78;
	025b : 6D6F430A;
	025c : 646E616D;
	025d : 00000A73;
	025e : 2D2D2D2D;
	025f : 2D2D2D2D;
	0260 : 0000000A;
	0261 : 445F5F0A;
	0262 : 5F585450;
	0263 : 00000A5F;
	0264 : 202D2071;
	0265 : 676E6950;
	0266 : 0000000A;
	0267 : 202D2065;
	0268 : 74617453;
	0269 : 000A7375;
	026a : 202D2072;
	026b : 64616552;
	026c : 49444520;
	026d : 00000A44;
	026e : 202D2075;
	026f : 64616552;
	0270 : 43504420;
	0271 : 00000A44;
	0272 : 202D2069;
	0273 : 74697257;
	0274 : 50442065;
	0275 : 000A4443;
	0276 : 445F5F0A;
	0277 : 5F585250;
	0278 : 00000A5F;
	0279 : 202D2061;
	027a : 676E6950;
	027b : 0000000A;
	027c : 202D2064;
	027d : 74617453;
	027e : 000A7375;
	027f : 202D2066;
	0280 : 0A445048;
	0281 : 00000000;
	0282 : 565F5F0A;
	0283 : 5F5F4254;
	0284 : 0000000A;
	0285 : 202D206C;
	0286 : 74617453;
	0287 : 000A7375;
	0288 : 4F5F5F0A;
	0289 : 61726570;
	028a : 6E6F6974;
	028b : 000A5F5F;
	028c : 202D207A;
	028d : 6F6C6F43;
	028e : 72616272;
	028f : 0000000A;
	0290 : 202D2078;
	0291 : 73736150;
	0292 : 7268542D;
	0293 : 6867756F;
	0294 : 0000000A;
	0295 : 202D2063;
	0296 : 20746553;
	0297 : 65205852;
	0298 : 0A646964;
	0299 : 00000000;
	029a : 46494609;
	029b : 00000A4F;
	029c : 6F6C0909;
	029d : 203A6B63;
	029e : 000A6425;
	029f : 616D0909;
	02a0 : 6F772078;
	02a1 : 3A736472;
	02a2 : 0A642520;
	02a3 : 00000000;
	02a4 : 696D0909;
	02a5 : 6F77206E;
	02a6 : 3A736472;
	02a7 : 0A642520;
	02a8 : 00000000;
	02a9 : 6F6C4309;
	02aa : 72206B63;
	02ab : 766F6365;
	02ac : 0A797265;
	02ad : 00000000;
	02ae : 72650909;
	02af : 3A726F72;
	02b0 : 00000020;
	02b1 : 0000002D;
	02b2 : 616D0909;
	02b3 : 72652078;
	02b4 : 3A726F72;
	02b5 : 00000020;
	02b6 : 696D0909;
	02b7 : 7265206E;
	02b8 : 3A726F72;
	02b9 : 00000020;
	02ba : 75730909;
	02bb : 00203A6D;
	02bc : 6F630909;
	02bd : 0000203A;
	02be : 65724609;
	02bf : 6E657571;
	02c0 : 000A7963;
	02c1 : 58540909;
	02c2 : 6E696C20;
	02c3 : 6C63206B;
	02c4 : 206B636F;
	02c5 : 71657266;
	02c6 : 636E6575;
	02c7 : 25203A79;
	02c8 : 00000A64;
	02c9 : 58520909;
	02ca : 6E696C20;
	02cb : 6C63206B;
	02cc : 206B636F;
	02cd : 71657266;
	02ce : 636E6575;
	02cf : 25203A79;
	02d0 : 00000A64;
	02d1 : 69760909;
	02d2 : 206F6564;
	02d3 : 636F6C63;
	02d4 : 7266206B;
	02d5 : 65757165;
	02d6 : 3A79636E;
	02d7 : 0A642520;
	02d8 : 00000000;
	02d9 : 6174530A;
	02da : 63207472;
	02db : 726F6C6F;
	02dc : 0A726162;
	02dd : 00000000;
	02de : 44206F4E;
	02df : 69732050;
	02e0 : 64206B6E;
	02e1 : 63697665;
	02e2 : 73692065;
	02e3 : 6E6F6320;
	02e4 : 7463656E;
	02e5 : 000A6465;
	02e6 : 20746553;
	02e7 : 65646976;
	02e8 : 6C63206F;
	02e9 : 206B636F;
	02ea : 71657266;
	02eb : 636E6575;
	02ec : 25203A79;
	02ed : 486B2064;
	02ee : 00000A7A;
	02ef : 3A425456;
	02f0 : 61745320;
	02f1 : 74207472;
	02f2 : 20747365;
	02f3 : 74746170;
	02f4 : 0A6E7265;
	02f5 : 00000000;
	02f6 : 58545044;
	02f7 : 6553203A;
	02f8 : 534D2074;
	02f9 : 74732041;
	02fa : 6D616572;
	02fb : 0A642520;
	02fc : 00000000;
	02fd : 58545044;
	02fe : 7453203A;
	02ff : 20747261;
	0300 : 65646976;
	0301 : 7473206F;
	0302 : 6D616572;
	0303 : 2E642520;
	0304 : 00202E2E;
	0305 : 656C6553;
	0306 : 76207463;
	0307 : 6F656469;
	0308 : 73657220;
	0309 : 74756C6F;
	030a : 3A6E6F69;
	030b : 0000000A;
	030c : 2D203120;
	030d : 38323120;
	030e : 20782030;
	030f : 70303237;
	0310 : 000A3035;
	0311 : 2D203220;
	0312 : 38323120;
	0313 : 20782030;
	0314 : 70303237;
	0315 : 000A3036;
	0316 : 2D203320;
	0317 : 32393120;
	0318 : 20782030;
	0319 : 30383031;
	031a : 0A303570;
	031b : 00000000;
	031c : 2D203420;
	031d : 32393120;
	031e : 20782030;
	031f : 30383031;
	0320 : 0A303670;
	0321 : 00000000;
	0322 : 2D203520;
	0323 : 36353220;
	0324 : 20782030;
	0325 : 30343431;
	0326 : 0A303570;
	0327 : 00000000;
	0328 : 2D203620;
	0329 : 36353220;
	032a : 20782030;
	032b : 30343431;
	032c : 0A303670;
	032d : 00000000;
	032e : 2D203720;
	032f : 34383320;
	0330 : 20782030;
	0331 : 30363132;
	0332 : 0A303570;
	0333 : 00000000;
	0334 : 2D203820;
	0335 : 34383320;
	0336 : 20782030;
	0337 : 30363132;
	0338 : 0A303670;
	0339 : 00000000;
	033a : 2D203920;
	033b : 32313520;
	033c : 20782030;
	033d : 30383832;
	033e : 0A303670;
	033f : 00000000;
	0340 : 2D206120;
	0341 : 38363720;
	0342 : 20782030;
	0343 : 30323334;
	0344 : 0A303370;
	0345 : 00000000;
	0346 : 656C6553;
	0347 : 63207463;
	0348 : 726F6C6F;
	0349 : 70656420;
	034a : 0A3A6874;
	034b : 00000000;
	034c : 2D203120;
	034d : 62203820;
	034e : 000A6370;
	034f : 2D203220;
	0350 : 20303120;
	0351 : 0A637062;
	0352 : 00000000;
	0353 : 58545044;
	0354 : 6F43203A;
	0355 : 20726F6C;
	0356 : 74706564;
	0357 : 25203A68;
	0358 : 00000A64;
	0359 : 58545044;
	035a : 6553203A;
	035b : 534D2074;
	035c : 00000A41;
	035d : 58545044;
	035e : 7453203A;
	035f : 20747261;
	0360 : 65646976;
	0361 : 2E2E2E6F;
	0362 : 00000000;
	0363 : 44206F4E;
	0364 : 69732050;
	0365 : 64206B6E;
	0366 : 63697665;
	0367 : 73692065;
	0368 : 6E6F6320;
	0369 : 7463656E;
	036a : 0A2E6465;
	036b : 00000000;
	036c : 58545044;
	036d : 6E696C20;
	036e : 7369206B;
	036f : 746F6E20;
	0370 : 2E707520;
	0371 : 0000000A;
	0372 : 58525044;
	0373 : 6E696C20;
	0374 : 7369206B;
	0375 : 746F6E20;
	0376 : 2E707520;
	0377 : 0000000A;
	0378 : 73736150;
	0379 : 7268742D;
	037a : 6867756F;
	037b : 746F6E20;
	037c : 70757320;
	037d : 74726F70;
	037e : 69206465;
	037f : 534D206E;
	0380 : 000A2E54;
	0381 : 6174530A;
	0382 : 70207472;
	0383 : 2D737361;
	0384 : 6F726874;
	0385 : 0A686775;
	0386 : 00000000;
	0387 : 3A425456;
	0388 : 64697620;
	0389 : 70206F65;
	038a : 65736572;
	038b : 6F6E2074;
	038c : 75732074;
	038d : 726F7070;
	038e : 0A646574;
	038f : 00000000;
	0390 : 3A433249;
	0391 : 616E6520;
	0392 : 20656C62;
	0393 : 65726964;
	0394 : 61207463;
	0395 : 73656363;
	0396 : 6F6D2073;
	0397 : 000A6564;
	0398 : 3A425456;
	0399 : 61747320;
	039a : 63207472;
	039b : 6B636F6C;
	039c : 63657220;
	039d : 7265766F;
	039e : 00000A79;
	039f : 58545044;
	03a0 : 7453203A;
	03a1 : 7620706F;
	03a2 : 6F656469;
	03a3 : 202E2E2E;
	03a4 : 00000000;
	03a5 : 58545044;
	03a6 : 7453203A;
	03a7 : 20747261;
	03a8 : 65646976;
	03a9 : 2E2E2E6F;
	03aa : 00000020;
	03ab : 656C6553;
	03ac : 52207463;
	03ad : 44452058;
	03ae : 76204449;
	03af : 6F656469;
	03b0 : 73657220;
	03b1 : 74756C6F;
	03b2 : 3A6E6F69;
	03b3 : 0000000A;
	03b4 : 2D203120;
	03b5 : 38323120;
	03b6 : 20782030;
	03b7 : 70303237;
	03b8 : 35204020;
	03b9 : 0A7A4830;
	03ba : 00000000;
	03bb : 2D203220;
	03bc : 32393120;
	03bd : 20782030;
	03be : 30383031;
	03bf : 20402070;
	03c0 : 7A483035;
	03c1 : 0000000A;
	03c2 : 2D203320;
	03c3 : 36353220;
	03c4 : 20782030;
	03c5 : 30343431;
	03c6 : 20402070;
	03c7 : 7A483035;
	03c8 : 0000000A;
	03c9 : 2D203420;
	03ca : 34383320;
	03cb : 20782030;
	03cc : 30363132;
	03cd : 20402070;
	03ce : 7A483035;
	03cf : 0000000A;
	03d0 : 2D203020;
	03d1 : 6C6C4120;
	03d2 : 0000000A;
	03d3 : 58525044;
	03d4 : 7257203A;
	03d5 : 20657469;
	03d6 : 44494445;
	03d7 : 002E2E2E;
	03d8 : 67676F54;
	03d9 : 4820656C;
	03da : 000A4450;
	03db : 5450440A;
	03dc : 44203A58;
	03dd : 20444350;
	03de : 6552207C;
	03df : 00006461;
	03e0 : 4341090A;
	03e1 : 207C204B;
	03e2 : 61746144;
	03e3 : 0000003A;
	03e4 : 20782520;
	03e5 : 00000000;
	03e6 : 414E090A;
	03e7 : 000A4B43;
	03e8 : 5450440A;
	03e9 : 44203A58;
	03ea : 20444350;
	03eb : 7257207C;
	03ec : 00657469;
	03ed : 4341090A;
	03ee : 00000A4B;
	03ef : 00000A0A;
	03f0 : 20202020;
	03f1 : 20205F5F;
	03f2 : 20202020;
	03f3 : 5F5F2020;
	03f4 : 5F202020;
	03f5 : 2020205F;
	03f6 : 205F5F5F;
	03f7 : 205F5F5F;
	03f8 : 205F5F5F;
	03f9 : 205F5F20;
	03fa : 00000A20;
	03fb : 7C202020;
	03fc : 20295F5F;
	03fd : 205C2F20;
	03fe : 5F5F7C20;
	03ff : 5F7C2029;
	0400 : 7C20295F;
	0401 : 20205F5F;
	0402 : 20207C20;
	0403 : 20207C20;
	0404 : 5C20202F;
	0405 : 00000A20;
	0406 : 7C202020;
	0407 : 20202020;
	0408 : 5C7E7E2F;
	0409 : 20207C20;
	040a : 207C205C;
	040b : 7C205C20;
	040c : 205F5F5F;
	040d : 20207C20;
	040e : 20207C20;
	040f : 2F5F5F5C;
	0410 : 00000A20;
	0411 : 70736944;
	0412 : 5079616C;
	0413 : 2074726F;
	0414 : 65666572;
	0415 : 636E6572;
	0416 : 65642065;
	0417 : 6E676973;
	0418 : 2E317620;
	0419 : 00000A30;
	041a : 20296328;
	041b : 31323032;
	041c : 32202D20;
	041d : 20353230;
	041e : 50207962;
	041f : 65727261;
	0420 : 206F7474;
	0421 : 2E562E42;
	0422 : 0000000A;
	0423 : 2E777777;
	0424 : 72726170;
	0425 : 6F747465;
	0426 : 6D6F632E;
	0427 : 0000000A;
	0428 : 20727041;
	0429 : 32203520;
	042a : 00353230;
	042b : 65746144;
	042c : 2527203A;
	042d : 000A2773;
	042e : 333A3132;
	042f : 35353A30;
	0430 : 00000000;
	0431 : 656D6954;
	0432 : 2527203A;
	0433 : 000A2773;
	0434 : 72616F42;
	0435 : 49203A64;
	0436 : 6C65746E;
	0437 : 2D4B4420;
	0438 : 2D564544;
	0439 : 58433031;
	043a : 0A303232;
	043b : 00000000;
	043c : 65786950;
	043d : 7020736C;
	043e : 63207265;
	043f : 6B636F6C;
	0440 : 6425203A;
	0441 : 0000000A;
	0442 : 73746942;
	0443 : 72657020;
	0444 : 6D6F6320;
	0445 : 656E6F70;
	0446 : 203A746E;
	0447 : 000A6425;
	0448 : 746E6554;
	0449 : 20617669;
	044a : 666E6F63;
	044b : 2E2E6769;
	044c : 0000202E;
	044d : 74696E49;
	044e : 696C6169;
	044f : 4420657A;
	0450 : 20585450;
	0451 : 2E4D4F52;
	0452 : 00002E2E;
	0453 : 656E6F64;
	0454 : 0000000A;
	0455 : 74696E49;
	0456 : 696C6169;
	0457 : 4420657A;
	0458 : 20585450;
	0459 : 2E4D4152;
	045a : 00002E2E;
	045b : 74696E49;
	045c : 696C6169;
	045d : 4420657A;
	045e : 20585250;
	045f : 2E4D4F52;
	0460 : 00002E2E;
	0461 : 74696E49;
	0462 : 696C6169;
	0463 : 4420657A;
	0464 : 20585250;
	0465 : 2E4D4152;
	0466 : 00002E2E;
	0467 : 5450440A;
	0468 : 50203A58;
	0469 : 2E676E69;
	046a : 00002E2E;
	046b : 58545044;
	046c : 6F43203A;
	046d : 6769666E;
	046e : 002E2E2E;
	046f : 5250440A;
	0470 : 50203A58;
	0471 : 2E676E69;
	0472 : 00002E2E;
	0473 : 58525044;
	0474 : 6F43203A;
	0475 : 6769666E;
	0476 : 002E2E2E;
	0477 : 58525044;
	0478 : 5048203A;
	0479 : 2E2E2E44;
	047a : 00000000;
	047b : 58545044;
	047c : 6950203A;
	047d : 2E2E676E;
	047e : 0000002E;
	047f : 58545044;
	0480 : 7453203A;
	0481 : 73757461;
	0482 : 0000000A;
	0483 : 58545044;
	0484 : 7254203A;
	0485 : 696E6961;
	0486 : 000A676E;
	0487 : 656C6553;
	0488 : 6D207463;
	0489 : 6D697861;
	048a : 6C206D75;
	048b : 20656E69;
	048c : 65746172;
	048d : 00000A3A;
	048e : 2D203120;
	048f : 362E3120;
	0490 : 62472032;
	0491 : 000A7370;
	0492 : 2D203220;
	0493 : 372E3220;
	0494 : 70624720;
	0495 : 00000A73;
	0496 : 2D203320;
	0497 : 342E3520;
	0498 : 70624720;
	0499 : 00000A73;
	049a : 5450440A;
	049b : 4D203A58;
	049c : 73205453;
	049d : 0A706F74;
	049e : 00000000;
	049f : 5450440A;
	04a0 : 4D203A58;
	04a1 : 73205453;
	04a2 : 74726174;
	04a3 : 0000000A;
	04a4 : 58545044;
	04a5 : 534D203A;
	04a6 : 6B6F2054;
	04a7 : 0000000A;
	04a8 : 58545044;
	04a9 : 534D203A;
	04aa : 6F6C2054;
	04ab : 20636967;
	04ac : 20746F6E;
	04ad : 62616E65;
	04ae : 0A64656C;
	04af : 00000000;
	04b0 : 58545044;
	04b1 : 534D203A;
	04b2 : 6F6E2054;
	04b3 : 75732074;
	04b4 : 726F7070;
	04b5 : 20646574;
	04b6 : 73207962;
	04b7 : 0A6B6E69;
	04b8 : 00000000;
	04b9 : 58545044;
	04ba : 534D203A;
	04bb : 72652054;
	04bc : 0A726F72;
	04bd : 00000000;
	04be : 58545044;
	04bf : 5541203A;
	04c0 : 58542058;
	04c1 : 73657420;
	04c2 : 2E2E2E74;
	04c3 : 0000000A;
	04c4 : 656C6553;
	04c5 : 41207463;
	04c6 : 54205855;
	04c7 : 65742058;
	04c8 : 70207473;
	04c9 : 65747461;
	04ca : 000A6E72;
	04cb : 2D203020;
	04cc : 66666F20;
	04cd : 0000000A;
	04ce : 2D203120;
	04cf : 0A6E6F20;
	04d0 : 00000000;
	04d1 : 58545044;
	04d2 : 6B6F203A;
	04d3 : 0000000A;
	04d4 : 58545044;
	04d5 : 7265203A;
	04d6 : 0A726F72;
	04d7 : 00000000;
	04d8 : 58525044;
	04d9 : 6950203A;
	04da : 2E2E676E;
	04db : 0000002E;
	04dc : 58525044;
	04dd : 7453203A;
	04de : 73757461;
	04df : 0000000A;
	04e0 : 58525044;
	04e1 : 5048203A;
	04e2 : 00000A44;
	04e3 : 2D203120;
	04e4 : 706E7520;
	04e5 : 0A67756C;
	04e6 : 00000000;
	04e7 : 2D203220;
	04e8 : 756C7020;
	04e9 : 00000A67;
	04ea : 2D203320;
	04eb : 6C757020;
	04ec : 000A6573;
	04ed : 58525044;
	04ee : 6B6F203A;
	04ef : 0000000A;
	04f0 : 58525044;
	04f1 : 7265203A;
	04f2 : 0A726F72;
	04f3 : 00000000;
	04f4 : 3A425456;
	04f5 : 61745320;
	04f6 : 0A737574;
	04f7 : 00000000;
	04f8 : 6C6F430A;
	04f9 : 6162726F;
	04fa : 00000A72;
	04fb : 7361500A;
	04fc : 68542D73;
	04fd : 67756F72;
	04fe : 00000A68;
	04ff : 746E6554;
	0500 : 20617669;
	0501 : 74697277;
	0502 : 44492065;
	0503 : 00000A3A;
	0504 : 2D203120;
	0505 : 434D4620;
	0506 : 76655220;
	0507 : 0A43202E;
	0508 : 00000000;
	0509 : 2D203220;
	050a : 434D4620;
	050b : 76655220;
	050c : 0A44202E;
	050d : 00000000;
	050e : 2D203320;
	050f : 31504420;
	0510 : 0A585234;
	0511 : 00000000;
	0512 : 2D203420;
	0513 : 31504420;
	0514 : 0A585434;
	0515 : 00000000;
	0516 : 2D203520;
	0517 : 50444520;
	0518 : 000A5854;
	0519 : 2D203620;
	051a : 32504420;
	051b : 0A585231;
	051c : 00000000;
	051d : 2D203720;
	051e : 32504420;
	051f : 0A585431;
	0520 : 00000000;
	0521 : 746E6554;
	0522 : 20617669;
	0523 : 74697277;
	0524 : 44492065;
	0525 : 0A203A73;
	0526 : 00000000;
	0527 : 6E6B6E55;
	0528 : 206E776F;
	0529 : 6D6D6F63;
	052a : 0A646E61;
	052b : 00000000;
	052c : 34333231;
	052d : 38373635;
	052e : 00000000;
	052f : 00006638;
	0530 : 00006560;
	0531 : 00006578;
	0532 : 00006590;
	0533 : 000065A8;
	0534 : 000065C0;
	0535 : 000065F0;
	0536 : 000065D8;
	0537 : 00006608;
	0538 : 00006620;
	0539 : 0000754C;
	053a : 0000753C;
	053b : 00007544;
	053c : 00007504;
	053d : 00007498;
	053e : 000074A0;
	053f : 000074F4;
	0540 : 000074FC;
	0541 : 00007504;
	0542 : 00007504;
	0543 : 00007504;
	0544 : 00007504;
	0545 : 00007504;
	0546 : 00007504;
	0547 : 00007504;
	0548 : 00007504;
	0549 : 00007504;
	054a : 00007504;
	054b : 00007504;
	054c : 00007504;
	054d : 00007504;
	054e : 00007504;
	054f : 00007504;
	0550 : 00007504;
	0551 : 00007504;
	0552 : 00007504;
	0553 : 00007504;
	0554 : 00007504;
	0555 : 00007504;
	0556 : 00007504;
	0557 : 00007504;
	0558 : 00007504;
	0559 : 00007504;
	055a : 00007504;
	055b : 00007504;
	055c : 00007504;
	055d : 00007504;
	055e : 00007504;
	055f : 00007504;
	0560 : 00007504;
	0561 : 00007504;
	0562 : 00007504;
	0563 : 00007504;
	0564 : 00007504;
	0565 : 00007504;
	0566 : 00007504;
	0567 : 00007504;
	0568 : 00007504;
	0569 : 00007514;
	056a : 00008600;
	056b : 00008704;
	056c : 00008704;
	056d : 00008704;
	056e : 00008704;
	056f : 00008704;
	0570 : 00008704;
	0571 : 00008704;
	0572 : 00008704;
	0573 : 00008704;
	0574 : 00008704;
	0575 : 00008704;
	0576 : 000086CC;
	0577 : 00008704;
	0578 : 00008704;
	0579 : 00008704;
	057a : 00008704;
	057b : 00008704;
	057c : 00008704;
	057d : 00008704;
	057e : 00008704;
	057f : 00008704;
	0580 : 00008704;
	0581 : 00008704;
	0582 : 00008704;
	0583 : 00008704;
	0584 : 00008704;
	0585 : 00008704;
	0586 : 00008704;
	0587 : 00008704;
	0588 : 00008704;
	0589 : 00008704;
	058a : 00008704;
	058b : 00008704;
	058c : 00008704;
	058d : 00008704;
	058e : 00008704;
	058f : 00008704;
	0590 : 00008704;
	0591 : 00008704;
	0592 : 00008704;
	0593 : 00008704;
	0594 : 00008704;
	0595 : 00008704;
	0596 : 00008704;
	0597 : 00008704;
	0598 : 00008704;
	0599 : 00008704;
	059a : 00008704;
	059b : 00008704;
	059c : 00008704;
	059d : 000084E4;
	059e : 00008704;
	059f : 000085F4;
	05a0 : 0000851C;
	05a1 : 0000831C;
	05a2 : 00008534;
	05a3 : 00008704;
	05a4 : 00008704;
	05a5 : 000084DC;
	05a6 : 00008704;
	05a7 : 00008704;
	05a8 : 000085B4;
	05a9 : 00008704;
	05aa : 00008704;
	05ab : 00008704;
	05ac : 00008704;
	05ad : 000082E4;
	05ae : 00008334;
	05af : 00008704;
	05b0 : 000083B4;
	05b1 : 000084D4;
	05b2 : 00008704;
	05b3 : 00008704;
	05b4 : 000085E0;
	05b5 : 0000846C;
	05b6 : 000085C8;
	05b7 : 0000868C;
	05b8 : 000086BC;
	05b9 : 000086B4;
	05ba : 000086AC;
	05bb : 000086A4;
	05bc : 0000869C;
	05bd : 000086C4;
	05be : 3A594850;
	05bf : 63655220;
	05c0 : 69666E6F;
	05c1 : 65722067;
	05c2 : 74206461;
	05c3 : 6F656D69;
	05c4 : 000A7475;
	05c5 : 3A594850;
	05c6 : 59485020;
	05c7 : 4C4C5020;
	05c8 : 636F6C20;
	05c9 : 6974206B;
	05ca : 756F656D;
	05cb : 00000A74;
	05cc : 3A594850;
	05cd : 20585420;
	05ce : 41434552;
	05cf : 6974204C;
	05d0 : 756F656D;
	05d1 : 00000A74;
	05d2 : 3A594850;
	05d3 : 20585220;
	05d4 : 41434552;
	05d5 : 6974204C;
	05d6 : 756F656D;
	05d7 : 00000A74;
	05d8 : 3A594850;
	05d9 : 20585220;
	05da : 20524443;
	05db : 6B636F6C;
	05dc : 6D697420;
	05dd : 74756F65;
	05de : 0000000A;
	05df : 3B9ACA00;
	05e0 : 05F5E100;
	05e1 : 00989680;
	05e2 : 000F4240;
	05e3 : 000186A0;
	05e4 : 00002710;
	05e5 : 000003E8;
	05e6 : 00000064;
	05e7 : 0000000A;
	05e8 : 00000001;
	05e9 : 3B9ACA00;
	05ea : 05F5E100;
	05eb : 00989680;
	05ec : 000F4240;
	05ed : 000186A0;
	05ee : 00002710;
	05ef : 000003E8;
	05f0 : 00000064;
	05f1 : 0000000A;
	05f2 : 00000001;
	05f3 : FFFFFF00;
	05f4 : 00FFFFFF;
	05f5 : 4D475442;
	05f6 : 12345678;
	05f7 : 04011808;
	05f8 : 781E35A5;
	05f9 : AEF51D3A;
	05fa : 25B3354F;
	05fb : 0054500D;
	05fc : C0D10000;
	05fd : 01010101;
	05fe : 01010101;
	05ff : 01010101;
	0600 : E8080101;
	0601 : 70F23000;
	0602 : 58B0805A;
	0603 : 0000008A;
	0604 : 1E000000;
	0605 : 78007404;
	0606 : 503CA0A5;
	0607 : 488A50B8;
	0608 : 00000000;
	0609 : 1D011E00;
	060a : D052BC00;
	060b : 28B8201E;
	060c : 00004055;
	060d : 1E000000;
	060e : FC000000;
	060f : 72615000;
	0610 : 74746572;
	0611 : 5044206F;
	0612 : CF01200A;
	0613 : 410C0302;
	0614 : 04040923;
	0615 : 00000183;
	0616 : 18803A02;
	0617 : 402D3871;
	0618 : 00452C58;
	0619 : 00215458;
	061a : 00001E00;
	061b : 00000000;
	061c : 00000000;
	061d : 00000000;
	061e : 00000000;
	061f : 00000000;
	0620 : 00000000;
	0621 : 00000000;
	0622 : 00000000;
	0623 : 00000000;
	0624 : 00000000;
	0625 : 00000000;
	0626 : 00000000;
	0627 : 00000000;
	0628 : 00000000;
	0629 : 00000000;
	062a : 00000000;
	062b : 00000000;
	062c : 00000000;
	062d : 00000000;
	062e : 00000000;
	062f : 00000000;
	0630 : 00000000;
	0631 : 00000000;
	0632 : 58000000;
	0633 : 00000000;
	0634 : 00000000;
	0635 : 00000000;
	0636 : 00000000;
	0637 : 00000000;
	0638 : 00000000;
	0639 : 00000000;
	063a : 00000000;
	063b : 00000000;
	063c : 00000000;
	063d : 00000000;
	063e : 00000000;
	063f : 00000000;
	0640 : 00000000;
	0641 : 00000000;
	0642 : 00000000;
	0643 : 00000000;
	0644 : 00000000;
	0645 : 00000000;
	0646 : 00000000;
	0647 : 00000000;
	0648 : 00000000;
	0649 : 00000000;
	064a : 00000000;
	064b : 00000000;
	064c : 00000000;
	064d : 00000000;
	064e : 00000000;
	064f : 00000000;
	0650 : 00000000;
	0651 : 00000000;
	0652 : 00000000;
	0653 : 00000000;
	0654 : 00000000;
	0655 : 00000000;
	0656 : 00000000;
	0657 : 00000000;
	0658 : 00000000;
	0659 : 00000000;
	065a : 00000000;
	065b : 00000000;
	065c : 00000000;
	065d : 00000000;
	065e : 00000000;
	065f : 00000000;
	0660 : 00000000;
	0661 : 00000000;
	0662 : 00000000;
	0663 : 00000000;
	0664 : 00000000;
	0665 : 00000000;
	0666 : 00000000;
	0667 : 00000000;
	0668 : 00000000;
	0669 : 00000000;
	066a : 00000000;
	066b : 00000000;
	066c : 00000000;
	066d : 00000000;
	066e : 00000000;
	066f : 00000000;
	0670 : 00000000;
	0671 : 00000000;
	0672 : 00000000;
	0673 : 00000000;
	0674 : 00000000;
	0675 : 00000000;
	0676 : 00000000;
	0677 : 00000000;
	0678 : 00000000;
	0679 : 00000000;
	067a : 00000000;
	067b : 00000000;
	067c : 00000000;
	067d : 00000000;
	067e : 00000000;
	067f : 00000000;
	0680 : 00000000;
	0681 : 00000000;
	0682 : 00001B14;
	0683 : 00001A40;
	0684 : 00001A78;
	0685 : 00001AF8;
	0686 : 000019F4;
	0687 : 0000188C;
	0688 : 0000188C;
	0689 : 0000188C;
	068a : 0000188C;
	068b : 0000188C;
	068c : 0000188C;
	068d : 0000188C;
	068e : 0000188C;
	068f : 0000188C;
	0690 : 0000188C;
	0691 : 0000188C;
	0692 : 00001B10;
	0693 : 00000000;
	0694 : 00000000;
	0695 : 00000000;
	0696 : 00000000;
	0697 : 00000000;
	0698 : 00000000;
	0699 : 00000000;
	069a : 00000000;
	069b : 00000000;
	069c : 00000000;
	069d : 00000000;
	069e : 00000000;
	069f : 00000000;
	06a0 : 00000000;
	06a1 : 00000000;
	06a2 : 00000000;
	06a3 : 00000000;
	06a4 : 00000000;
	06a5 : 00000000;
	06a6 : 00000000;
	06a7 : 00000000;
	06a8 : 00000000;
	06a9 : 00000000;
	06aa : 00000000;
	06ab : 00000000;
	06ac : 00000000;
	06ad : 00000000;
	06ae : 00000000;
	06af : 00000000;
	06b0 : 00000000;
	06b1 : 00000000;
	06b2 : 00000000;
	06b3 : 00000000;
	06b4 : 00000000;
	06b5 : 00000000;
	06b6 : 00000000;
	06b7 : 00000000;
	06b8 : 00000000;
	06b9 : 00000000;
	06ba : 00000000;
	06bb : 00000000;
	06bc : 00000000;
	06bd : 00000000;
	06be : 00000000;
	06bf : 00000000;
	06c0 : 00000000;
	06c1 : 00000000;
	06c2 : 00000000;
	06c3 : 00000000;
	06c4 : 00000000;
	06c5 : 00000000;
	06c6 : 00000000;
	06c7 : 00000000;
	06c8 : 00000000;
	06c9 : 00000000;
	06ca : 00000000;
	06cb : 00000000;
	06cc : 00000000;
	06cd : 00000000;
	06ce : 00000000;
	06cf : 00000000;
	06d0 : 00000000;
	06d1 : 00000000;
	06d2 : 00000000;
	06d3 : 00000000;
	06d4 : 00000000;
	06d5 : 00000000;
	06d6 : 00000000;
	06d7 : 00000000;
	06d8 : 00000000;
	06d9 : 00000000;
	06da : 00000000;
	06db : 00000000;
	06dc : 00000000;
	06dd : 00000000;
	06de : 00000000;
	06df : 00000000;
	06e0 : 00000000;
	06e1 : 00000000;
	06e2 : 00000000;
	06e3 : 00000000;
	06e4 : 00000000;
	06e5 : 00000000;
	06e6 : 00000000;
	06e7 : 00000000;
	06e8 : 00000000;
	06e9 : 00000000;
	06ea : 00000000;
	06eb : 00000000;
	06ec : 00000000;
	06ed : 00000000;
	06ee : 00000000;
	06ef : 00000000;
	06f0 : 00000000;
	06f1 : 00000000;
	06f2 : 00000000;
	06f3 : 00000000;
	06f4 : 00000000;
	06f5 : 00000000;
	06f6 : 00000000;
	06f7 : 00000000;
	06f8 : 00000000;
	06f9 : 00000000;
	06fa : 00000000;
	06fb : 00000000;
	06fc : 00000000;
	06fd : 00000000;
	06fe : 00000000;
	06ff : 00000000;
	0700 : 00000000;
	0701 : 00000000;
	0702 : 00000000;
	0703 : 00000000;
	0704 : 00000000;
	0705 : 00000000;
	0706 : 00000000;
	0707 : 00000000;
	0708 : 00000000;
	0709 : 00000000;
	070a : 00000000;
	070b : 00000000;
	070c : 00000000;
	070d : 00000000;
	070e : 00000000;
	070f : 00000000;
	0710 : 00000000;
	0711 : 00000000;
	0712 : 00000000;
	0713 : 00000000;
	0714 : 00000000;
	0715 : 00000000;
	0716 : 00000000;
	0717 : 00000000;
	0718 : 00000000;
	0719 : 00000000;
	071a : 00000000;
	071b : 00000000;
	071c : 00000000;
	071d : 00000000;
	071e : 00000000;
	071f : 00000000;
	0720 : 00000000;
	0721 : 00000000;
	0722 : 00000000;
	0723 : 00000000;
	0724 : 00000000;
	0725 : 00000000;
	0726 : 00000000;
	0727 : 00000000;
	0728 : 00000000;
	0729 : 00000000;
	072a : 00000000;
	072b : 00000000;
	072c : 000012F0;
	072d : 00001318;
	072e : 00001378;
	072f : 000013AC;
	0730 : 000013CC;
	0731 : 000013E8;
	0732 : 00001404;
	0733 : 00001420;
	0734 : 0000143C;
	0735 : 000012A4;
	0736 : 000012A4;
	0737 : 000012A4;
	0738 : 000012A4;
	0739 : 000012A4;
	073a : 000012A4;
	073b : 000012A4;
	073c : 000012A4;
	073d : 00001458;
	073e : 00001818;
	073f : 00001894;
	0740 : 000018A4;
	0741 : 000018B4;
	0742 : 000018C4;
	0743 : 00001888;
	0744 : 000018D4;
	0745 : 000018E4;
	0746 : 000018F4;
	0747 : 00001888;
	0748 : 00001888;
	0749 : 00001888;
	074a : 00001888;
	074b : 00001888;
	074c : 00001904;
	074d : 00001924;
	074e : 00001934;
	074f : 00001944;
	0750 : 00001954;
	0751 : 00001964;
	0752 : 00001974;
	0753 : 00001984;
	0754 : 00001994;
	0755 : 000019A4;
	0756 : 00001888;
	0757 : 00001888;
	0758 : 00001888;
	0759 : 00001888;
	075a : 00001888;
	075b : 00001888;
	075c : 00001888;
	075d : 00001888;
	075e : 000019B4;
	075f : 000019E4;
	0760 : 000019F4;
	0761 : 00001A04;
	0762 : 00001A34;
	0763 : 00001A3C;
	0764 : 00001888;
	0765 : 00001A54;
	0766 : 00001A54;
	0767 : 00002290;
	0768 : 00002260;
	0769 : 00002334;
	076a : 000024DC;
	076b : 000022E8;
	076c : 000024DC;
	076d : 000024DC;
	076e : 000024DC;
	076f : 000024DC;
	0770 : 000024DC;
	0771 : 000024DC;
	0772 : 000024DC;
	0773 : 000024DC;
	0774 : 000023BC;
	0775 : 000023A4;
	0776 : 000023CC;
	0777 : 00002CF8;
	0778 : 00002D0C;
	0779 : 00002D20;
	077a : 00002D38;
	077b : 00002D50;
	077c : 00002DC4;
	077d : 00002E3C;
	077e : 00002E70;
	077f : 00002E88;
	0780 : 00002E9C;
	0781 : 00002EB8;
	0782 : 00002F54;
	0783 : 00003624;
	0784 : 000035D4;
	0785 : 000035EC;
	0786 : 000035EC;
	0787 : 0000360C;
	0788 : 00003624;
	0789 : 000035EC;
	078a : 000035EC;
	078b : 000035EC;
	078c : 00003624;
	078d : 00003634;
	078e : 000035EC;
	078f : 000035EC;
	0790 : 00003624;
	0791 : 00003624;
	0792 : 00003624;
	0793 : 00003650;
	0794 : 00030201;
	0795 : 00040000;
	0796 : 00000000;
	0797 : 00000000;
	0798 : 00000000;
	0799 : 00000000;
	079a : 00000000;
	079b : 00000000;
	079c : 00000000;
	079d : 00000000;
	079e : 00000000;
	079f : 00000000;
	07a0 : 00000000;
	07a1 : 00000000;
	07a2 : 00000000;
	07a3 : 00000000;
	07a4 : 00000000;
	07a5 : 00000000;
	07a6 : 00000000;
	07a7 : 00000000;
	07a8 : 00000000;
	07a9 : 00000000;
	07aa : 00000000;
	07ab : 00000000;
	07ac : 00000000;
	07ad : 00000000;
	07ae : 00000000;
	07af : 00000000;
	07b0 : 00000000;
	07b1 : 00000000;
	07b2 : 00000000;
	07b3 : 00000000;
	07b4 : 00000000;
	07b5 : 00000000;
	07b6 : 00000000;
	07b7 : 00000000;
	07b8 : 00000000;
	07b9 : 00000000;
	07ba : 00000000;
	07bb : 00000000;
	07bc : 00000000;
	07bd : 00000000;
	07be : 00000000;
	07bf : 00000000;
	07c0 : 00000000;
	07c1 : 00000000;
	07c2 : 00000000;
	07c3 : 00000000;
	07c4 : 00000000;
	07c5 : 00000000;
	07c6 : 00000000;
	07c7 : 00000000;
	07c8 : 00000000;
	07c9 : 00000000;
	07ca : 00000000;
	07cb : 00000000;
	07cc : 00000000;
	07cd : 00000000;
	07ce : 00000000;
	07cf : 00000000;
	07d0 : 00000000;
	07d1 : 00000000;
	07d2 : 00000000;
	07d3 : 00000000;
	07d4 : 00000000;
	07d5 : 00000000;
	07d6 : 00000000;
	07d7 : 00000000;
	07d8 : 00000000;
	07d9 : 00000000;
	07da : 00000000;
	07db : 00000000;
	07dc : 00000000;
	07dd : 00000000;
	07de : 00000000;
	07df : 00000000;
	07e0 : 00000000;
	07e1 : 00000000;
	07e2 : 00000000;
	07e3 : 00000000;
	07e4 : 00000000;
	07e5 : 00000000;
	07e6 : 00000000;
	07e7 : 00000000;
	07e8 : 00000000;
	07e9 : 00000000;
	07ea : 00000000;
	07eb : 00000000;
	07ec : 00000000;
	07ed : 00000000;
	07ee : 00000000;
	07ef : 00000000;
	07f0 : 00000000;
	07f1 : 00000000;
	07f2 : 00000000;
	07f3 : 00000000;
	07f4 : 00000000;
	07f5 : 00000000;
	07f6 : 00000000;
	07f7 : 00000000;
	07f8 : 00000000;
	07f9 : 00000000;
	07fa : 00000000;
	07fb : 00000000;
	07fc : 00000000;
	07fd : 00000000;
	07fe : 00000000;
	07ff : 00000000;
	0800 : 00000000;
	0801 : 00000000;
	0802 : 00000000;
	0803 : 00000000;
	0804 : 00000000;
	0805 : 00000000;
	0806 : 00000000;
	0807 : 00000000;
	0808 : 00000000;
	0809 : 00000000;
	080a : 00000000;
	080b : 00000000;
	080c : 00000000;
	080d : 00000000;
	080e : 00000000;
	080f : 00000000;
	0810 : 00000000;
	0811 : 00000000;
	0812 : 00000000;
	0813 : 00000000;
	0814 : 00000000;
	0815 : 00000000;
	0816 : 00000000;
	0817 : 00000000;
	0818 : 00000000;
	0819 : 00000000;
	081a : 00000000;
	081b : 00000000;
	081c : 00000000;
	081d : 00000000;
	081e : 00000000;
	081f : 00000000;
	0820 : 00000000;
	0821 : 00000000;
	0822 : 00000000;
	0823 : 00000000;
	0824 : 00000000;
	0825 : 00000000;
	0826 : 00000000;
	0827 : 00000000;
	0828 : 00000000;
	0829 : 00000000;
	082a : 00000000;
	082b : 00000000;
	082c : 00000000;
	082d : 00000000;
	082e : 00000000;
	082f : 00000000;
	0830 : 00000000;
	0831 : 00000000;
	0832 : 00000000;
	0833 : 00000000;
	0834 : 00000000;
	0835 : 00000000;
	0836 : 00000000;
	0837 : 00000000;
	0838 : 00000000;
	0839 : 00000000;
	083a : 00000000;
	083b : 00000000;
	083c : 00000000;
	083d : 00000000;
	083e : 00000000;
	083f : 00000000;
	0840 : 00000000;
	0841 : 00000000;
	0842 : 00000000;
	0843 : 00000000;
	0844 : 00000000;
	0845 : 00000000;
	0846 : 00000000;
	0847 : 00000000;
	0848 : 00000000;
	0849 : 00000000;
	084a : 00000000;
	084b : 00000000;
	084c : 00000000;
	084d : 00000000;
	084e : 00000000;
	084f : 00000000;
	0850 : 00000000;
	0851 : 00000000;
	0852 : 00000000;
	0853 : 00000000;
	0854 : 00000000;
	0855 : 00000000;
	0856 : 00000000;
	0857 : 00000000;
	0858 : 00000000;
	0859 : 00000000;
	085a : 00000000;
	085b : 00000000;
	085c : 00000000;
	085d : 00000000;
	085e : 00000000;
	085f : 00000000;
	0860 : 00000000;
	0861 : 00000000;
	0862 : 00000000;
	0863 : 00000000;
	0864 : 00000000;
	0865 : 00000000;
	0866 : 00000000;
	0867 : 00000000;
	0868 : 00000000;
	0869 : 00000000;
	086a : 00000000;
	086b : 00000000;
	086c : 00000000;
	086d : 00000000;
	086e : 00000000;
	086f : 00000000;
	0870 : 00000000;
	0871 : 00000000;
	0872 : 00000000;
	0873 : 00000000;
	0874 : 00000000;
	0875 : 00000000;
	0876 : 00000000;
	0877 : 00000000;
	0878 : 00000000;
	0879 : 00000000;
	087a : 00000000;
	087b : 00000000;
	087c : 00000000;
	087d : 00000000;
	087e : 00000000;
	087f : 00000000;
	0880 : 00000000;
	0881 : 00000000;
	0882 : 00000000;
	0883 : 00000000;
	0884 : 00000000;
	0885 : 00000000;
	0886 : 00000000;
	0887 : 00000000;
	0888 : 00000000;
	0889 : 00000000;
	088a : 00000000;
	088b : 00000000;
	088c : 00000000;
	088d : 00000000;
	088e : 00000000;
	088f : 00000000;
	0890 : 00000000;
	0891 : 00000000;
	0892 : 00000000;
	0893 : 00000000;
	0894 : 00000000;
	0895 : 00000000;
	0896 : 00000000;
	0897 : 00000000;
	0898 : 00000000;
	0899 : 00000000;
	089a : 00000000;
	089b : 00000000;
	089c : 00000000;
	089d : 00000000;
	089e : 00000000;
	089f : 00000000;
	08a0 : 00000000;
	08a1 : 00000000;
	08a2 : 00000000;
	08a3 : 00000000;
	08a4 : 00000000;
	08a5 : 00000000;
	08a6 : 00000000;
	08a7 : 00000000;
	08a8 : 00000000;
	08a9 : 00000000;
	08aa : 00000000;
	08ab : 00000000;
	08ac : 00000000;
	08ad : 00000000;
	08ae : 00000000;
	08af : 00000000;
	08b0 : 00000000;
	08b1 : 00000000;
	08b2 : 00000000;
	08b3 : 00000000;
	08b4 : 00000000;
	08b5 : 00000000;
	08b6 : 00000000;
	08b7 : 00000000;
	08b8 : 00000000;
	08b9 : 00000000;
	08ba : 00000000;
	08bb : 00000000;
	08bc : 00000000;
	08bd : 00000000;
	08be : 00000000;
	08bf : 00000000;
	08c0 : 00000000;
	08c1 : 00000000;
	08c2 : 00000000;
	08c3 : 00000000;
	08c4 : 00000000;
	08c5 : 00000000;
	08c6 : 00000000;
	08c7 : 00000000;
	08c8 : 00000000;
	08c9 : 00000000;
	08ca : 00000000;
	08cb : 00000000;
	08cc : 00000000;
	08cd : 00000000;
	08ce : 00000000;
	08cf : 00000000;
	08d0 : 00000000;
	08d1 : 00000000;
	08d2 : 00000000;
	08d3 : 00000000;
	08d4 : 00000000;
	08d5 : 00000000;
	08d6 : 00000000;
	08d7 : 00000000;
	08d8 : 00000000;
	08d9 : 00000000;
	08da : 00000000;
	08db : 00000000;
	08dc : 00000000;
	08dd : 00000000;
	08de : 00000000;
	08df : 00000000;
	08e0 : 00000000;
	08e1 : 00000000;
	08e2 : 00000000;
	08e3 : 00000000;
	08e4 : 00000000;
	08e5 : 00000000;
	08e6 : 00000000;
	08e7 : 00000000;
	08e8 : 00000000;
	08e9 : 00000000;
	08ea : 00000000;
	08eb : 00000000;
	08ec : 00000000;
	08ed : 00000000;
	08ee : 00000000;
	08ef : 00000000;
	08f0 : 00000000;
	08f1 : 00000000;
	08f2 : 00000000;
	08f3 : 00000000;
	08f4 : 00000000;
	08f5 : 00000000;
	08f6 : 00000000;
	08f7 : 00000000;
	08f8 : 00000033;
	08f9 : 00000001;
	08fa : 00000010;
	08fb : 00000002;
	08fc : 0000004A;
	08fd : 00000003;
	08fe : 00000020;
	08ff : 00000004;
	0900 : 00000032;
	0901 : 00000005;
	0902 : 00000002;
	0903 : 00000006;
	0904 : 00000000;
	0905 : 00000007;
	0906 : 00000000;
	0907 : 00000008;
	0908 : 00000004;
	0909 : 00000009;
	090a : 00000000;
	090b : 0000000A;
	090c : 00000030;
	090d : 0000000B;
	090e : 00000000;
	090f : 0000000C;
	0910 : 00000000;
	0911 : 0000000D;
	0912 : 00000000;
	0913 : 0000000E;
	0914 : 00000000;
	0915 : 0000000F;
	0916 : 00000000;
	0917 : 00000010;
	0918 : 00000000;
	0919 : 00000011;
	091a : 00000000;
	091b : 00000012;
	091c : 00000019;
	091d : 00000013;
	091e : 0000009A;
	091f : 00000014;
	0920 : 00000000;
	0921 : 00000015;
	0922 : 00000000;
	0923 : 00000016;
	0924 : 00000000;
	0925 : 00000017;
	0926 : 00000000;
	0927 : 00000018;
	0928 : 00000000;
	0929 : 00000019;
	092a : 00000000;
	092b : 0000001A;
	092c : 00000000;
	092d : 0000001B;
	092e : 000000F0;
	092f : 0000001C;
	0930 : 00000000;
	0931 : 0000001D;
	0932 : 00000000;
	0933 : 0000001E;
	0934 : 00000000;
	0935 : 0000001F;
	0936 : 00000000;
	0937 : 00000020;
	0938 : 00000000;
	0939 : 00000021;
	093a : 00000000;
	093b : 00000022;
	093c : 00000000;
	093d : 00000023;
	093e : 00000000;
	093f : 00000024;
	0940 : 00000000;
	0941 : 00000025;
	0942 : 00000000;
	0943 : 00000026;
	0944 : 00000000;
	0945 : 00000027;
	0946 : 00000000;
	0947 : 00000028;
	0948 : 00000000;
	0949 : 00000029;
	094a : 00000000;
	094b : 0000002A;
	094c : 00000000;
	094d : 0000002B;
	094e : 00000000;
	094f : 0000002C;
	0950 : 00000000;
	0951 : 0000002D;
	0952 : 00000000;
	0953 : 0000002E;
	0954 : 00000000;
	0955 : 0000002F;
	0956 : 00000000;
	0957 : 00000030;
	0958 : 00000003;
	0959 : 00000031;
	095a : 00000001;
	095b : 00000032;
	095c : 00000000;
	095d : 00000033;
	095e : 00000000;
	095f : 00000034;
	0960 : 00000001;
	0961 : 00000035;
	0962 : 00000000;
	0963 : 00000036;
	0964 : 00000000;
	0965 : 00000037;
	0966 : 00000000;
	0967 : 00000038;
	0968 : 00000000;
	0969 : 00000039;
	096a : 00000000;
	096b : 0000003A;
	096c : 00000000;
	096d : 0000003B;
	096e : 00000000;
	096f : 0000003C;
	0970 : 00000000;
	0971 : 0000003D;
	0972 : 00000000;
	0973 : 0000003E;
	0974 : 00000000;
	0975 : 0000003F;
	0976 : 00000000;
	0977 : 00000040;
	0978 : 00000003;
	0979 : 00000041;
	097a : 00000001;
	097b : 00000042;
	097c : 00000000;
	097d : 00000043;
	097e : 00000000;
	097f : 00000044;
	0980 : 00000001;
	0981 : 00000045;
	0982 : 00000000;
	0983 : 00000046;
	0984 : 00000000;
	0985 : 00000047;
	0986 : 00000000;
	0987 : 00000048;
	0988 : 00000000;
	0989 : 00000049;
	098a : 00000000;
	098b : 0000004A;
	098c : 00000000;
	098d : 0000004B;
	098e : 00000000;
	098f : 0000004C;
	0990 : 00000000;
	0991 : 0000004D;
	0992 : 00000000;
	0993 : 0000004E;
	0994 : 00000000;
	0995 : 0000004F;
	0996 : 00000000;
	0997 : 00000050;
	0998 : 00000003;
	0999 : 00000051;
	099a : 00000001;
	099b : 00000052;
	099c : 00000000;
	099d : 00000053;
	099e : 00000000;
	099f : 00000054;
	09a0 : 00000001;
	09a1 : 00000055;
	09a2 : 00000000;
	09a3 : 00000056;
	09a4 : 00000000;
	09a5 : 00000057;
	09a6 : 00000000;
	09a7 : 00000058;
	09a8 : 00000000;
	09a9 : 00000059;
	09aa : 00000000;
	09ab : 0000005A;
	09ac : 00000000;
	09ad : 0000005B;
	09ae : 00000000;
	09af : 0000005C;
	09b0 : 00000000;
	09b1 : 0000005D;
	09b2 : 00000000;
	09b3 : 0000005E;
	09b4 : 00000000;
	09b5 : 0000005F;
	09b6 : 00000000;
	09b7 : 00000060;
	09b8 : 00000001;
	09b9 : 00000061;
	09ba : 00000001;
	09bb : 00000062;
	09bc : 00000000;
	09bd : 00000063;
	09be : 00000000;
	09bf : 00000064;
	09c0 : 00000000;
	09c1 : 00000065;
	09c2 : 00000000;
	09c3 : 00000066;
	09c4 : 00000010;
	09c5 : 00000067;
	09c6 : 00000000;
	09c7 : 00000068;
	09c8 : 00000000;
	09c9 : 00000069;
	09ca : 00000000;
	09cb : 0000006A;
	09cc : 00000000;
	09cd : 0000006B;
	09ce : 00000000;
	09cf : 0000006C;
	09d0 : 00000000;
	09d1 : 0000006D;
	09d2 : 00000000;
	09d3 : 0000006E;
	09d4 : 00000000;
	09d5 : 0000006F;
	09d6 : 00000000;
	09d7 : 00000070;
	09d8 : 00000000;
	09d9 : 00000071;
	09da : 00000000;
	09db : 00000072;
	09dc : 00000000;
	09dd : 00000073;
	09de : 00000000;
	09df : 00000074;
	09e0 : 00000000;
	09e1 : 00000075;
	09e2 : 00000000;
	09e3 : 00000076;
	09e4 : 00000000;
	09e5 : 00000077;
	09e6 : 00000000;
	09e7 : 00000078;
	09e8 : 00000000;
	09e9 : 00000079;
	09ea : 00000000;
	09eb : 0000007A;
	09ec : 00000000;
	09ed : 0000007B;
	09ee : 00000000;
	09ef : 0000007C;
	09f0 : 00000000;
	09f1 : 0000007D;
	09f2 : 00000000;
	09f3 : 0000007E;
	09f4 : 00000000;
	09f5 : 0000007F;
	09f6 : 00000000;
	09f7 : 00000080;
	09f8 : 00000001;
	09f9 : 00000081;
	09fa : 00000001;
	09fb : 00000082;
	09fc : 00000000;
	09fd : 00000083;
	09fe : 00000000;
	09ff : 00000084;
	0a00 : 00000000;
	0a01 : 00000085;
	0a02 : 00000000;
	0a03 : 00000086;
	0a04 : 00000010;
	0a05 : 00000087;
	0a06 : 00000000;
	0a07 : 00000088;
	0a08 : 00000000;
	0a09 : 00000089;
	0a0a : 00000000;
	0a0b : 0000008A;
	0a0c : 00000000;
	0a0d : 0000008B;
	0a0e : 00000000;
	0a0f : 0000008C;
	0a10 : 00000000;
	0a11 : 0000008D;
	0a12 : 00000000;
	0a13 : 0000008E;
	0a14 : 00000000;
	0a15 : 0000008F;
	0a16 : 00000000;
	0a17 : 00000090;
	0a18 : 00000000;
	0a19 : 00000091;
	0a1a : 00000000;
	0a1b : 00000092;
	0a1c : 00000000;
	0a1d : 00000093;
	0a1e : 00000000;
	0a1f : 00000094;
	0a20 : 00000000;
	0a21 : 00000095;
	0a22 : 00000000;
	0a23 : 00000096;
	0a24 : 00000000;
	0a25 : 00000097;
	0a26 : 00000000;
	0a27 : 00000098;
	0a28 : 00000000;
	0a29 : 00000099;
	0a2a : 00000000;
	0a2b : 0000009A;
	0a2c : 00000000;
	0a2d : 0000009B;
	0a2e : 00000000;
	0a2f : 0000009C;
	0a30 : 00000000;
	0a31 : 0000009D;
	0a32 : 00000000;
	0a33 : 0000009E;
	0a34 : 00000000;
	0a35 : 0000009F;
	0a36 : 00000000;
	0a37 : 000000A0;
	0a38 : 00000082;
	0a39 : 000000A1;
	0a3a : 00000083;
	0a3b : 000000A2;
	0a3c : 00000036;
	0a3d : 000000A3;
	0a3e : 00000000;
	0a3f : 000000A4;
	0a40 : 00000000;
	0a41 : 000000A5;
	0a42 : 00000038;
	0a43 : 000000A6;
	0a44 : 00000042;
	0a45 : 000000A7;
	0a46 : 0000005B;
	0a47 : 000000A8;
	0a48 : 00000010;
	0a49 : 000000A9;
	0a4a : 00000011;
	0a4b : 000000AA;
	0a4c : 00000000;
	0a4d : 000000AB;
	0a4e : 00000000;
	0a4f : 000000AC;
	0a50 : 000000FF;
	0a51 : 000000AD;
	0a52 : 000000FF;
	0a53 : 000000AE;
	0a54 : 000000FF;
	0a55 : 000000AF;
	0a56 : 0000001F;
	0a57 : 000000B0;
	0a58 : 00000000;
	0a59 : 000000B1;
	0a5a : 00000000;
	0a5b : 000000B2;
	0a5c : 00000000;
	0a5d : 000000B3;
	0a5e : 00000000;
	0a5f : 000000B4;
	0a60 : 00000000;
	0a61 : 000000B5;
	0a62 : 00000000;
	0a63 : 000000B6;
	0a64 : 00000000;
	0a65 : 000000B7;
	0a66 : 00000000;
	0a67 : 000000B8;
	0a68 : 00000000;
	0a69 : 000000B9;
	0a6a : 00000000;
	0a6b : 000000BA;
	0a6c : 00000080;
	0a6d : 000000BB;
	0a6e : 00000000;
	0a6f : 000000BC;
	0a70 : 00000000;
	0a71 : 000000BD;
	0a72 : 00000000;
	0a73 : 000000BE;
	0a74 : 00000000;
	0a75 : 000000BF;
	0a76 : 00000000;
	0a77 : 000000C0;
	0a78 : 00000090;
	0a79 : 000000C1;
	0a7a : 00000001;
	0a7b : 000000C2;
	0a7c : 00000000;
	0a7d : 000000C3;
	0a7e : 00000000;
	0a7f : 000000C4;
	0a80 : 00000000;
	0a81 : 000000C5;
	0a82 : 00000000;
	0a83 : 000000C6;
	0a84 : 00000000;
	0a85 : 000000C7;
	0a86 : 00000000;
	0a87 : 000000C8;
	0a88 : 00000000;
	0a89 : 000000C9;
	0a8a : 00000000;
	0a8b : 000000CA;
	0a8c : 00000000;
	0a8d : 000000CB;
	0a8e : 00000000;
	0a8f : 000000CC;
	0a90 : 00000055;
	0a91 : 000000CD;
	0a92 : 00000001;
	0a93 : 000000CE;
	0a94 : 000000FF;
	0a95 : 000000CF;
	0a96 : 00000000;
	0a97 : 000000D0;
	0a98 : 0000001F;
	0a99 : 000000D1;
	0a9a : 00000000;
	0a9b : 000000D2;
	0a9c : 00000000;
	0a9d : 000000D3;
	0a9e : 00000000;
	0a9f : 000000D4;
	0aa0 : 00000000;
	0aa1 : 000000D5;
	0aa2 : 00000000;
	0aa3 : 000000D6;
	0aa4 : 00000000;
	0aa5 : 000000D7;
	0aa6 : 00000000;
	0aa7 : 000000D8;
	0aa8 : 00000000;
	0aa9 : 000000D9;
	0aaa : 00000000;
	0aab : 000000DA;
	0aac : 00000000;
	0aad : 000000DB;
	0aae : 00000000;
	0aaf : 000000DC;
	0ab0 : 00000001;
	0ab1 : 000000DD;
	0ab2 : 00000000;
	0ab3 : 000000DE;
	0ab4 : 00000000;
	0ab5 : 000000DF;
	0ab6 : 00000000;
	0ab7 : 000000E0;
	0ab8 : 0000004A;
	0ab9 : 000000E1;
	0aba : 0000001E;
	0abb : 000000E2;
	0abc : 00000000;
	0abd : 000000E3;
	0abe : 00000000;
	0abf : 000000E4;
	0ac0 : 00000020;
	0ac1 : 000000E5;
	0ac2 : 00000000;
	0ac3 : 000000E6;
	0ac4 : 00000000;
	0ac5 : 000000E7;
	0ac6 : 00000000;
	0ac7 : 000000E8;
	0ac8 : 00000000;
	0ac9 : 000000E9;
	0aca : 00000000;
	0acb : 000000EA;
	0acc : 00000004;
	0acd : 000000EB;
	0ace : 00000000;
	0acf : 000000EC;
	0ad0 : 00000000;
	0ad1 : 000000ED;
	0ad2 : 00000000;
	0ad3 : 000000EE;
	0ad4 : 00000000;
	0ad5 : 000000EF;
	0ad6 : 00000000;
	0ad7 : 000000F0;
	0ad8 : 0000000B;
	0ad9 : 000000F1;
	0ada : 00000001;
	0adb : 000000F2;
	0adc : 00000000;
	0add : 000000F3;
	0ade : 00000000;
	0adf : 000000F4;
	0ae0 : 00000044;
	0ae1 : 000000F5;
	0ae2 : 00000000;
	0ae3 : 000000F6;
	0ae4 : 00000000;
	0ae5 : 000000F7;
	0ae6 : 00000000;
	0ae7 : 000000F8;
	0ae8 : 0000000D;
	0ae9 : 000000F9;
	0aea : 0000004D;
	0aeb : 000000FA;
	0aec : 00000001;
	0aed : 000000FB;
	0aee : 00000000;
	0aef : 000000FC;
	0af0 : 00000000;
	0af1 : 000000FD;
	0af2 : 00000000;
	0af3 : 000000FE;
	0af4 : 00000000;
	0af5 : 000000FF;
	0af6 : 00000000;
	0af7 : 00000100;
	0af8 : 00000069;
	0af9 : 00000101;
	0afa : 00000000;
	0afb : 00000102;
	0afc : 0000000B;
	0afd : 00000103;
	0afe : 000000A7;
	0aff : 00000104;
	0b00 : 000000B4;
	0b01 : 00000105;
	0b02 : 00000003;
	0b03 : 00000106;
	0b04 : 00000000;
	0b05 : 00000107;
	0b06 : 00000000;
	0b07 : 00000108;
	0b08 : 0000002C;
	0b09 : 00000109;
	0b0a : 00000080;
	0b0b : 0000010A;
	0b0c : 00000008;
	0b0d : 0000010B;
	0b0e : 00000066;
	0b0f : 0000010C;
	0b10 : 000000B4;
	0b11 : 0000010D;
	0b12 : 00000003;
	0b13 : 0000010E;
	0b14 : 00000000;
	0b15 : 0000010F;
	0b16 : 00000000;
	0b17 : 00000110;
	0b18 : 0000002C;
	0b19 : 00000111;
	0b1a : 00000080;
	0b1b : 00000112;
	0b1c : 00000008;
	0b1d : 00000113;
	0b1e : 00000066;
	0b1f : 00000114;
	0b20 : 000000B4;
	0b21 : 00000115;
	0b22 : 00000003;
	0b23 : 00000116;
	0b24 : 00000000;
	0b25 : 00000117;
	0b26 : 00000000;
	0b27 : 00000118;
	0b28 : 00000069;
	0b29 : 00000119;
	0b2a : 00000000;
	0b2b : 0000011A;
	0b2c : 0000000B;
	0b2d : 0000011B;
	0b2e : 0000006C;
	0b2f : 0000011C;
	0b30 : 000000B4;
	0b31 : 0000011D;
	0b32 : 00000003;
	0b33 : 0000011E;
	0b34 : 00000000;
	0b35 : 0000011F;
	0b36 : 00000000;
	0b37 : 00000120;
	0b38 : 00000000;
	0b39 : 00000121;
	0b3a : 00000000;
	0b3b : 00000122;
	0b3c : 00000070;
	0b3d : 00000123;
	0b3e : 00000000;
	0b3f : 00000124;
	0b40 : 00000000;
	0b41 : 00000125;
	0b42 : 00000000;
	0b43 : 00000126;
	0b44 : 00000070;
	0b45 : 00000127;
	0b46 : 00000000;
	0b47 : 00000128;
	0b48 : 00000000;
	0b49 : 00000129;
	0b4a : 00000000;
	0b4b : 0000012A;
	0b4c : 00000000;
	0b4d : 0000012B;
	0b4e : 00000000;
	0b4f : 0000012C;
	0b50 : 00000000;
	0b51 : 0000012D;
	0b52 : 00000000;
	0b53 : 0000012E;
	0b54 : 00000000;
	0b55 : 0000012F;
	0b56 : 00000000;
	0b57 : 00000130;
	0b58 : 00000010;
	0b59 : 00000131;
	0b5a : 0000002F;
	0b5b : 00000132;
	0b5c : 00000000;
	0b5d : 00000133;
	0b5e : 00000002;
	0b5f : 00000134;
	0b60 : 00000000;
	0b61 : 00000135;
	0b62 : 00000002;
	0b63 : 00000136;
	0b64 : 00000000;
	0b65 : 00000137;
	0b66 : 00000000;
	0b67 : 00000138;
	0b68 : 00000000;
	0b69 : 00000139;
	0b6a : 00000000;
	0b6b : 0000013A;
	0b6c : 00000000;
	0b6d : 0000013B;
	0b6e : 00000000;
	0b6f : 0000013C;
	0b70 : 00000000;
	0b71 : 0000013D;
	0b72 : 00000000;
	0b73 : 0000013E;
	0b74 : 00000000;
	0b75 : 0000013F;
	0b76 : 00000000;
	0b77 : 00000140;
	0b78 : 00000021;
	0b79 : 00000141;
	0b7a : 00000006;
	0b7b : 00000142;
	0b7c : 00000044;
	0b7d : 00000143;
	0b7e : 00000009;
	0b7f : 00000144;
	0b80 : 00000005;
	0b81 : 00000145;
	0b82 : 00000000;
	0b83 : 00000146;
	0b84 : 00000000;
	0b85 : 00000147;
	0b86 : 00000000;
	0b87 : 00000148;
	0b88 : 00000000;
	0b89 : 00000149;
	0b8a : 00000000;
	0b8b : 0000014A;
	0b8c : 00000000;
	0b8d : 0000014B;
	0b8e : 00000000;
	0b8f : 0000014C;
	0b90 : 00000000;
	0b91 : 0000014D;
	0b92 : 00000000;
	0b93 : 0000014E;
	0b94 : 00000000;
	0b95 : 0000014F;
	0b96 : 00000000;
	0b97 : 00000150;
	0b98 : 0000008F;
	0b99 : 00000151;
	0b9a : 0000002F;
	0b9b : 00000152;
	0b9c : 00000003;
	0b9d : 00000153;
	0b9e : 00000002;
	0b9f : 00000154;
	0ba0 : 000000BC;
	0ba1 : 00000155;
	0ba2 : 00000000;
	0ba3 : 00000156;
	0ba4 : 00000023;
	0ba5 : 00000157;
	0ba6 : 0000000D;
	0ba7 : 00000158;
	0ba8 : 00000044;
	0ba9 : 00000159;
	0baa : 0000003E;
	0bab : 0000015A;
	0bac : 00000064;
	0bad : 0000015B;
	0bae : 00000027;
	0baf : 0000015C;
	0bb0 : 00000006;
	0bb1 : 0000015D;
	0bb2 : 0000001F;
	0bb3 : 0000015E;
	0bb4 : 00000045;
	0bb5 : 0000015F;
	0bb6 : 0000000F;
	0bb7 : 00000160;
	0bb8 : 00000004;
	0bb9 : 00000161;
	0bba : 00000000;
	0bbb : 00000162;
	0bbc : 00000000;
	0bbd : 00000163;
	0bbe : 0000007A;
	0bbf : 00000164;
	0bc0 : 00000080;
	0bc1 : 00000165;
	0bc2 : 00000001;
	0bc3 : 00000166;
	0bc4 : 00000088;
	0bc5 : 00000167;
	0bc6 : 00000000;
	0bc7 : 00000168;
	0bc8 : 00000000;
	0bc9 : 00000169;
	0bca : 00000000;
	0bcb : 0000016A;
	0bcc : 00000000;
	0bcd : 0000016B;
	0bce : 00000025;
	0bcf : 0000016C;
	0bd0 : 00000001;
	0bd1 : 0000016D;
	0bd2 : 00000000;
	0bd3 : 0000016E;
	0bd4 : 00000001;
	0bd5 : 0000016F;
	0bd6 : 00000009;
	0bd7 : 00000170;
	0bd8 : 00000000;
	0bd9 : 00000171;
	0bda : 00000000;
	0bdb : 00000172;
	0bdc : 00000000;
	0bdd : 00000173;
	0bde : 00000000;
	0bdf : 00000174;
	0be0 : 00000000;
	0be1 : 00000175;
	0be2 : 00000000;
	0be3 : 00000176;
	0be4 : 00000000;
	0be5 : 00000177;
	0be6 : 00000000;
	0be7 : 00000178;
	0be8 : 00000000;
	0be9 : 00000179;
	0bea : 00000000;
	0beb : 0000017A;
	0bec : 00000000;
	0bed : 0000017B;
	0bee : 00000000;
	0bef : 0000017C;
	0bf0 : 00000000;
	0bf1 : 0000017D;
	0bf2 : 00000000;
	0bf3 : 0000017E;
	0bf4 : 00000000;
	0bf5 : 0000017F;
	0bf6 : 00000000;
	0bf7 : 00000180;
	0bf8 : 00000000;
	0bf9 : 00000181;
	0bfa : 00000000;
	0bfb : 00000182;
	0bfc : 00000000;
	0bfd : 00000183;
	0bfe : 00000000;
	0bff : 00000184;
	0c00 : 00000000;
	0c01 : 00000185;
	0c02 : 00000000;
	0c03 : 00000186;
	0c04 : 00000000;
	0c05 : 00000187;
	0c06 : 00000000;
	0c07 : 00000188;
	0c08 : 00000000;
	0c09 : 00000189;
	0c0a : 00000000;
	0c0b : 0000018A;
	0c0c : 00000000;
	0c0d : 0000018B;
	0c0e : 00000000;
	0c0f : 0000018C;
	0c10 : 00000000;
	0c11 : 0000018D;
	0c12 : 00000000;
	0c13 : 0000018E;
	0c14 : 00000000;
	0c15 : 0000018F;
	0c16 : 00000000;
	0c17 : 00000190;
	0c18 : 00000000;
	0c19 : 00000191;
	0c1a : 00000000;
	0c1b : 00000192;
	0c1c : 00000000;
	0c1d : 00000193;
	0c1e : 00000000;
	0c1f : 00000194;
	0c20 : 00000000;
	0c21 : 00000195;
	0c22 : 00000000;
	0c23 : 00000196;
	0c24 : 00000000;
	0c25 : 00000197;
	0c26 : 00000000;
	0c27 : 00000198;
	0c28 : 00000000;
	0c29 : 00000199;
	0c2a : 00000000;
	0c2b : 0000019A;
	0c2c : 00000000;
	0c2d : 0000019B;
	0c2e : 00000000;
	0c2f : 0000019C;
	0c30 : 00000000;
	0c31 : 0000019D;
	0c32 : 00000000;
	0c33 : 0000019E;
	0c34 : 00000000;
	0c35 : 0000019F;
	0c36 : 00000000;
	0c37 : 000001A0;
	0c38 : 0000002C;
	0c39 : 000001A1;
	0c3a : 0000003B;
	0c3b : 000001A2;
	0c3c : 00000000;
	0c3d : 000001A3;
	0c3e : 00000077;
	0c3f : 000001A4;
	0c40 : 00000070;
	0c41 : 000001A5;
	0c42 : 00000080;
	0c43 : 000001A6;
	0c44 : 00000001;
	0c45 : 000001A7;
	0c46 : 00000000;
	0c47 : 000001A8;
	0c48 : 00000000;
	0c49 : 000001A9;
	0c4a : 00000008;
	0c4b : 000001AA;
	0c4c : 00000000;
	0c4d : 000001AB;
	0c4e : 00000000;
	0c4f : 000001AC;
	0c50 : 00000000;
	0c51 : 000001AD;
	0c52 : 00000000;
	0c53 : 000001AE;
	0c54 : 00000000;
	0c55 : 000001AF;
	0c56 : 00000000;
	0c57 : 000001B0;
	0c58 : 00000000;
	0c59 : 000001B1;
	0c5a : 00000000;
	0c5b : 000001B2;
	0c5c : 00000000;
	0c5d : 000001B3;
	0c5e : 00000000;
	0c5f : 000001B4;
	0c60 : 000000F0;
	0c61 : 000001B5;
	0c62 : 00000000;
	0c63 : 000001B6;
	0c64 : 000000D0;
	0c65 : 000001B7;
	0c66 : 00000003;
	0c67 : 000001B8;
	0c68 : 00000000;
	0c69 : 000001B9;
	0c6a : 00000000;
	0c6b : 000001BA;
	0c6c : 00000000;
	0c6d : 000001BB;
	0c6e : 00000000;
	0c6f : 000001BC;
	0c70 : 000000BA;
	0c71 : 000001BD;
	0c72 : 00000000;
	0c73 : 000001BE;
	0c74 : 00000000;
	0c75 : 000001BF;
	0c76 : 00000000;
	0c77 : 000001C0;
	0c78 : 0000001A;
	0c79 : 000001C1;
	0c7a : 000000A6;
	0c7b : 000001C2;
	0c7c : 0000000F;
	0c7d : 000001C3;
	0c7e : 00000047;
	0c7f : 000001C4;
	0c80 : 00000024;
	0c81 : 000001C5;
	0c82 : 00000000;
	0c83 : 000001C6;
	0c84 : 00000024;
	0c85 : 000001C7;
	0c86 : 00000000;
	0c87 : 000001C8;
	0c88 : 00000000;
	0c89 : 000001C9;
	0c8a : 00000011;
	0c8b : 000001CA;
	0c8c : 00000020;
	0c8d : 000001CB;
	0c8e : 00000012;
	0c8f : 000001CC;
	0c90 : 0000000B;
	0c91 : 000001CD;
	0c92 : 00000010;
	0c93 : 000001CE;
	0c94 : 00000002;
	0c95 : 000001CF;
	0c96 : 00000030;
	0c97 : 000001D0;
	0c98 : 00000000;
	0c99 : 000001D1;
	0c9a : 00000000;
	0c9b : 000001D2;
	0c9c : 00000000;
	0c9d : 000001D3;
	0c9e : 00000000;
	0c9f : 000001D4;
	0ca0 : 00000000;
	0ca1 : 000001D5;
	0ca2 : 00000000;
	0ca3 : 000001D6;
	0ca4 : 00000000;
	0ca5 : 000001D7;
	0ca6 : 00000000;
	0ca7 : 000001D8;
	0ca8 : 00000000;
	0ca9 : 000001D9;
	0caa : 00000000;
	0cab : 000001DA;
	0cac : 00000000;
	0cad : 000001DB;
	0cae : 00000000;
	0caf : 000001DC;
	0cb0 : 00000000;
	0cb1 : 000001DD;
	0cb2 : 00000000;
	0cb3 : 000001DE;
	0cb4 : 00000000;
	0cb5 : 000001DF;
	0cb6 : 00000000;
	0cb7 : 00000000;
	0cb8 : 00000033;
	0cb9 : 00000001;
	0cba : 00000010;
	0cbb : 00000002;
	0cbc : 0000004A;
	0cbd : 00000003;
	0cbe : 00000020;
	0cbf : 00000004;
	0cc0 : 00000032;
	0cc1 : 00000005;
	0cc2 : 00000002;
	0cc3 : 00000006;
	0cc4 : 00000000;
	0cc5 : 00000007;
	0cc6 : 00000000;
	0cc7 : 00000008;
	0cc8 : 00000004;
	0cc9 : 00000009;
	0cca : 00000000;
	0ccb : 0000000A;
	0ccc : 00000030;
	0ccd : 0000000B;
	0cce : 00000000;
	0ccf : 0000000C;
	0cd0 : 00000000;
	0cd1 : 0000000D;
	0cd2 : 00000000;
	0cd3 : 0000000E;
	0cd4 : 00000000;
	0cd5 : 0000000F;
	0cd6 : 00000000;
	0cd7 : 00000010;
	0cd8 : 00000000;
	0cd9 : 00000011;
	0cda : 00000000;
	0cdb : 00000012;
	0cdc : 00000019;
	0cdd : 00000013;
	0cde : 0000009A;
	0cdf : 00000014;
	0ce0 : 00000000;
	0ce1 : 00000015;
	0ce2 : 00000000;
	0ce3 : 00000016;
	0ce4 : 00000000;
	0ce5 : 00000017;
	0ce6 : 00000000;
	0ce7 : 00000018;
	0ce8 : 00000000;
	0ce9 : 00000019;
	0cea : 00000000;
	0ceb : 0000001A;
	0cec : 00000000;
	0ced : 0000001B;
	0cee : 000000F0;
	0cef : 0000001C;
	0cf0 : 00000000;
	0cf1 : 0000001D;
	0cf2 : 00000000;
	0cf3 : 0000001E;
	0cf4 : 00000000;
	0cf5 : 0000001F;
	0cf6 : 00000000;
	0cf7 : 00000020;
	0cf8 : 00000000;
	0cf9 : 00000021;
	0cfa : 00000000;
	0cfb : 00000022;
	0cfc : 00000000;
	0cfd : 00000023;
	0cfe : 00000000;
	0cff : 00000024;
	0d00 : 00000000;
	0d01 : 00000025;
	0d02 : 00000000;
	0d03 : 00000026;
	0d04 : 00000000;
	0d05 : 00000027;
	0d06 : 00000000;
	0d07 : 00000028;
	0d08 : 00000000;
	0d09 : 00000029;
	0d0a : 00000000;
	0d0b : 0000002A;
	0d0c : 00000000;
	0d0d : 0000002B;
	0d0e : 00000000;
	0d0f : 0000002C;
	0d10 : 00000000;
	0d11 : 0000002D;
	0d12 : 00000000;
	0d13 : 0000002E;
	0d14 : 00000000;
	0d15 : 0000002F;
	0d16 : 00000000;
	0d17 : 00000030;
	0d18 : 00000003;
	0d19 : 00000031;
	0d1a : 00000001;
	0d1b : 00000032;
	0d1c : 00000000;
	0d1d : 00000033;
	0d1e : 00000000;
	0d1f : 00000034;
	0d20 : 00000001;
	0d21 : 00000035;
	0d22 : 00000000;
	0d23 : 00000036;
	0d24 : 00000000;
	0d25 : 00000037;
	0d26 : 00000000;
	0d27 : 00000038;
	0d28 : 00000000;
	0d29 : 00000039;
	0d2a : 00000000;
	0d2b : 0000003A;
	0d2c : 00000000;
	0d2d : 0000003B;
	0d2e : 00000000;
	0d2f : 0000003C;
	0d30 : 00000000;
	0d31 : 0000003D;
	0d32 : 00000000;
	0d33 : 0000003E;
	0d34 : 00000000;
	0d35 : 0000003F;
	0d36 : 00000000;
	0d37 : 00000040;
	0d38 : 00000003;
	0d39 : 00000041;
	0d3a : 00000001;
	0d3b : 00000042;
	0d3c : 00000000;
	0d3d : 00000043;
	0d3e : 00000000;
	0d3f : 00000044;
	0d40 : 00000001;
	0d41 : 00000045;
	0d42 : 00000000;
	0d43 : 00000046;
	0d44 : 00000000;
	0d45 : 00000047;
	0d46 : 00000000;
	0d47 : 00000048;
	0d48 : 00000000;
	0d49 : 00000049;
	0d4a : 00000000;
	0d4b : 0000004A;
	0d4c : 00000000;
	0d4d : 0000004B;
	0d4e : 00000000;
	0d4f : 0000004C;
	0d50 : 00000000;
	0d51 : 0000004D;
	0d52 : 00000000;
	0d53 : 0000004E;
	0d54 : 00000000;
	0d55 : 0000004F;
	0d56 : 00000000;
	0d57 : 00000050;
	0d58 : 00000003;
	0d59 : 00000051;
	0d5a : 00000001;
	0d5b : 00000052;
	0d5c : 00000000;
	0d5d : 00000053;
	0d5e : 00000000;
	0d5f : 00000054;
	0d60 : 00000001;
	0d61 : 00000055;
	0d62 : 00000000;
	0d63 : 00000056;
	0d64 : 00000000;
	0d65 : 00000057;
	0d66 : 00000000;
	0d67 : 00000058;
	0d68 : 00000000;
	0d69 : 00000059;
	0d6a : 00000000;
	0d6b : 0000005A;
	0d6c : 00000000;
	0d6d : 0000005B;
	0d6e : 00000000;
	0d6f : 0000005C;
	0d70 : 00000000;
	0d71 : 0000005D;
	0d72 : 00000000;
	0d73 : 0000005E;
	0d74 : 00000000;
	0d75 : 0000005F;
	0d76 : 00000000;
	0d77 : 00000060;
	0d78 : 00000001;
	0d79 : 00000061;
	0d7a : 00000001;
	0d7b : 00000062;
	0d7c : 00000000;
	0d7d : 00000063;
	0d7e : 00000000;
	0d7f : 00000064;
	0d80 : 00000000;
	0d81 : 00000065;
	0d82 : 00000000;
	0d83 : 00000066;
	0d84 : 00000010;
	0d85 : 00000067;
	0d86 : 00000000;
	0d87 : 00000068;
	0d88 : 00000000;
	0d89 : 00000069;
	0d8a : 00000000;
	0d8b : 0000006A;
	0d8c : 00000000;
	0d8d : 0000006B;
	0d8e : 00000000;
	0d8f : 0000006C;
	0d90 : 00000000;
	0d91 : 0000006D;
	0d92 : 00000000;
	0d93 : 0000006E;
	0d94 : 00000000;
	0d95 : 0000006F;
	0d96 : 00000000;
	0d97 : 00000070;
	0d98 : 00000000;
	0d99 : 00000071;
	0d9a : 00000000;
	0d9b : 00000072;
	0d9c : 00000000;
	0d9d : 00000073;
	0d9e : 00000000;
	0d9f : 00000074;
	0da0 : 00000000;
	0da1 : 00000075;
	0da2 : 00000000;
	0da3 : 00000076;
	0da4 : 00000000;
	0da5 : 00000077;
	0da6 : 00000000;
	0da7 : 00000078;
	0da8 : 00000000;
	0da9 : 00000079;
	0daa : 00000000;
	0dab : 0000007A;
	0dac : 00000000;
	0dad : 0000007B;
	0dae : 00000000;
	0daf : 0000007C;
	0db0 : 00000000;
	0db1 : 0000007D;
	0db2 : 00000000;
	0db3 : 0000007E;
	0db4 : 00000000;
	0db5 : 0000007F;
	0db6 : 00000000;
	0db7 : 00000080;
	0db8 : 00000001;
	0db9 : 00000081;
	0dba : 00000001;
	0dbb : 00000082;
	0dbc : 00000000;
	0dbd : 00000083;
	0dbe : 00000000;
	0dbf : 00000084;
	0dc0 : 00000000;
	0dc1 : 00000085;
	0dc2 : 00000000;
	0dc3 : 00000086;
	0dc4 : 00000010;
	0dc5 : 00000087;
	0dc6 : 00000000;
	0dc7 : 00000088;
	0dc8 : 00000000;
	0dc9 : 00000089;
	0dca : 00000000;
	0dcb : 0000008A;
	0dcc : 00000000;
	0dcd : 0000008B;
	0dce : 00000000;
	0dcf : 0000008C;
	0dd0 : 00000000;
	0dd1 : 0000008D;
	0dd2 : 00000000;
	0dd3 : 0000008E;
	0dd4 : 00000000;
	0dd5 : 0000008F;
	0dd6 : 00000000;
	0dd7 : 00000090;
	0dd8 : 00000000;
	0dd9 : 00000091;
	0dda : 00000000;
	0ddb : 00000092;
	0ddc : 00000000;
	0ddd : 00000093;
	0dde : 00000000;
	0ddf : 00000094;
	0de0 : 00000000;
	0de1 : 00000095;
	0de2 : 00000000;
	0de3 : 00000096;
	0de4 : 00000000;
	0de5 : 00000097;
	0de6 : 00000000;
	0de7 : 00000098;
	0de8 : 00000000;
	0de9 : 00000099;
	0dea : 00000000;
	0deb : 0000009A;
	0dec : 00000000;
	0ded : 0000009B;
	0dee : 00000000;
	0def : 0000009C;
	0df0 : 00000000;
	0df1 : 0000009D;
	0df2 : 00000000;
	0df3 : 0000009E;
	0df4 : 00000000;
	0df5 : 0000009F;
	0df6 : 00000000;
	0df7 : 000000A0;
	0df8 : 00000082;
	0df9 : 000000A1;
	0dfa : 00000083;
	0dfb : 000000A2;
	0dfc : 00000036;
	0dfd : 000000A3;
	0dfe : 00000000;
	0dff : 000000A4;
	0e00 : 00000000;
	0e01 : 000000A5;
	0e02 : 00000038;
	0e03 : 000000A6;
	0e04 : 00000042;
	0e05 : 000000A7;
	0e06 : 0000005B;
	0e07 : 000000A8;
	0e08 : 00000010;
	0e09 : 000000A9;
	0e0a : 00000011;
	0e0b : 000000AA;
	0e0c : 00000000;
	0e0d : 000000AB;
	0e0e : 00000000;
	0e0f : 000000AC;
	0e10 : 000000FF;
	0e11 : 000000AD;
	0e12 : 000000FF;
	0e13 : 000000AE;
	0e14 : 000000FF;
	0e15 : 000000AF;
	0e16 : 0000001F;
	0e17 : 000000B0;
	0e18 : 00000000;
	0e19 : 000000B1;
	0e1a : 00000000;
	0e1b : 000000B2;
	0e1c : 00000000;
	0e1d : 000000B3;
	0e1e : 00000000;
	0e1f : 000000B4;
	0e20 : 00000000;
	0e21 : 000000B5;
	0e22 : 00000000;
	0e23 : 000000B6;
	0e24 : 00000000;
	0e25 : 000000B7;
	0e26 : 00000000;
	0e27 : 000000B8;
	0e28 : 00000000;
	0e29 : 000000B9;
	0e2a : 00000000;
	0e2b : 000000BA;
	0e2c : 00000080;
	0e2d : 000000BB;
	0e2e : 00000000;
	0e2f : 000000BC;
	0e30 : 00000000;
	0e31 : 000000BD;
	0e32 : 00000000;
	0e33 : 000000BE;
	0e34 : 00000000;
	0e35 : 000000BF;
	0e36 : 00000000;
	0e37 : 000000C0;
	0e38 : 00000090;
	0e39 : 000000C1;
	0e3a : 00000001;
	0e3b : 000000C2;
	0e3c : 00000000;
	0e3d : 000000C3;
	0e3e : 00000000;
	0e3f : 000000C4;
	0e40 : 00000000;
	0e41 : 000000C5;
	0e42 : 00000000;
	0e43 : 000000C6;
	0e44 : 00000000;
	0e45 : 000000C7;
	0e46 : 00000000;
	0e47 : 000000C8;
	0e48 : 00000000;
	0e49 : 000000C9;
	0e4a : 00000000;
	0e4b : 000000CA;
	0e4c : 00000000;
	0e4d : 000000CB;
	0e4e : 00000000;
	0e4f : 000000CC;
	0e50 : 00000055;
	0e51 : 000000CD;
	0e52 : 00000001;
	0e53 : 000000CE;
	0e54 : 000000FF;
	0e55 : 000000CF;
	0e56 : 00000000;
	0e57 : 000000D0;
	0e58 : 0000001F;
	0e59 : 000000D1;
	0e5a : 00000000;
	0e5b : 000000D2;
	0e5c : 00000000;
	0e5d : 000000D3;
	0e5e : 00000000;
	0e5f : 000000D4;
	0e60 : 00000000;
	0e61 : 000000D5;
	0e62 : 00000000;
	0e63 : 000000D6;
	0e64 : 00000000;
	0e65 : 000000D7;
	0e66 : 00000000;
	0e67 : 000000D8;
	0e68 : 00000000;
	0e69 : 000000D9;
	0e6a : 00000000;
	0e6b : 000000DA;
	0e6c : 00000000;
	0e6d : 000000DB;
	0e6e : 00000000;
	0e6f : 000000DC;
	0e70 : 00000001;
	0e71 : 000000DD;
	0e72 : 00000000;
	0e73 : 000000DE;
	0e74 : 00000000;
	0e75 : 000000DF;
	0e76 : 00000000;
	0e77 : 000000E0;
	0e78 : 0000004A;
	0e79 : 000000E1;
	0e7a : 0000001E;
	0e7b : 000000E2;
	0e7c : 00000000;
	0e7d : 000000E3;
	0e7e : 00000000;
	0e7f : 000000E4;
	0e80 : 00000020;
	0e81 : 000000E5;
	0e82 : 00000000;
	0e83 : 000000E6;
	0e84 : 00000000;
	0e85 : 000000E7;
	0e86 : 00000000;
	0e87 : 000000E8;
	0e88 : 00000000;
	0e89 : 000000E9;
	0e8a : 00000000;
	0e8b : 000000EA;
	0e8c : 00000004;
	0e8d : 000000EB;
	0e8e : 00000000;
	0e8f : 000000EC;
	0e90 : 00000000;
	0e91 : 000000ED;
	0e92 : 00000000;
	0e93 : 000000EE;
	0e94 : 00000000;
	0e95 : 000000EF;
	0e96 : 00000000;
	0e97 : 000000F0;
	0e98 : 0000000B;
	0e99 : 000000F1;
	0e9a : 00000001;
	0e9b : 000000F2;
	0e9c : 00000000;
	0e9d : 000000F3;
	0e9e : 00000000;
	0e9f : 000000F4;
	0ea0 : 00000044;
	0ea1 : 000000F5;
	0ea2 : 00000000;
	0ea3 : 000000F6;
	0ea4 : 00000000;
	0ea5 : 000000F7;
	0ea6 : 00000000;
	0ea7 : 000000F8;
	0ea8 : 0000000D;
	0ea9 : 000000F9;
	0eaa : 0000004D;
	0eab : 000000FA;
	0eac : 00000001;
	0ead : 000000FB;
	0eae : 00000000;
	0eaf : 000000FC;
	0eb0 : 00000000;
	0eb1 : 000000FD;
	0eb2 : 00000000;
	0eb3 : 000000FE;
	0eb4 : 00000000;
	0eb5 : 000000FF;
	0eb6 : 00000000;
	0eb7 : 00000100;
	0eb8 : 00000069;
	0eb9 : 00000101;
	0eba : 00000000;
	0ebb : 00000102;
	0ebc : 0000000B;
	0ebd : 00000103;
	0ebe : 000000A7;
	0ebf : 00000104;
	0ec0 : 000000B4;
	0ec1 : 00000105;
	0ec2 : 00000003;
	0ec3 : 00000106;
	0ec4 : 00000000;
	0ec5 : 00000107;
	0ec6 : 00000000;
	0ec7 : 00000108;
	0ec8 : 00000028;
	0ec9 : 00000109;
	0eca : 00000080;
	0ecb : 0000010A;
	0ecc : 00000008;
	0ecd : 0000010B;
	0ece : 00000066;
	0ecf : 0000010C;
	0ed0 : 000000B4;
	0ed1 : 0000010D;
	0ed2 : 00000003;
	0ed3 : 0000010E;
	0ed4 : 00000000;
	0ed5 : 0000010F;
	0ed6 : 00000000;
	0ed7 : 00000110;
	0ed8 : 00000028;
	0ed9 : 00000111;
	0eda : 00000080;
	0edb : 00000112;
	0edc : 00000008;
	0edd : 00000113;
	0ede : 00000066;
	0edf : 00000114;
	0ee0 : 000000B4;
	0ee1 : 00000115;
	0ee2 : 00000003;
	0ee3 : 00000116;
	0ee4 : 00000000;
	0ee5 : 00000117;
	0ee6 : 00000000;
	0ee7 : 00000118;
	0ee8 : 00000069;
	0ee9 : 00000119;
	0eea : 00000000;
	0eeb : 0000011A;
	0eec : 0000000B;
	0eed : 0000011B;
	0eee : 0000006C;
	0eef : 0000011C;
	0ef0 : 000000B4;
	0ef1 : 0000011D;
	0ef2 : 00000003;
	0ef3 : 0000011E;
	0ef4 : 00000000;
	0ef5 : 0000011F;
	0ef6 : 00000000;
	0ef7 : 00000120;
	0ef8 : 00000000;
	0ef9 : 00000121;
	0efa : 00000000;
	0efb : 00000122;
	0efc : 00000070;
	0efd : 00000123;
	0efe : 00000000;
	0eff : 00000124;
	0f00 : 00000000;
	0f01 : 00000125;
	0f02 : 00000000;
	0f03 : 00000126;
	0f04 : 00000070;
	0f05 : 00000127;
	0f06 : 00000000;
	0f07 : 00000128;
	0f08 : 00000000;
	0f09 : 00000129;
	0f0a : 00000000;
	0f0b : 0000012A;
	0f0c : 00000000;
	0f0d : 0000012B;
	0f0e : 00000000;
	0f0f : 0000012C;
	0f10 : 00000000;
	0f11 : 0000012D;
	0f12 : 00000000;
	0f13 : 0000012E;
	0f14 : 00000000;
	0f15 : 0000012F;
	0f16 : 00000000;
	0f17 : 00000130;
	0f18 : 00000010;
	0f19 : 00000131;
	0f1a : 0000002F;
	0f1b : 00000132;
	0f1c : 00000000;
	0f1d : 00000133;
	0f1e : 00000002;
	0f1f : 00000134;
	0f20 : 00000000;
	0f21 : 00000135;
	0f22 : 00000002;
	0f23 : 00000136;
	0f24 : 00000000;
	0f25 : 00000137;
	0f26 : 00000000;
	0f27 : 00000138;
	0f28 : 00000000;
	0f29 : 00000139;
	0f2a : 00000000;
	0f2b : 0000013A;
	0f2c : 00000000;
	0f2d : 0000013B;
	0f2e : 00000000;
	0f2f : 0000013C;
	0f30 : 00000000;
	0f31 : 0000013D;
	0f32 : 00000000;
	0f33 : 0000013E;
	0f34 : 00000000;
	0f35 : 0000013F;
	0f36 : 00000000;
	0f37 : 00000140;
	0f38 : 00000021;
	0f39 : 00000141;
	0f3a : 00000006;
	0f3b : 00000142;
	0f3c : 00000044;
	0f3d : 00000143;
	0f3e : 00000009;
	0f3f : 00000144;
	0f40 : 00000005;
	0f41 : 00000145;
	0f42 : 00000000;
	0f43 : 00000146;
	0f44 : 00000000;
	0f45 : 00000147;
	0f46 : 00000000;
	0f47 : 00000148;
	0f48 : 00000000;
	0f49 : 00000149;
	0f4a : 00000000;
	0f4b : 0000014A;
	0f4c : 00000000;
	0f4d : 0000014B;
	0f4e : 00000000;
	0f4f : 0000014C;
	0f50 : 00000000;
	0f51 : 0000014D;
	0f52 : 00000000;
	0f53 : 0000014E;
	0f54 : 00000000;
	0f55 : 0000014F;
	0f56 : 00000000;
	0f57 : 00000150;
	0f58 : 00000061;
	0f59 : 00000151;
	0f5a : 00000000;
	0f5b : 00000152;
	0f5c : 000000F5;
	0f5d : 00000153;
	0f5e : 00000006;
	0f5f : 00000154;
	0f60 : 000000BC;
	0f61 : 00000155;
	0f62 : 00000000;
	0f63 : 00000156;
	0f64 : 00000023;
	0f65 : 00000157;
	0f66 : 0000000D;
	0f67 : 00000158;
	0f68 : 00000044;
	0f69 : 00000159;
	0f6a : 0000003E;
	0f6b : 0000015A;
	0f6c : 00000064;
	0f6d : 0000015B;
	0f6e : 00000027;
	0f6f : 0000015C;
	0f70 : 00000006;
	0f71 : 0000015D;
	0f72 : 0000001F;
	0f73 : 0000015E;
	0f74 : 00000045;
	0f75 : 0000015F;
	0f76 : 0000000F;
	0f77 : 00000160;
	0f78 : 00000004;
	0f79 : 00000161;
	0f7a : 00000000;
	0f7b : 00000162;
	0f7c : 00000000;
	0f7d : 00000163;
	0f7e : 0000007A;
	0f7f : 00000164;
	0f80 : 00000080;
	0f81 : 00000165;
	0f82 : 00000001;
	0f83 : 00000166;
	0f84 : 00000088;
	0f85 : 00000167;
	0f86 : 00000000;
	0f87 : 00000168;
	0f88 : 00000000;
	0f89 : 00000169;
	0f8a : 00000000;
	0f8b : 0000016A;
	0f8c : 00000000;
	0f8d : 0000016B;
	0f8e : 00000025;
	0f8f : 0000016C;
	0f90 : 00000001;
	0f91 : 0000016D;
	0f92 : 00000000;
	0f93 : 0000016E;
	0f94 : 00000001;
	0f95 : 0000016F;
	0f96 : 00000009;
	0f97 : 00000170;
	0f98 : 00000000;
	0f99 : 00000171;
	0f9a : 00000000;
	0f9b : 00000172;
	0f9c : 00000000;
	0f9d : 00000173;
	0f9e : 00000000;
	0f9f : 00000174;
	0fa0 : 00000000;
	0fa1 : 00000175;
	0fa2 : 00000000;
	0fa3 : 00000176;
	0fa4 : 00000000;
	0fa5 : 00000177;
	0fa6 : 00000000;
	0fa7 : 00000178;
	0fa8 : 00000000;
	0fa9 : 00000179;
	0faa : 00000000;
	0fab : 0000017A;
	0fac : 00000000;
	0fad : 0000017B;
	0fae : 00000000;
	0faf : 0000017C;
	0fb0 : 00000000;
	0fb1 : 0000017D;
	0fb2 : 00000000;
	0fb3 : 0000017E;
	0fb4 : 00000000;
	0fb5 : 0000017F;
	0fb6 : 00000000;
	0fb7 : 00000180;
	0fb8 : 00000000;
	0fb9 : 00000181;
	0fba : 00000000;
	0fbb : 00000182;
	0fbc : 00000000;
	0fbd : 00000183;
	0fbe : 00000000;
	0fbf : 00000184;
	0fc0 : 00000000;
	0fc1 : 00000185;
	0fc2 : 00000000;
	0fc3 : 00000186;
	0fc4 : 00000000;
	0fc5 : 00000187;
	0fc6 : 00000000;
	0fc7 : 00000188;
	0fc8 : 00000000;
	0fc9 : 00000189;
	0fca : 00000000;
	0fcb : 0000018A;
	0fcc : 00000000;
	0fcd : 0000018B;
	0fce : 00000000;
	0fcf : 0000018C;
	0fd0 : 00000000;
	0fd1 : 0000018D;
	0fd2 : 00000000;
	0fd3 : 0000018E;
	0fd4 : 00000000;
	0fd5 : 0000018F;
	0fd6 : 00000000;
	0fd7 : 00000190;
	0fd8 : 00000000;
	0fd9 : 00000191;
	0fda : 00000000;
	0fdb : 00000192;
	0fdc : 00000000;
	0fdd : 00000193;
	0fde : 00000000;
	0fdf : 00000194;
	0fe0 : 00000000;
	0fe1 : 00000195;
	0fe2 : 00000000;
	0fe3 : 00000196;
	0fe4 : 00000000;
	0fe5 : 00000197;
	0fe6 : 00000000;
	0fe7 : 00000198;
	0fe8 : 00000000;
	0fe9 : 00000199;
	0fea : 00000000;
	0feb : 0000019A;
	0fec : 00000000;
	0fed : 0000019B;
	0fee : 00000000;
	0fef : 0000019C;
	0ff0 : 00000000;
	0ff1 : 0000019D;
	0ff2 : 00000000;
	0ff3 : 0000019E;
	0ff4 : 00000000;
	0ff5 : 0000019F;
	0ff6 : 00000000;
	0ff7 : 000001A0;
	0ff8 : 0000002C;
	0ff9 : 000001A1;
	0ffa : 0000003B;
	0ffb : 000001A2;
	0ffc : 00000000;
	0ffd : 000001A3;
	0ffe : 00000077;
	0fff : 000001A4;
	1000 : 00000070;
	1001 : 000001A5;
	1002 : 00000080;
	1003 : 000001A6;
	1004 : 00000001;
	1005 : 000001A7;
	1006 : 00000000;
	1007 : 000001A8;
	1008 : 00000000;
	1009 : 000001A9;
	100a : 00000008;
	100b : 000001AA;
	100c : 00000000;
	100d : 000001AB;
	100e : 00000000;
	100f : 000001AC;
	1010 : 00000000;
	1011 : 000001AD;
	1012 : 00000000;
	1013 : 000001AE;
	1014 : 00000000;
	1015 : 000001AF;
	1016 : 00000000;
	1017 : 000001B0;
	1018 : 00000000;
	1019 : 000001B1;
	101a : 00000000;
	101b : 000001B2;
	101c : 00000000;
	101d : 000001B3;
	101e : 00000000;
	101f : 000001B4;
	1020 : 000000F0;
	1021 : 000001B5;
	1022 : 00000000;
	1023 : 000001B6;
	1024 : 000000D0;
	1025 : 000001B7;
	1026 : 00000003;
	1027 : 000001B8;
	1028 : 00000000;
	1029 : 000001B9;
	102a : 00000000;
	102b : 000001BA;
	102c : 00000000;
	102d : 000001BB;
	102e : 00000000;
	102f : 000001BC;
	1030 : 000000BA;
	1031 : 000001BD;
	1032 : 00000000;
	1033 : 000001BE;
	1034 : 00000000;
	1035 : 000001BF;
	1036 : 00000000;
	1037 : 000001C0;
	1038 : 0000001A;
	1039 : 000001C1;
	103a : 000000A6;
	103b : 000001C2;
	103c : 0000000F;
	103d : 000001C3;
	103e : 00000047;
	103f : 000001C4;
	1040 : 00000024;
	1041 : 000001C5;
	1042 : 00000000;
	1043 : 000001C6;
	1044 : 00000024;
	1045 : 000001C7;
	1046 : 00000000;
	1047 : 000001C8;
	1048 : 00000000;
	1049 : 000001C9;
	104a : 00000011;
	104b : 000001CA;
	104c : 00000020;
	104d : 000001CB;
	104e : 00000012;
	104f : 000001CC;
	1050 : 0000000B;
	1051 : 000001CD;
	1052 : 00000010;
	1053 : 000001CE;
	1054 : 00000002;
	1055 : 000001CF;
	1056 : 00000030;
	1057 : 000001D0;
	1058 : 00000000;
	1059 : 000001D1;
	105a : 00000000;
	105b : 000001D2;
	105c : 00000000;
	105d : 000001D3;
	105e : 00000000;
	105f : 000001D4;
	1060 : 00000000;
	1061 : 000001D5;
	1062 : 00000000;
	1063 : 000001D6;
	1064 : 00000000;
	1065 : 000001D7;
	1066 : 00000000;
	1067 : 000001D8;
	1068 : 00000000;
	1069 : 000001D9;
	106a : 00000000;
	106b : 000001DA;
	106c : 00000000;
	106d : 000001DB;
	106e : 00000000;
	106f : 000001DC;
	1070 : 00000000;
	1071 : 000001DD;
	1072 : 00000000;
	1073 : 000001DE;
	1074 : 00000000;
	1075 : 000001DF;
	1076 : 00000000;
	1077 : 00000000;
	1078 : 00000033;
	1079 : 00000001;
	107a : 00000010;
	107b : 00000002;
	107c : 0000004A;
	107d : 00000003;
	107e : 00000030;
	107f : 00000004;
	1080 : 00000032;
	1081 : 00000005;
	1082 : 00000002;
	1083 : 00000006;
	1084 : 00000000;
	1085 : 00000007;
	1086 : 00000000;
	1087 : 00000008;
	1088 : 00000004;
	1089 : 00000009;
	108a : 00000000;
	108b : 0000000A;
	108c : 00000030;
	108d : 0000000B;
	108e : 00000000;
	108f : 0000000C;
	1090 : 00000000;
	1091 : 0000000D;
	1092 : 00000000;
	1093 : 0000000E;
	1094 : 00000000;
	1095 : 0000000F;
	1096 : 00000000;
	1097 : 00000010;
	1098 : 00000000;
	1099 : 00000011;
	109a : 00000000;
	109b : 00000012;
	109c : 00000019;
	109d : 00000013;
	109e : 0000009A;
	109f : 00000014;
	10a0 : 00000000;
	10a1 : 00000015;
	10a2 : 00000000;
	10a3 : 00000016;
	10a4 : 00000000;
	10a5 : 00000017;
	10a6 : 00000000;
	10a7 : 00000018;
	10a8 : 00000000;
	10a9 : 00000019;
	10aa : 00000000;
	10ab : 0000001A;
	10ac : 00000000;
	10ad : 0000001B;
	10ae : 000000F0;
	10af : 0000001C;
	10b0 : 00000000;
	10b1 : 0000001D;
	10b2 : 00000000;
	10b3 : 0000001E;
	10b4 : 00000000;
	10b5 : 0000001F;
	10b6 : 00000000;
	10b7 : 00000020;
	10b8 : 00000000;
	10b9 : 00000021;
	10ba : 00000000;
	10bb : 00000022;
	10bc : 00000000;
	10bd : 00000023;
	10be : 00000000;
	10bf : 00000024;
	10c0 : 00000000;
	10c1 : 00000025;
	10c2 : 00000000;
	10c3 : 00000026;
	10c4 : 00000000;
	10c5 : 00000027;
	10c6 : 00000000;
	10c7 : 00000028;
	10c8 : 00000000;
	10c9 : 00000029;
	10ca : 00000000;
	10cb : 0000002A;
	10cc : 00000000;
	10cd : 0000002B;
	10ce : 00000000;
	10cf : 0000002C;
	10d0 : 00000000;
	10d1 : 0000002D;
	10d2 : 00000000;
	10d3 : 0000002E;
	10d4 : 00000000;
	10d5 : 0000002F;
	10d6 : 00000000;
	10d7 : 00000030;
	10d8 : 00000003;
	10d9 : 00000031;
	10da : 00000001;
	10db : 00000032;
	10dc : 00000000;
	10dd : 00000033;
	10de : 00000000;
	10df : 00000034;
	10e0 : 00000001;
	10e1 : 00000035;
	10e2 : 00000000;
	10e3 : 00000036;
	10e4 : 00000000;
	10e5 : 00000037;
	10e6 : 00000000;
	10e7 : 00000038;
	10e8 : 00000000;
	10e9 : 00000039;
	10ea : 00000000;
	10eb : 0000003A;
	10ec : 00000000;
	10ed : 0000003B;
	10ee : 00000000;
	10ef : 0000003C;
	10f0 : 00000000;
	10f1 : 0000003D;
	10f2 : 00000000;
	10f3 : 0000003E;
	10f4 : 00000000;
	10f5 : 0000003F;
	10f6 : 00000000;
	10f7 : 00000040;
	10f8 : 00000003;
	10f9 : 00000041;
	10fa : 00000001;
	10fb : 00000042;
	10fc : 00000000;
	10fd : 00000043;
	10fe : 00000000;
	10ff : 00000044;
	1100 : 00000001;
	1101 : 00000045;
	1102 : 00000000;
	1103 : 00000046;
	1104 : 00000000;
	1105 : 00000047;
	1106 : 00000000;
	1107 : 00000048;
	1108 : 00000000;
	1109 : 00000049;
	110a : 00000000;
	110b : 0000004A;
	110c : 00000000;
	110d : 0000004B;
	110e : 00000000;
	110f : 0000004C;
	1110 : 00000000;
	1111 : 0000004D;
	1112 : 00000000;
	1113 : 0000004E;
	1114 : 00000000;
	1115 : 0000004F;
	1116 : 00000000;
	1117 : 00000050;
	1118 : 00000003;
	1119 : 00000051;
	111a : 00000001;
	111b : 00000052;
	111c : 00000000;
	111d : 00000053;
	111e : 00000000;
	111f : 00000054;
	1120 : 00000001;
	1121 : 00000055;
	1122 : 00000000;
	1123 : 00000056;
	1124 : 00000000;
	1125 : 00000057;
	1126 : 00000000;
	1127 : 00000058;
	1128 : 00000000;
	1129 : 00000059;
	112a : 00000000;
	112b : 0000005A;
	112c : 00000000;
	112d : 0000005B;
	112e : 00000000;
	112f : 0000005C;
	1130 : 00000000;
	1131 : 0000005D;
	1132 : 00000000;
	1133 : 0000005E;
	1134 : 00000000;
	1135 : 0000005F;
	1136 : 00000000;
	1137 : 00000060;
	1138 : 00000001;
	1139 : 00000061;
	113a : 00000001;
	113b : 00000062;
	113c : 00000000;
	113d : 00000063;
	113e : 00000000;
	113f : 00000064;
	1140 : 00000000;
	1141 : 00000065;
	1142 : 00000000;
	1143 : 00000066;
	1144 : 00000010;
	1145 : 00000067;
	1146 : 00000000;
	1147 : 00000068;
	1148 : 00000000;
	1149 : 00000069;
	114a : 00000000;
	114b : 0000006A;
	114c : 00000000;
	114d : 0000006B;
	114e : 00000000;
	114f : 0000006C;
	1150 : 00000000;
	1151 : 0000006D;
	1152 : 00000000;
	1153 : 0000006E;
	1154 : 00000000;
	1155 : 0000006F;
	1156 : 00000000;
	1157 : 00000070;
	1158 : 00000000;
	1159 : 00000071;
	115a : 00000000;
	115b : 00000072;
	115c : 00000000;
	115d : 00000073;
	115e : 00000000;
	115f : 00000074;
	1160 : 00000000;
	1161 : 00000075;
	1162 : 00000000;
	1163 : 00000076;
	1164 : 00000000;
	1165 : 00000077;
	1166 : 00000000;
	1167 : 00000078;
	1168 : 00000000;
	1169 : 00000079;
	116a : 00000000;
	116b : 0000007A;
	116c : 00000000;
	116d : 0000007B;
	116e : 00000000;
	116f : 0000007C;
	1170 : 00000000;
	1171 : 0000007D;
	1172 : 00000000;
	1173 : 0000007E;
	1174 : 00000000;
	1175 : 0000007F;
	1176 : 00000000;
	1177 : 00000080;
	1178 : 00000001;
	1179 : 00000081;
	117a : 00000001;
	117b : 00000082;
	117c : 00000000;
	117d : 00000083;
	117e : 00000000;
	117f : 00000084;
	1180 : 00000000;
	1181 : 00000085;
	1182 : 00000000;
	1183 : 00000086;
	1184 : 00000010;
	1185 : 00000087;
	1186 : 00000000;
	1187 : 00000088;
	1188 : 00000000;
	1189 : 00000089;
	118a : 00000000;
	118b : 0000008A;
	118c : 00000000;
	118d : 0000008B;
	118e : 00000000;
	118f : 0000008C;
	1190 : 00000000;
	1191 : 0000008D;
	1192 : 00000000;
	1193 : 0000008E;
	1194 : 00000000;
	1195 : 0000008F;
	1196 : 00000000;
	1197 : 00000090;
	1198 : 00000000;
	1199 : 00000091;
	119a : 00000000;
	119b : 00000092;
	119c : 00000000;
	119d : 00000093;
	119e : 00000000;
	119f : 00000094;
	11a0 : 00000000;
	11a1 : 00000095;
	11a2 : 00000000;
	11a3 : 00000096;
	11a4 : 00000000;
	11a5 : 00000097;
	11a6 : 00000000;
	11a7 : 00000098;
	11a8 : 00000000;
	11a9 : 00000099;
	11aa : 00000000;
	11ab : 0000009A;
	11ac : 00000000;
	11ad : 0000009B;
	11ae : 00000000;
	11af : 0000009C;
	11b0 : 00000000;
	11b1 : 0000009D;
	11b2 : 00000000;
	11b3 : 0000009E;
	11b4 : 00000000;
	11b5 : 0000009F;
	11b6 : 00000000;
	11b7 : 000000A0;
	11b8 : 00000000;
	11b9 : 000000A1;
	11ba : 00000083;
	11bb : 000000A2;
	11bc : 00000036;
	11bd : 000000A3;
	11be : 00000000;
	11bf : 000000A4;
	11c0 : 00000000;
	11c1 : 000000A5;
	11c2 : 00000038;
	11c3 : 000000A6;
	11c4 : 00000042;
	11c5 : 000000A7;
	11c6 : 0000005B;
	11c7 : 000000A8;
	11c8 : 00000010;
	11c9 : 000000A9;
	11ca : 00000011;
	11cb : 000000AA;
	11cc : 00000000;
	11cd : 000000AB;
	11ce : 00000000;
	11cf : 000000AC;
	11d0 : 000000FF;
	11d1 : 000000AD;
	11d2 : 000000FF;
	11d3 : 000000AE;
	11d4 : 000000FF;
	11d5 : 000000AF;
	11d6 : 0000001F;
	11d7 : 000000B0;
	11d8 : 00000000;
	11d9 : 000000B1;
	11da : 00000000;
	11db : 000000B2;
	11dc : 00000000;
	11dd : 000000B3;
	11de : 00000000;
	11df : 000000B4;
	11e0 : 00000000;
	11e1 : 000000B5;
	11e2 : 00000000;
	11e3 : 000000B6;
	11e4 : 00000000;
	11e5 : 000000B7;
	11e6 : 00000000;
	11e7 : 000000B8;
	11e8 : 00000000;
	11e9 : 000000B9;
	11ea : 00000000;
	11eb : 000000BA;
	11ec : 00000080;
	11ed : 000000BB;
	11ee : 00000000;
	11ef : 000000BC;
	11f0 : 00000000;
	11f1 : 000000BD;
	11f2 : 00000000;
	11f3 : 000000BE;
	11f4 : 00000000;
	11f5 : 000000BF;
	11f6 : 00000000;
	11f7 : 000000C0;
	11f8 : 00000090;
	11f9 : 000000C1;
	11fa : 00000001;
	11fb : 000000C2;
	11fc : 00000000;
	11fd : 000000C3;
	11fe : 00000000;
	11ff : 000000C4;
	1200 : 00000000;
	1201 : 000000C5;
	1202 : 00000000;
	1203 : 000000C6;
	1204 : 00000000;
	1205 : 000000C7;
	1206 : 00000000;
	1207 : 000000C8;
	1208 : 00000000;
	1209 : 000000C9;
	120a : 00000000;
	120b : 000000CA;
	120c : 00000000;
	120d : 000000CB;
	120e : 00000000;
	120f : 000000CC;
	1210 : 00000055;
	1211 : 000000CD;
	1212 : 00000001;
	1213 : 000000CE;
	1214 : 000000FF;
	1215 : 000000CF;
	1216 : 00000000;
	1217 : 000000D0;
	1218 : 0000001F;
	1219 : 000000D1;
	121a : 00000000;
	121b : 000000D2;
	121c : 00000000;
	121d : 000000D3;
	121e : 00000000;
	121f : 000000D4;
	1220 : 00000000;
	1221 : 000000D5;
	1222 : 00000000;
	1223 : 000000D6;
	1224 : 00000000;
	1225 : 000000D7;
	1226 : 00000000;
	1227 : 000000D8;
	1228 : 00000000;
	1229 : 000000D9;
	122a : 00000000;
	122b : 000000DA;
	122c : 00000000;
	122d : 000000DB;
	122e : 00000000;
	122f : 000000DC;
	1230 : 00000001;
	1231 : 000000DD;
	1232 : 00000000;
	1233 : 000000DE;
	1234 : 00000000;
	1235 : 000000DF;
	1236 : 00000000;
	1237 : 000000E0;
	1238 : 0000004A;
	1239 : 000000E1;
	123a : 0000001E;
	123b : 000000E2;
	123c : 00000000;
	123d : 000000E3;
	123e : 00000000;
	123f : 000000E4;
	1240 : 00000020;
	1241 : 000000E5;
	1242 : 00000000;
	1243 : 000000E6;
	1244 : 00000000;
	1245 : 000000E7;
	1246 : 00000000;
	1247 : 000000E8;
	1248 : 00000000;
	1249 : 000000E9;
	124a : 00000000;
	124b : 000000EA;
	124c : 00000004;
	124d : 000000EB;
	124e : 00000000;
	124f : 000000EC;
	1250 : 00000000;
	1251 : 000000ED;
	1252 : 00000000;
	1253 : 000000EE;
	1254 : 00000000;
	1255 : 000000EF;
	1256 : 00000000;
	1257 : 000000F0;
	1258 : 0000000B;
	1259 : 000000F1;
	125a : 00000001;
	125b : 000000F2;
	125c : 00000000;
	125d : 000000F3;
	125e : 00000000;
	125f : 000000F4;
	1260 : 00000044;
	1261 : 000000F5;
	1262 : 00000000;
	1263 : 000000F6;
	1264 : 00000000;
	1265 : 000000F7;
	1266 : 00000000;
	1267 : 000000F8;
	1268 : 0000000D;
	1269 : 000000F9;
	126a : 0000004D;
	126b : 000000FA;
	126c : 00000001;
	126d : 000000FB;
	126e : 00000000;
	126f : 000000FC;
	1270 : 00000000;
	1271 : 000000FD;
	1272 : 00000000;
	1273 : 000000FE;
	1274 : 00000000;
	1275 : 000000FF;
	1276 : 00000000;
	1277 : 00000100;
	1278 : 00000076;
	1279 : 00000101;
	127a : 00000081;
	127b : 00000102;
	127c : 00000008;
	127d : 00000103;
	127e : 000000A7;
	127f : 00000104;
	1280 : 000000B4;
	1281 : 00000105;
	1282 : 00000003;
	1283 : 00000106;
	1284 : 00000000;
	1285 : 00000107;
	1286 : 00000000;
	1287 : 00000108;
	1288 : 00000022;
	1289 : 00000109;
	128a : 00000080;
	128b : 0000010A;
	128c : 00000008;
	128d : 0000010B;
	128e : 00000066;
	128f : 0000010C;
	1290 : 000000B4;
	1291 : 0000010D;
	1292 : 00000003;
	1293 : 0000010E;
	1294 : 00000000;
	1295 : 0000010F;
	1296 : 00000000;
	1297 : 00000110;
	1298 : 00000022;
	1299 : 00000111;
	129a : 00000080;
	129b : 00000112;
	129c : 00000008;
	129d : 00000113;
	129e : 00000066;
	129f : 00000114;
	12a0 : 000000B4;
	12a1 : 00000115;
	12a2 : 00000003;
	12a3 : 00000116;
	12a4 : 00000000;
	12a5 : 00000117;
	12a6 : 00000000;
	12a7 : 00000118;
	12a8 : 00000069;
	12a9 : 00000119;
	12aa : 00000000;
	12ab : 0000011A;
	12ac : 0000000B;
	12ad : 0000011B;
	12ae : 0000006C;
	12af : 0000011C;
	12b0 : 000000B4;
	12b1 : 0000011D;
	12b2 : 00000003;
	12b3 : 0000011E;
	12b4 : 00000000;
	12b5 : 0000011F;
	12b6 : 00000000;
	12b7 : 00000120;
	12b8 : 00000000;
	12b9 : 00000121;
	12ba : 00000000;
	12bb : 00000122;
	12bc : 00000050;
	12bd : 00000123;
	12be : 00000000;
	12bf : 00000124;
	12c0 : 00000000;
	12c1 : 00000125;
	12c2 : 00000000;
	12c3 : 00000126;
	12c4 : 00000070;
	12c5 : 00000127;
	12c6 : 00000000;
	12c7 : 00000128;
	12c8 : 00000000;
	12c9 : 00000129;
	12ca : 00000000;
	12cb : 0000012A;
	12cc : 00000000;
	12cd : 0000012B;
	12ce : 00000000;
	12cf : 0000012C;
	12d0 : 00000000;
	12d1 : 0000012D;
	12d2 : 00000000;
	12d3 : 0000012E;
	12d4 : 00000000;
	12d5 : 0000012F;
	12d6 : 00000000;
	12d7 : 00000130;
	12d8 : 00000010;
	12d9 : 00000131;
	12da : 0000002F;
	12db : 00000132;
	12dc : 00000000;
	12dd : 00000133;
	12de : 00000002;
	12df : 00000134;
	12e0 : 00000000;
	12e1 : 00000135;
	12e2 : 00000002;
	12e3 : 00000136;
	12e4 : 00000000;
	12e5 : 00000137;
	12e6 : 00000000;
	12e7 : 00000138;
	12e8 : 00000000;
	12e9 : 00000139;
	12ea : 00000000;
	12eb : 0000013A;
	12ec : 00000000;
	12ed : 0000013B;
	12ee : 00000000;
	12ef : 0000013C;
	12f0 : 00000000;
	12f1 : 0000013D;
	12f2 : 00000000;
	12f3 : 0000013E;
	12f4 : 00000000;
	12f5 : 0000013F;
	12f6 : 00000000;
	12f7 : 00000140;
	12f8 : 00000021;
	12f9 : 00000141;
	12fa : 00000001;
	12fb : 00000142;
	12fc : 00000044;
	12fd : 00000143;
	12fe : 00000009;
	12ff : 00000144;
	1300 : 00000005;
	1301 : 00000145;
	1302 : 00000000;
	1303 : 00000146;
	1304 : 00000000;
	1305 : 00000147;
	1306 : 00000000;
	1307 : 00000148;
	1308 : 00000000;
	1309 : 00000149;
	130a : 00000000;
	130b : 0000014A;
	130c : 00000000;
	130d : 0000014B;
	130e : 00000000;
	130f : 0000014C;
	1310 : 00000000;
	1311 : 0000014D;
	1312 : 00000000;
	1313 : 0000014E;
	1314 : 00000000;
	1315 : 0000014F;
	1316 : 00000000;
	1317 : 00000150;
	1318 : 00000000;
	1319 : 00000151;
	131a : 00000000;
	131b : 00000152;
	131c : 00000000;
	131d : 00000153;
	131e : 00000000;
	131f : 00000154;
	1320 : 000000BB;
	1321 : 00000155;
	1322 : 00000000;
	1323 : 00000156;
	1324 : 00000023;
	1325 : 00000157;
	1326 : 0000000D;
	1327 : 00000158;
	1328 : 00000044;
	1329 : 00000159;
	132a : 0000003E;
	132b : 0000015A;
	132c : 00000064;
	132d : 0000015B;
	132e : 00000027;
	132f : 0000015C;
	1330 : 00000006;
	1331 : 0000015D;
	1332 : 0000001F;
	1333 : 0000015E;
	1334 : 00000045;
	1335 : 0000015F;
	1336 : 0000000F;
	1337 : 00000160;
	1338 : 00000004;
	1339 : 00000161;
	133a : 00000000;
	133b : 00000162;
	133c : 00000000;
	133d : 00000163;
	133e : 0000007A;
	133f : 00000164;
	1340 : 00000080;
	1341 : 00000165;
	1342 : 00000001;
	1343 : 00000166;
	1344 : 00000088;
	1345 : 00000167;
	1346 : 00000000;
	1347 : 00000168;
	1348 : 00000000;
	1349 : 00000169;
	134a : 00000000;
	134b : 0000016A;
	134c : 00000000;
	134d : 0000016B;
	134e : 00000025;
	134f : 0000016C;
	1350 : 00000001;
	1351 : 0000016D;
	1352 : 00000000;
	1353 : 0000016E;
	1354 : 00000001;
	1355 : 0000016F;
	1356 : 00000009;
	1357 : 00000170;
	1358 : 00000000;
	1359 : 00000171;
	135a : 00000000;
	135b : 00000172;
	135c : 00000000;
	135d : 00000173;
	135e : 00000000;
	135f : 00000174;
	1360 : 00000000;
	1361 : 00000175;
	1362 : 00000000;
	1363 : 00000176;
	1364 : 00000000;
	1365 : 00000177;
	1366 : 00000000;
	1367 : 00000178;
	1368 : 00000000;
	1369 : 00000179;
	136a : 00000000;
	136b : 0000017A;
	136c : 00000000;
	136d : 0000017B;
	136e : 00000000;
	136f : 0000017C;
	1370 : 00000000;
	1371 : 0000017D;
	1372 : 00000000;
	1373 : 0000017E;
	1374 : 00000000;
	1375 : 0000017F;
	1376 : 00000000;
	1377 : 00000180;
	1378 : 00000000;
	1379 : 00000181;
	137a : 00000000;
	137b : 00000182;
	137c : 00000000;
	137d : 00000183;
	137e : 00000000;
	137f : 00000184;
	1380 : 00000000;
	1381 : 00000185;
	1382 : 00000000;
	1383 : 00000186;
	1384 : 00000000;
	1385 : 00000187;
	1386 : 00000000;
	1387 : 00000188;
	1388 : 00000000;
	1389 : 00000189;
	138a : 00000000;
	138b : 0000018A;
	138c : 00000000;
	138d : 0000018B;
	138e : 00000000;
	138f : 0000018C;
	1390 : 00000000;
	1391 : 0000018D;
	1392 : 00000000;
	1393 : 0000018E;
	1394 : 00000000;
	1395 : 0000018F;
	1396 : 00000000;
	1397 : 00000190;
	1398 : 00000008;
	1399 : 00000191;
	139a : 00000000;
	139b : 00000192;
	139c : 00000000;
	139d : 00000193;
	139e : 00000000;
	139f : 00000194;
	13a0 : 00000000;
	13a1 : 00000195;
	13a2 : 00000000;
	13a3 : 00000196;
	13a4 : 00000000;
	13a5 : 00000197;
	13a6 : 00000000;
	13a7 : 00000198;
	13a8 : 00000000;
	13a9 : 00000199;
	13aa : 00000000;
	13ab : 0000019A;
	13ac : 00000000;
	13ad : 0000019B;
	13ae : 00000000;
	13af : 0000019C;
	13b0 : 00000000;
	13b1 : 0000019D;
	13b2 : 00000000;
	13b3 : 0000019E;
	13b4 : 00000000;
	13b5 : 0000019F;
	13b6 : 00000000;
	13b7 : 000001A0;
	13b8 : 0000002C;
	13b9 : 000001A1;
	13ba : 0000003B;
	13bb : 000001A2;
	13bc : 00000000;
	13bd : 000001A3;
	13be : 00000077;
	13bf : 000001A4;
	13c0 : 00000070;
	13c1 : 000001A5;
	13c2 : 00000080;
	13c3 : 000001A6;
	13c4 : 00000001;
	13c5 : 000001A7;
	13c6 : 00000000;
	13c7 : 000001A8;
	13c8 : 00000000;
	13c9 : 000001A9;
	13ca : 00000008;
	13cb : 000001AA;
	13cc : 00000000;
	13cd : 000001AB;
	13ce : 00000000;
	13cf : 000001AC;
	13d0 : 00000000;
	13d1 : 000001AD;
	13d2 : 00000000;
	13d3 : 000001AE;
	13d4 : 00000000;
	13d5 : 000001AF;
	13d6 : 00000000;
	13d7 : 000001B0;
	13d8 : 00000000;
	13d9 : 000001B1;
	13da : 00000000;
	13db : 000001B2;
	13dc : 00000000;
	13dd : 000001B3;
	13de : 00000000;
	13df : 000001B4;
	13e0 : 000000F0;
	13e1 : 000001B5;
	13e2 : 00000000;
	13e3 : 000001B6;
	13e4 : 000000D0;
	13e5 : 000001B7;
	13e6 : 00000003;
	13e7 : 000001B8;
	13e8 : 00000000;
	13e9 : 000001B9;
	13ea : 00000000;
	13eb : 000001BA;
	13ec : 00000000;
	13ed : 000001BB;
	13ee : 00000000;
	13ef : 000001BC;
	13f0 : 000000BA;
	13f1 : 000001BD;
	13f2 : 00000000;
	13f3 : 000001BE;
	13f4 : 00000000;
	13f5 : 000001BF;
	13f6 : 00000000;
	13f7 : 000001C0;
	13f8 : 0000001A;
	13f9 : 000001C1;
	13fa : 000000A6;
	13fb : 000001C2;
	13fc : 0000000F;
	13fd : 000001C3;
	13fe : 00000047;
	13ff : 000001C4;
	1400 : 00000024;
	1401 : 000001C5;
	1402 : 00000000;
	1403 : 000001C6;
	1404 : 00000024;
	1405 : 000001C7;
	1406 : 00000000;
	1407 : 000001C8;
	1408 : 00000000;
	1409 : 000001C9;
	140a : 00000011;
	140b : 000001CA;
	140c : 00000020;
	140d : 000001CB;
	140e : 00000012;
	140f : 000001CC;
	1410 : 0000000B;
	1411 : 000001CD;
	1412 : 00000010;
	1413 : 000001CE;
	1414 : 00000002;
	1415 : 000001CF;
	1416 : 00000030;
	1417 : 000001D0;
	1418 : 00000000;
	1419 : 000001D1;
	141a : 00000000;
	141b : 000001D2;
	141c : 00000000;
	141d : 000001D3;
	141e : 00000000;
	141f : 000001D4;
	1420 : 00000000;
	1421 : 000001D5;
	1422 : 00000000;
	1423 : 000001D6;
	1424 : 00000000;
	1425 : 000001D7;
	1426 : 00000000;
	1427 : 000001D8;
	1428 : 00000000;
	1429 : 000001D9;
	142a : 00000000;
	142b : 000001DA;
	142c : 00000000;
	142d : 000001DB;
	142e : 00000000;
	142f : 000001DC;
	1430 : 00000000;
	1431 : 000001DD;
	1432 : 00000000;
	1433 : 000001DE;
	1434 : 00000000;
	1435 : 000001DF;
	1436 : 00000000;
	1437 : 00000000;
	1438 : 00000033;
	1439 : 00000001;
	143a : 00000010;
	143b : 00000002;
	143c : 0000004A;
	143d : 00000003;
	143e : 00000020;
	143f : 00000004;
	1440 : 00000032;
	1441 : 00000005;
	1442 : 00000002;
	1443 : 00000006;
	1444 : 00000000;
	1445 : 00000007;
	1446 : 00000000;
	1447 : 00000008;
	1448 : 00000004;
	1449 : 00000009;
	144a : 00000000;
	144b : 0000000A;
	144c : 00000030;
	144d : 0000000B;
	144e : 00000000;
	144f : 0000000C;
	1450 : 00000000;
	1451 : 0000000D;
	1452 : 00000000;
	1453 : 0000000E;
	1454 : 00000000;
	1455 : 0000000F;
	1456 : 00000000;
	1457 : 00000010;
	1458 : 00000000;
	1459 : 00000011;
	145a : 00000000;
	145b : 00000012;
	145c : 00000019;
	145d : 00000013;
	145e : 0000009A;
	145f : 00000014;
	1460 : 00000000;
	1461 : 00000015;
	1462 : 00000000;
	1463 : 00000016;
	1464 : 00000000;
	1465 : 00000017;
	1466 : 00000000;
	1467 : 00000018;
	1468 : 00000000;
	1469 : 00000019;
	146a : 00000000;
	146b : 0000001A;
	146c : 00000000;
	146d : 0000001B;
	146e : 000000F0;
	146f : 0000001C;
	1470 : 00000000;
	1471 : 0000001D;
	1472 : 00000000;
	1473 : 0000001E;
	1474 : 00000000;
	1475 : 0000001F;
	1476 : 00000000;
	1477 : 00000020;
	1478 : 00000000;
	1479 : 00000021;
	147a : 00000000;
	147b : 00000022;
	147c : 00000000;
	147d : 00000023;
	147e : 00000000;
	147f : 00000024;
	1480 : 00000000;
	1481 : 00000025;
	1482 : 00000000;
	1483 : 00000026;
	1484 : 00000000;
	1485 : 00000027;
	1486 : 00000000;
	1487 : 00000028;
	1488 : 00000000;
	1489 : 00000029;
	148a : 00000000;
	148b : 0000002A;
	148c : 00000000;
	148d : 0000002B;
	148e : 00000000;
	148f : 0000002C;
	1490 : 00000000;
	1491 : 0000002D;
	1492 : 00000000;
	1493 : 0000002E;
	1494 : 00000000;
	1495 : 0000002F;
	1496 : 00000000;
	1497 : 00000030;
	1498 : 00000003;
	1499 : 00000031;
	149a : 00000001;
	149b : 00000032;
	149c : 00000000;
	149d : 00000033;
	149e : 00000000;
	149f : 00000034;
	14a0 : 00000001;
	14a1 : 00000035;
	14a2 : 00000000;
	14a3 : 00000036;
	14a4 : 00000000;
	14a5 : 00000037;
	14a6 : 00000000;
	14a7 : 00000038;
	14a8 : 00000000;
	14a9 : 00000039;
	14aa : 00000000;
	14ab : 0000003A;
	14ac : 00000000;
	14ad : 0000003B;
	14ae : 00000000;
	14af : 0000003C;
	14b0 : 00000000;
	14b1 : 0000003D;
	14b2 : 00000000;
	14b3 : 0000003E;
	14b4 : 00000000;
	14b5 : 0000003F;
	14b6 : 00000000;
	14b7 : 00000040;
	14b8 : 00000003;
	14b9 : 00000041;
	14ba : 00000001;
	14bb : 00000042;
	14bc : 00000000;
	14bd : 00000043;
	14be : 00000000;
	14bf : 00000044;
	14c0 : 00000001;
	14c1 : 00000045;
	14c2 : 00000000;
	14c3 : 00000046;
	14c4 : 00000000;
	14c5 : 00000047;
	14c6 : 00000000;
	14c7 : 00000048;
	14c8 : 00000000;
	14c9 : 00000049;
	14ca : 00000000;
	14cb : 0000004A;
	14cc : 00000000;
	14cd : 0000004B;
	14ce : 00000000;
	14cf : 0000004C;
	14d0 : 00000000;
	14d1 : 0000004D;
	14d2 : 00000000;
	14d3 : 0000004E;
	14d4 : 00000000;
	14d5 : 0000004F;
	14d6 : 00000000;
	14d7 : 00000050;
	14d8 : 00000003;
	14d9 : 00000051;
	14da : 00000001;
	14db : 00000052;
	14dc : 00000000;
	14dd : 00000053;
	14de : 00000000;
	14df : 00000054;
	14e0 : 00000001;
	14e1 : 00000055;
	14e2 : 00000000;
	14e3 : 00000056;
	14e4 : 00000000;
	14e5 : 00000057;
	14e6 : 00000000;
	14e7 : 00000058;
	14e8 : 00000000;
	14e9 : 00000059;
	14ea : 00000000;
	14eb : 0000005A;
	14ec : 00000000;
	14ed : 0000005B;
	14ee : 00000000;
	14ef : 0000005C;
	14f0 : 00000000;
	14f1 : 0000005D;
	14f2 : 00000000;
	14f3 : 0000005E;
	14f4 : 00000000;
	14f5 : 0000005F;
	14f6 : 00000000;
	14f7 : 00000060;
	14f8 : 00000001;
	14f9 : 00000061;
	14fa : 00000001;
	14fb : 00000062;
	14fc : 00000000;
	14fd : 00000063;
	14fe : 00000000;
	14ff : 00000064;
	1500 : 00000000;
	1501 : 00000065;
	1502 : 00000000;
	1503 : 00000066;
	1504 : 00000010;
	1505 : 00000067;
	1506 : 00000000;
	1507 : 00000068;
	1508 : 00000000;
	1509 : 00000069;
	150a : 00000000;
	150b : 0000006A;
	150c : 00000000;
	150d : 0000006B;
	150e : 00000000;
	150f : 0000006C;
	1510 : 00000000;
	1511 : 0000006D;
	1512 : 00000000;
	1513 : 0000006E;
	1514 : 00000000;
	1515 : 0000006F;
	1516 : 00000000;
	1517 : 00000070;
	1518 : 00000000;
	1519 : 00000071;
	151a : 00000000;
	151b : 00000072;
	151c : 00000000;
	151d : 00000073;
	151e : 00000000;
	151f : 00000074;
	1520 : 00000000;
	1521 : 00000075;
	1522 : 00000000;
	1523 : 00000076;
	1524 : 00000000;
	1525 : 00000077;
	1526 : 00000000;
	1527 : 00000078;
	1528 : 00000000;
	1529 : 00000079;
	152a : 00000000;
	152b : 0000007A;
	152c : 00000000;
	152d : 0000007B;
	152e : 00000000;
	152f : 0000007C;
	1530 : 00000000;
	1531 : 0000007D;
	1532 : 00000000;
	1533 : 0000007E;
	1534 : 00000000;
	1535 : 0000007F;
	1536 : 00000000;
	1537 : 00000080;
	1538 : 00000001;
	1539 : 00000081;
	153a : 00000001;
	153b : 00000082;
	153c : 00000000;
	153d : 00000083;
	153e : 00000000;
	153f : 00000084;
	1540 : 00000000;
	1541 : 00000085;
	1542 : 00000000;
	1543 : 00000086;
	1544 : 00000010;
	1545 : 00000087;
	1546 : 00000000;
	1547 : 00000088;
	1548 : 00000000;
	1549 : 00000089;
	154a : 00000000;
	154b : 0000008A;
	154c : 00000000;
	154d : 0000008B;
	154e : 00000000;
	154f : 0000008C;
	1550 : 00000000;
	1551 : 0000008D;
	1552 : 00000000;
	1553 : 0000008E;
	1554 : 00000000;
	1555 : 0000008F;
	1556 : 00000000;
	1557 : 00000090;
	1558 : 00000000;
	1559 : 00000091;
	155a : 00000000;
	155b : 00000092;
	155c : 00000000;
	155d : 00000093;
	155e : 00000000;
	155f : 00000094;
	1560 : 00000000;
	1561 : 00000095;
	1562 : 00000000;
	1563 : 00000096;
	1564 : 00000000;
	1565 : 00000097;
	1566 : 00000000;
	1567 : 00000098;
	1568 : 00000000;
	1569 : 00000099;
	156a : 00000000;
	156b : 0000009A;
	156c : 00000000;
	156d : 0000009B;
	156e : 00000000;
	156f : 0000009C;
	1570 : 00000000;
	1571 : 0000009D;
	1572 : 00000000;
	1573 : 0000009E;
	1574 : 00000000;
	1575 : 0000009F;
	1576 : 00000000;
	1577 : 000000A0;
	1578 : 00000082;
	1579 : 000000A1;
	157a : 00000080;
	157b : 000000A2;
	157c : 00000036;
	157d : 000000A3;
	157e : 00000000;
	157f : 000000A4;
	1580 : 00000000;
	1581 : 000000A5;
	1582 : 00000038;
	1583 : 000000A6;
	1584 : 00000042;
	1585 : 000000A7;
	1586 : 0000005B;
	1587 : 000000A8;
	1588 : 00000010;
	1589 : 000000A9;
	158a : 00000011;
	158b : 000000AA;
	158c : 00000000;
	158d : 000000AB;
	158e : 00000000;
	158f : 000000AC;
	1590 : 000000FF;
	1591 : 000000AD;
	1592 : 000000FF;
	1593 : 000000AE;
	1594 : 000000FF;
	1595 : 000000AF;
	1596 : 0000001F;
	1597 : 000000B0;
	1598 : 00000000;
	1599 : 000000B1;
	159a : 00000000;
	159b : 000000B2;
	159c : 00000000;
	159d : 000000B3;
	159e : 00000000;
	159f : 000000B4;
	15a0 : 00000000;
	15a1 : 000000B5;
	15a2 : 00000000;
	15a3 : 000000B6;
	15a4 : 00000000;
	15a5 : 000000B7;
	15a6 : 00000000;
	15a7 : 000000B8;
	15a8 : 00000000;
	15a9 : 000000B9;
	15aa : 00000000;
	15ab : 000000BA;
	15ac : 00000080;
	15ad : 000000BB;
	15ae : 00000000;
	15af : 000000BC;
	15b0 : 00000000;
	15b1 : 000000BD;
	15b2 : 00000000;
	15b3 : 000000BE;
	15b4 : 00000000;
	15b5 : 000000BF;
	15b6 : 00000000;
	15b7 : 000000C0;
	15b8 : 00000090;
	15b9 : 000000C1;
	15ba : 00000001;
	15bb : 000000C2;
	15bc : 00000000;
	15bd : 000000C3;
	15be : 00000000;
	15bf : 000000C4;
	15c0 : 00000000;
	15c1 : 000000C5;
	15c2 : 00000000;
	15c3 : 000000C6;
	15c4 : 00000000;
	15c5 : 000000C7;
	15c6 : 00000000;
	15c7 : 000000C8;
	15c8 : 00000000;
	15c9 : 000000C9;
	15ca : 00000000;
	15cb : 000000CA;
	15cc : 00000000;
	15cd : 000000CB;
	15ce : 00000000;
	15cf : 000000CC;
	15d0 : 00000055;
	15d1 : 000000CD;
	15d2 : 00000001;
	15d3 : 000000CE;
	15d4 : 000000FF;
	15d5 : 000000CF;
	15d6 : 00000000;
	15d7 : 000000D0;
	15d8 : 0000001F;
	15d9 : 000000D1;
	15da : 00000000;
	15db : 000000D2;
	15dc : 00000000;
	15dd : 000000D3;
	15de : 00000000;
	15df : 000000D4;
	15e0 : 00000000;
	15e1 : 000000D5;
	15e2 : 00000000;
	15e3 : 000000D6;
	15e4 : 00000000;
	15e5 : 000000D7;
	15e6 : 00000000;
	15e7 : 000000D8;
	15e8 : 00000000;
	15e9 : 000000D9;
	15ea : 00000000;
	15eb : 000000DA;
	15ec : 00000000;
	15ed : 000000DB;
	15ee : 00000000;
	15ef : 000000DC;
	15f0 : 00000001;
	15f1 : 000000DD;
	15f2 : 00000000;
	15f3 : 000000DE;
	15f4 : 00000000;
	15f5 : 000000DF;
	15f6 : 00000000;
	15f7 : 000000E0;
	15f8 : 0000004A;
	15f9 : 000000E1;
	15fa : 0000001E;
	15fb : 000000E2;
	15fc : 00000000;
	15fd : 000000E3;
	15fe : 00000081;
	15ff : 000000E4;
	1600 : 00000022;
	1601 : 000000E5;
	1602 : 00000000;
	1603 : 000000E6;
	1604 : 0000005C;
	1605 : 000000E7;
	1606 : 0000008F;
	1607 : 000000E8;
	1608 : 00000000;
	1609 : 000000E9;
	160a : 00000000;
	160b : 000000EA;
	160c : 00000004;
	160d : 000000EB;
	160e : 00000000;
	160f : 000000EC;
	1610 : 00000000;
	1611 : 000000ED;
	1612 : 00000000;
	1613 : 000000EE;
	1614 : 00000000;
	1615 : 000000EF;
	1616 : 00000000;
	1617 : 000000F0;
	1618 : 0000000B;
	1619 : 000000F1;
	161a : 00000001;
	161b : 000000F2;
	161c : 00000000;
	161d : 000000F3;
	161e : 00000000;
	161f : 000000F4;
	1620 : 00000044;
	1621 : 000000F5;
	1622 : 00000000;
	1623 : 000000F6;
	1624 : 00000000;
	1625 : 000000F7;
	1626 : 00000000;
	1627 : 000000F8;
	1628 : 0000000D;
	1629 : 000000F9;
	162a : 0000004D;
	162b : 000000FA;
	162c : 00000001;
	162d : 000000FB;
	162e : 00000000;
	162f : 000000FC;
	1630 : 00000000;
	1631 : 000000FD;
	1632 : 00000000;
	1633 : 000000FE;
	1634 : 00000000;
	1635 : 000000FF;
	1636 : 00000000;
	1637 : 00000100;
	1638 : 00000069;
	1639 : 00000101;
	163a : 00000000;
	163b : 00000102;
	163c : 0000000B;
	163d : 00000103;
	163e : 000000A7;
	163f : 00000104;
	1640 : 000000B4;
	1641 : 00000105;
	1642 : 00000003;
	1643 : 00000106;
	1644 : 00000000;
	1645 : 00000107;
	1646 : 00000000;
	1647 : 00000108;
	1648 : 00000027;
	1649 : 00000109;
	164a : 00000080;
	164b : 0000010A;
	164c : 00000008;
	164d : 0000010B;
	164e : 00000066;
	164f : 0000010C;
	1650 : 000000B4;
	1651 : 0000010D;
	1652 : 00000003;
	1653 : 0000010E;
	1654 : 00000000;
	1655 : 0000010F;
	1656 : 00000000;
	1657 : 00000110;
	1658 : 00000027;
	1659 : 00000111;
	165a : 00000080;
	165b : 00000112;
	165c : 00000008;
	165d : 00000113;
	165e : 00000066;
	165f : 00000114;
	1660 : 000000B4;
	1661 : 00000115;
	1662 : 00000003;
	1663 : 00000116;
	1664 : 00000000;
	1665 : 00000117;
	1666 : 00000000;
	1667 : 00000118;
	1668 : 00000069;
	1669 : 00000119;
	166a : 00000000;
	166b : 0000011A;
	166c : 0000000B;
	166d : 0000011B;
	166e : 0000006C;
	166f : 0000011C;
	1670 : 000000B4;
	1671 : 0000011D;
	1672 : 00000003;
	1673 : 0000011E;
	1674 : 00000000;
	1675 : 0000011F;
	1676 : 00000000;
	1677 : 00000120;
	1678 : 00000000;
	1679 : 00000121;
	167a : 00000000;
	167b : 00000122;
	167c : 00000070;
	167d : 00000123;
	167e : 00000000;
	167f : 00000124;
	1680 : 00000000;
	1681 : 00000125;
	1682 : 00000000;
	1683 : 00000126;
	1684 : 00000070;
	1685 : 00000127;
	1686 : 00000000;
	1687 : 00000128;
	1688 : 00000000;
	1689 : 00000129;
	168a : 00000000;
	168b : 0000012A;
	168c : 00000000;
	168d : 0000012B;
	168e : 00000000;
	168f : 0000012C;
	1690 : 00000000;
	1691 : 0000012D;
	1692 : 00000000;
	1693 : 0000012E;
	1694 : 00000000;
	1695 : 0000012F;
	1696 : 00000000;
	1697 : 00000130;
	1698 : 00000010;
	1699 : 00000131;
	169a : 0000002F;
	169b : 00000132;
	169c : 00000000;
	169d : 00000133;
	169e : 00000002;
	169f : 00000134;
	16a0 : 00000000;
	16a1 : 00000135;
	16a2 : 00000002;
	16a3 : 00000136;
	16a4 : 00000000;
	16a5 : 00000137;
	16a6 : 00000000;
	16a7 : 00000138;
	16a8 : 00000000;
	16a9 : 00000139;
	16aa : 00000000;
	16ab : 0000013A;
	16ac : 00000000;
	16ad : 0000013B;
	16ae : 00000000;
	16af : 0000013C;
	16b0 : 00000000;
	16b1 : 0000013D;
	16b2 : 00000000;
	16b3 : 0000013E;
	16b4 : 00000000;
	16b5 : 0000013F;
	16b6 : 00000000;
	16b7 : 00000140;
	16b8 : 00000021;
	16b9 : 00000141;
	16ba : 00000006;
	16bb : 00000142;
	16bc : 00000044;
	16bd : 00000143;
	16be : 00000009;
	16bf : 00000144;
	16c0 : 00000005;
	16c1 : 00000145;
	16c2 : 00000000;
	16c3 : 00000146;
	16c4 : 00000000;
	16c5 : 00000147;
	16c6 : 00000000;
	16c7 : 00000148;
	16c8 : 00000000;
	16c9 : 00000149;
	16ca : 00000000;
	16cb : 0000014A;
	16cc : 00000000;
	16cd : 0000014B;
	16ce : 00000000;
	16cf : 0000014C;
	16d0 : 00000000;
	16d1 : 0000014D;
	16d2 : 00000000;
	16d3 : 0000014E;
	16d4 : 00000000;
	16d5 : 0000014F;
	16d6 : 00000000;
	16d7 : 00000150;
	16d8 : 000000CD;
	16d9 : 00000151;
	16da : 000000CC;
	16db : 00000152;
	16dc : 000000CC;
	16dd : 00000153;
	16de : 00000004;
	16df : 00000154;
	16e0 : 000000D2;
	16e1 : 00000155;
	16e2 : 00000000;
	16e3 : 00000156;
	16e4 : 00000023;
	16e5 : 00000157;
	16e6 : 0000000D;
	16e7 : 00000158;
	16e8 : 00000044;
	16e9 : 00000159;
	16ea : 0000003E;
	16eb : 0000015A;
	16ec : 00000064;
	16ed : 0000015B;
	16ee : 00000027;
	16ef : 0000015C;
	16f0 : 00000006;
	16f1 : 0000015D;
	16f2 : 0000001F;
	16f3 : 0000015E;
	16f4 : 00000045;
	16f5 : 0000015F;
	16f6 : 0000000F;
	16f7 : 00000160;
	16f8 : 00000004;
	16f9 : 00000161;
	16fa : 00000000;
	16fb : 00000162;
	16fc : 00000000;
	16fd : 00000163;
	16fe : 0000007A;
	16ff : 00000164;
	1700 : 00000080;
	1701 : 00000165;
	1702 : 00000001;
	1703 : 00000166;
	1704 : 00000088;
	1705 : 00000167;
	1706 : 00000000;
	1707 : 00000168;
	1708 : 00000000;
	1709 : 00000169;
	170a : 00000000;
	170b : 0000016A;
	170c : 00000000;
	170d : 0000016B;
	170e : 00000025;
	170f : 0000016C;
	1710 : 00000001;
	1711 : 0000016D;
	1712 : 00000000;
	1713 : 0000016E;
	1714 : 00000001;
	1715 : 0000016F;
	1716 : 00000009;
	1717 : 00000170;
	1718 : 00000000;
	1719 : 00000171;
	171a : 00000000;
	171b : 00000172;
	171c : 00000000;
	171d : 00000173;
	171e : 00000000;
	171f : 00000174;
	1720 : 00000000;
	1721 : 00000175;
	1722 : 00000000;
	1723 : 00000176;
	1724 : 00000000;
	1725 : 00000177;
	1726 : 00000000;
	1727 : 00000178;
	1728 : 00000000;
	1729 : 00000179;
	172a : 00000000;
	172b : 0000017A;
	172c : 00000000;
	172d : 0000017B;
	172e : 00000000;
	172f : 0000017C;
	1730 : 00000000;
	1731 : 0000017D;
	1732 : 00000000;
	1733 : 0000017E;
	1734 : 00000000;
	1735 : 0000017F;
	1736 : 00000000;
	1737 : 00000180;
	1738 : 00000000;
	1739 : 00000181;
	173a : 00000000;
	173b : 00000182;
	173c : 00000000;
	173d : 00000183;
	173e : 00000000;
	173f : 00000184;
	1740 : 00000000;
	1741 : 00000185;
	1742 : 00000000;
	1743 : 00000186;
	1744 : 00000000;
	1745 : 00000187;
	1746 : 00000000;
	1747 : 00000188;
	1748 : 00000000;
	1749 : 00000189;
	174a : 00000000;
	174b : 0000018A;
	174c : 00000000;
	174d : 0000018B;
	174e : 00000000;
	174f : 0000018C;
	1750 : 00000000;
	1751 : 0000018D;
	1752 : 00000000;
	1753 : 0000018E;
	1754 : 00000000;
	1755 : 0000018F;
	1756 : 00000000;
	1757 : 00000190;
	1758 : 00000000;
	1759 : 00000191;
	175a : 00000000;
	175b : 00000192;
	175c : 00000000;
	175d : 00000193;
	175e : 00000000;
	175f : 00000194;
	1760 : 00000000;
	1761 : 00000195;
	1762 : 00000000;
	1763 : 00000196;
	1764 : 00000000;
	1765 : 00000197;
	1766 : 00000000;
	1767 : 00000198;
	1768 : 00000000;
	1769 : 00000199;
	176a : 00000000;
	176b : 0000019A;
	176c : 00000000;
	176d : 0000019B;
	176e : 00000000;
	176f : 0000019C;
	1770 : 00000000;
	1771 : 0000019D;
	1772 : 00000000;
	1773 : 0000019E;
	1774 : 00000000;
	1775 : 0000019F;
	1776 : 00000000;
	1777 : 000001A0;
	1778 : 0000002C;
	1779 : 000001A1;
	177a : 0000003B;
	177b : 000001A2;
	177c : 00000000;
	177d : 000001A3;
	177e : 00000077;
	177f : 000001A4;
	1780 : 00000070;
	1781 : 000001A5;
	1782 : 00000080;
	1783 : 000001A6;
	1784 : 00000001;
	1785 : 000001A7;
	1786 : 00000000;
	1787 : 000001A8;
	1788 : 00000000;
	1789 : 000001A9;
	178a : 00000008;
	178b : 000001AA;
	178c : 00000000;
	178d : 000001AB;
	178e : 00000000;
	178f : 000001AC;
	1790 : 00000000;
	1791 : 000001AD;
	1792 : 00000000;
	1793 : 000001AE;
	1794 : 00000000;
	1795 : 000001AF;
	1796 : 00000000;
	1797 : 000001B0;
	1798 : 00000000;
	1799 : 000001B1;
	179a : 00000000;
	179b : 000001B2;
	179c : 00000000;
	179d : 000001B3;
	179e : 00000000;
	179f : 000001B4;
	17a0 : 000000F0;
	17a1 : 000001B5;
	17a2 : 00000000;
	17a3 : 000001B6;
	17a4 : 000000D0;
	17a5 : 000001B7;
	17a6 : 00000003;
	17a7 : 000001B8;
	17a8 : 00000000;
	17a9 : 000001B9;
	17aa : 00000000;
	17ab : 000001BA;
	17ac : 00000000;
	17ad : 000001BB;
	17ae : 00000000;
	17af : 000001BC;
	17b0 : 000000BA;
	17b1 : 000001BD;
	17b2 : 00000000;
	17b3 : 000001BE;
	17b4 : 00000000;
	17b5 : 000001BF;
	17b6 : 00000000;
	17b7 : 000001C0;
	17b8 : 0000001A;
	17b9 : 000001C1;
	17ba : 000000A6;
	17bb : 000001C2;
	17bc : 0000000F;
	17bd : 000001C3;
	17be : 00000047;
	17bf : 000001C4;
	17c0 : 00000024;
	17c1 : 000001C5;
	17c2 : 00000000;
	17c3 : 000001C6;
	17c4 : 00000024;
	17c5 : 000001C7;
	17c6 : 00000000;
	17c7 : 000001C8;
	17c8 : 00000000;
	17c9 : 000001C9;
	17ca : 00000011;
	17cb : 000001CA;
	17cc : 00000020;
	17cd : 000001CB;
	17ce : 00000012;
	17cf : 000001CC;
	17d0 : 0000000B;
	17d1 : 000001CD;
	17d2 : 00000010;
	17d3 : 000001CE;
	17d4 : 00000002;
	17d5 : 000001CF;
	17d6 : 00000030;
	17d7 : 000001D0;
	17d8 : 00000000;
	17d9 : 000001D1;
	17da : 00000000;
	17db : 000001D2;
	17dc : 00000000;
	17dd : 000001D3;
	17de : 00000000;
	17df : 000001D4;
	17e0 : 00000000;
	17e1 : 000001D5;
	17e2 : 00000000;
	17e3 : 000001D6;
	17e4 : 00000000;
	17e5 : 000001D7;
	17e6 : 00000000;
	17e7 : 000001D8;
	17e8 : 00000000;
	17e9 : 000001D9;
	17ea : 00000000;
	17eb : 000001DA;
	17ec : 00000000;
	17ed : 000001DB;
	17ee : 00000000;
	17ef : 000001DC;
	17f0 : 00000000;
	17f1 : 000001DD;
	17f2 : 00000000;
	17f3 : 000001DE;
	17f4 : 00000000;
	17f5 : 000001DF;
	17f6 : 00000000;
	17f7 : 00000000;
	17f8 : 00000033;
	17f9 : 00000001;
	17fa : 00000010;
	17fb : 00000002;
	17fc : 0000004A;
	17fd : 00000003;
	17fe : 00000030;
	17ff : 00000004;
	1800 : 00000032;
	1801 : 00000005;
	1802 : 00000002;
	1803 : 00000006;
	1804 : 00000000;
	1805 : 00000007;
	1806 : 00000000;
	1807 : 00000008;
	1808 : 00000004;
	1809 : 00000009;
	180a : 00000000;
	180b : 0000000A;
	180c : 00000030;
	180d : 0000000B;
	180e : 00000000;
	180f : 0000000C;
	1810 : 00000000;
	1811 : 0000000D;
	1812 : 00000000;
	1813 : 0000000E;
	1814 : 00000000;
	1815 : 0000000F;
	1816 : 00000000;
	1817 : 00000010;
	1818 : 00000000;
	1819 : 00000011;
	181a : 00000000;
	181b : 00000012;
	181c : 00000019;
	181d : 00000013;
	181e : 0000009A;
	181f : 00000014;
	1820 : 00000000;
	1821 : 00000015;
	1822 : 00000000;
	1823 : 00000016;
	1824 : 00000000;
	1825 : 00000017;
	1826 : 00000000;
	1827 : 00000018;
	1828 : 00000000;
	1829 : 00000019;
	182a : 00000000;
	182b : 0000001A;
	182c : 00000000;
	182d : 0000001B;
	182e : 000000F0;
	182f : 0000001C;
	1830 : 00000000;
	1831 : 0000001D;
	1832 : 00000000;
	1833 : 0000001E;
	1834 : 00000000;
	1835 : 0000001F;
	1836 : 00000000;
	1837 : 00000020;
	1838 : 00000000;
	1839 : 00000021;
	183a : 00000000;
	183b : 00000022;
	183c : 00000000;
	183d : 00000023;
	183e : 00000000;
	183f : 00000024;
	1840 : 00000000;
	1841 : 00000025;
	1842 : 00000000;
	1843 : 00000026;
	1844 : 00000000;
	1845 : 00000027;
	1846 : 00000000;
	1847 : 00000028;
	1848 : 00000000;
	1849 : 00000029;
	184a : 00000000;
	184b : 0000002A;
	184c : 00000000;
	184d : 0000002B;
	184e : 00000000;
	184f : 0000002C;
	1850 : 00000000;
	1851 : 0000002D;
	1852 : 00000000;
	1853 : 0000002E;
	1854 : 00000000;
	1855 : 0000002F;
	1856 : 00000000;
	1857 : 00000030;
	1858 : 00000003;
	1859 : 00000031;
	185a : 00000001;
	185b : 00000032;
	185c : 00000000;
	185d : 00000033;
	185e : 00000000;
	185f : 00000034;
	1860 : 00000001;
	1861 : 00000035;
	1862 : 00000000;
	1863 : 00000036;
	1864 : 00000000;
	1865 : 00000037;
	1866 : 00000000;
	1867 : 00000038;
	1868 : 00000000;
	1869 : 00000039;
	186a : 00000000;
	186b : 0000003A;
	186c : 00000000;
	186d : 0000003B;
	186e : 00000000;
	186f : 0000003C;
	1870 : 00000000;
	1871 : 0000003D;
	1872 : 00000000;
	1873 : 0000003E;
	1874 : 00000000;
	1875 : 0000003F;
	1876 : 00000000;
	1877 : 00000040;
	1878 : 00000003;
	1879 : 00000041;
	187a : 00000001;
	187b : 00000042;
	187c : 00000000;
	187d : 00000043;
	187e : 00000000;
	187f : 00000044;
	1880 : 00000001;
	1881 : 00000045;
	1882 : 00000000;
	1883 : 00000046;
	1884 : 00000000;
	1885 : 00000047;
	1886 : 00000000;
	1887 : 00000048;
	1888 : 00000000;
	1889 : 00000049;
	188a : 00000000;
	188b : 0000004A;
	188c : 00000000;
	188d : 0000004B;
	188e : 00000000;
	188f : 0000004C;
	1890 : 00000000;
	1891 : 0000004D;
	1892 : 00000000;
	1893 : 0000004E;
	1894 : 00000000;
	1895 : 0000004F;
	1896 : 00000000;
	1897 : 00000050;
	1898 : 00000003;
	1899 : 00000051;
	189a : 00000001;
	189b : 00000052;
	189c : 00000000;
	189d : 00000053;
	189e : 00000000;
	189f : 00000054;
	18a0 : 00000001;
	18a1 : 00000055;
	18a2 : 00000000;
	18a3 : 00000056;
	18a4 : 00000000;
	18a5 : 00000057;
	18a6 : 00000000;
	18a7 : 00000058;
	18a8 : 00000000;
	18a9 : 00000059;
	18aa : 00000000;
	18ab : 0000005A;
	18ac : 00000000;
	18ad : 0000005B;
	18ae : 00000000;
	18af : 0000005C;
	18b0 : 00000000;
	18b1 : 0000005D;
	18b2 : 00000000;
	18b3 : 0000005E;
	18b4 : 00000000;
	18b5 : 0000005F;
	18b6 : 00000000;
	18b7 : 00000060;
	18b8 : 00000001;
	18b9 : 00000061;
	18ba : 00000001;
	18bb : 00000062;
	18bc : 00000000;
	18bd : 00000063;
	18be : 00000000;
	18bf : 00000064;
	18c0 : 00000000;
	18c1 : 00000065;
	18c2 : 00000000;
	18c3 : 00000066;
	18c4 : 00000010;
	18c5 : 00000067;
	18c6 : 00000000;
	18c7 : 00000068;
	18c8 : 00000000;
	18c9 : 00000069;
	18ca : 00000000;
	18cb : 0000006A;
	18cc : 00000000;
	18cd : 0000006B;
	18ce : 00000000;
	18cf : 0000006C;
	18d0 : 00000000;
	18d1 : 0000006D;
	18d2 : 00000000;
	18d3 : 0000006E;
	18d4 : 00000000;
	18d5 : 0000006F;
	18d6 : 00000000;
	18d7 : 00000070;
	18d8 : 00000000;
	18d9 : 00000071;
	18da : 00000000;
	18db : 00000072;
	18dc : 00000000;
	18dd : 00000073;
	18de : 00000000;
	18df : 00000074;
	18e0 : 00000000;
	18e1 : 00000075;
	18e2 : 00000000;
	18e3 : 00000076;
	18e4 : 00000000;
	18e5 : 00000077;
	18e6 : 00000000;
	18e7 : 00000078;
	18e8 : 00000000;
	18e9 : 00000079;
	18ea : 00000000;
	18eb : 0000007A;
	18ec : 00000000;
	18ed : 0000007B;
	18ee : 00000000;
	18ef : 0000007C;
	18f0 : 00000000;
	18f1 : 0000007D;
	18f2 : 00000000;
	18f3 : 0000007E;
	18f4 : 00000000;
	18f5 : 0000007F;
	18f6 : 00000000;
	18f7 : 00000080;
	18f8 : 00000001;
	18f9 : 00000081;
	18fa : 00000001;
	18fb : 00000082;
	18fc : 00000000;
	18fd : 00000083;
	18fe : 00000000;
	18ff : 00000084;
	1900 : 00000000;
	1901 : 00000085;
	1902 : 00000000;
	1903 : 00000086;
	1904 : 00000010;
	1905 : 00000087;
	1906 : 00000000;
	1907 : 00000088;
	1908 : 00000000;
	1909 : 00000089;
	190a : 00000000;
	190b : 0000008A;
	190c : 00000000;
	190d : 0000008B;
	190e : 00000000;
	190f : 0000008C;
	1910 : 00000000;
	1911 : 0000008D;
	1912 : 00000000;
	1913 : 0000008E;
	1914 : 00000000;
	1915 : 0000008F;
	1916 : 00000000;
	1917 : 00000090;
	1918 : 00000000;
	1919 : 00000091;
	191a : 00000000;
	191b : 00000092;
	191c : 00000000;
	191d : 00000093;
	191e : 00000000;
	191f : 00000094;
	1920 : 00000000;
	1921 : 00000095;
	1922 : 00000000;
	1923 : 00000096;
	1924 : 00000000;
	1925 : 00000097;
	1926 : 00000000;
	1927 : 00000098;
	1928 : 00000000;
	1929 : 00000099;
	192a : 00000000;
	192b : 0000009A;
	192c : 00000000;
	192d : 0000009B;
	192e : 00000000;
	192f : 0000009C;
	1930 : 00000000;
	1931 : 0000009D;
	1932 : 00000000;
	1933 : 0000009E;
	1934 : 00000000;
	1935 : 0000009F;
	1936 : 00000000;
	1937 : 000000A0;
	1938 : 00000000;
	1939 : 000000A1;
	193a : 00000080;
	193b : 000000A2;
	193c : 00000036;
	193d : 000000A3;
	193e : 00000000;
	193f : 000000A4;
	1940 : 00000000;
	1941 : 000000A5;
	1942 : 00000038;
	1943 : 000000A6;
	1944 : 00000042;
	1945 : 000000A7;
	1946 : 0000005B;
	1947 : 000000A8;
	1948 : 00000010;
	1949 : 000000A9;
	194a : 00000011;
	194b : 000000AA;
	194c : 00000000;
	194d : 000000AB;
	194e : 00000000;
	194f : 000000AC;
	1950 : 000000FF;
	1951 : 000000AD;
	1952 : 000000FF;
	1953 : 000000AE;
	1954 : 000000FF;
	1955 : 000000AF;
	1956 : 0000001F;
	1957 : 000000B0;
	1958 : 00000000;
	1959 : 000000B1;
	195a : 00000000;
	195b : 000000B2;
	195c : 00000000;
	195d : 000000B3;
	195e : 00000000;
	195f : 000000B4;
	1960 : 00000000;
	1961 : 000000B5;
	1962 : 00000000;
	1963 : 000000B6;
	1964 : 00000000;
	1965 : 000000B7;
	1966 : 00000000;
	1967 : 000000B8;
	1968 : 00000000;
	1969 : 000000B9;
	196a : 00000000;
	196b : 000000BA;
	196c : 00000080;
	196d : 000000BB;
	196e : 00000000;
	196f : 000000BC;
	1970 : 00000000;
	1971 : 000000BD;
	1972 : 00000000;
	1973 : 000000BE;
	1974 : 00000000;
	1975 : 000000BF;
	1976 : 00000000;
	1977 : 000000C0;
	1978 : 00000090;
	1979 : 000000C1;
	197a : 00000001;
	197b : 000000C2;
	197c : 00000000;
	197d : 000000C3;
	197e : 00000000;
	197f : 000000C4;
	1980 : 00000000;
	1981 : 000000C5;
	1982 : 00000000;
	1983 : 000000C6;
	1984 : 00000000;
	1985 : 000000C7;
	1986 : 00000000;
	1987 : 000000C8;
	1988 : 00000000;
	1989 : 000000C9;
	198a : 00000000;
	198b : 000000CA;
	198c : 00000000;
	198d : 000000CB;
	198e : 00000000;
	198f : 000000CC;
	1990 : 00000055;
	1991 : 000000CD;
	1992 : 00000001;
	1993 : 000000CE;
	1994 : 000000FF;
	1995 : 000000CF;
	1996 : 00000000;
	1997 : 000000D0;
	1998 : 0000001F;
	1999 : 000000D1;
	199a : 00000000;
	199b : 000000D2;
	199c : 00000000;
	199d : 000000D3;
	199e : 00000000;
	199f : 000000D4;
	19a0 : 00000000;
	19a1 : 000000D5;
	19a2 : 00000000;
	19a3 : 000000D6;
	19a4 : 00000000;
	19a5 : 000000D7;
	19a6 : 00000000;
	19a7 : 000000D8;
	19a8 : 00000000;
	19a9 : 000000D9;
	19aa : 00000000;
	19ab : 000000DA;
	19ac : 00000000;
	19ad : 000000DB;
	19ae : 00000000;
	19af : 000000DC;
	19b0 : 00000001;
	19b1 : 000000DD;
	19b2 : 00000000;
	19b3 : 000000DE;
	19b4 : 00000000;
	19b5 : 000000DF;
	19b6 : 00000000;
	19b7 : 000000E0;
	19b8 : 0000004A;
	19b9 : 000000E1;
	19ba : 0000001E;
	19bb : 000000E2;
	19bc : 00000000;
	19bd : 000000E3;
	19be : 00000081;
	19bf : 000000E4;
	19c0 : 00000022;
	19c1 : 000000E5;
	19c2 : 00000000;
	19c3 : 000000E6;
	19c4 : 0000005C;
	19c5 : 000000E7;
	19c6 : 0000008F;
	19c7 : 000000E8;
	19c8 : 00000000;
	19c9 : 000000E9;
	19ca : 00000000;
	19cb : 000000EA;
	19cc : 00000004;
	19cd : 000000EB;
	19ce : 00000000;
	19cf : 000000EC;
	19d0 : 00000000;
	19d1 : 000000ED;
	19d2 : 00000000;
	19d3 : 000000EE;
	19d4 : 00000000;
	19d5 : 000000EF;
	19d6 : 00000000;
	19d7 : 000000F0;
	19d8 : 0000000B;
	19d9 : 000000F1;
	19da : 00000001;
	19db : 000000F2;
	19dc : 00000000;
	19dd : 000000F3;
	19de : 00000000;
	19df : 000000F4;
	19e0 : 00000044;
	19e1 : 000000F5;
	19e2 : 00000000;
	19e3 : 000000F6;
	19e4 : 00000000;
	19e5 : 000000F7;
	19e6 : 00000000;
	19e7 : 000000F8;
	19e8 : 0000000D;
	19e9 : 000000F9;
	19ea : 0000004D;
	19eb : 000000FA;
	19ec : 00000001;
	19ed : 000000FB;
	19ee : 00000000;
	19ef : 000000FC;
	19f0 : 00000000;
	19f1 : 000000FD;
	19f2 : 00000000;
	19f3 : 000000FE;
	19f4 : 00000000;
	19f5 : 000000FF;
	19f6 : 00000000;
	19f7 : 00000100;
	19f8 : 0000007D;
	19f9 : 00000101;
	19fa : 00000080;
	19fb : 00000102;
	19fc : 00000008;
	19fd : 00000103;
	19fe : 000000A7;
	19ff : 00000104;
	1a00 : 000000B4;
	1a01 : 00000105;
	1a02 : 00000003;
	1a03 : 00000106;
	1a04 : 00000000;
	1a05 : 00000107;
	1a06 : 00000000;
	1a07 : 00000108;
	1a08 : 0000004B;
	1a09 : 00000109;
	1a0a : 00000080;
	1a0b : 0000010A;
	1a0c : 00000008;
	1a0d : 0000010B;
	1a0e : 00000066;
	1a0f : 0000010C;
	1a10 : 000000B4;
	1a11 : 0000010D;
	1a12 : 00000003;
	1a13 : 0000010E;
	1a14 : 00000000;
	1a15 : 0000010F;
	1a16 : 00000000;
	1a17 : 00000110;
	1a18 : 0000004B;
	1a19 : 00000111;
	1a1a : 00000080;
	1a1b : 00000112;
	1a1c : 00000008;
	1a1d : 00000113;
	1a1e : 00000066;
	1a1f : 00000114;
	1a20 : 000000B4;
	1a21 : 00000115;
	1a22 : 00000003;
	1a23 : 00000116;
	1a24 : 00000000;
	1a25 : 00000117;
	1a26 : 00000000;
	1a27 : 00000118;
	1a28 : 00000069;
	1a29 : 00000119;
	1a2a : 00000000;
	1a2b : 0000011A;
	1a2c : 0000000B;
	1a2d : 0000011B;
	1a2e : 0000006C;
	1a2f : 0000011C;
	1a30 : 000000B4;
	1a31 : 0000011D;
	1a32 : 00000003;
	1a33 : 0000011E;
	1a34 : 00000000;
	1a35 : 0000011F;
	1a36 : 00000000;
	1a37 : 00000120;
	1a38 : 00000000;
	1a39 : 00000121;
	1a3a : 00000000;
	1a3b : 00000122;
	1a3c : 00000050;
	1a3d : 00000123;
	1a3e : 00000000;
	1a3f : 00000124;
	1a40 : 00000000;
	1a41 : 00000125;
	1a42 : 00000000;
	1a43 : 00000126;
	1a44 : 00000070;
	1a45 : 00000127;
	1a46 : 00000000;
	1a47 : 00000128;
	1a48 : 00000000;
	1a49 : 00000129;
	1a4a : 00000000;
	1a4b : 0000012A;
	1a4c : 00000000;
	1a4d : 0000012B;
	1a4e : 00000000;
	1a4f : 0000012C;
	1a50 : 00000000;
	1a51 : 0000012D;
	1a52 : 00000000;
	1a53 : 0000012E;
	1a54 : 00000000;
	1a55 : 0000012F;
	1a56 : 00000000;
	1a57 : 00000130;
	1a58 : 00000010;
	1a59 : 00000131;
	1a5a : 0000002F;
	1a5b : 00000132;
	1a5c : 00000000;
	1a5d : 00000133;
	1a5e : 00000002;
	1a5f : 00000134;
	1a60 : 00000000;
	1a61 : 00000135;
	1a62 : 00000002;
	1a63 : 00000136;
	1a64 : 00000000;
	1a65 : 00000137;
	1a66 : 00000000;
	1a67 : 00000138;
	1a68 : 00000000;
	1a69 : 00000139;
	1a6a : 00000000;
	1a6b : 0000013A;
	1a6c : 00000000;
	1a6d : 0000013B;
	1a6e : 00000000;
	1a6f : 0000013C;
	1a70 : 00000000;
	1a71 : 0000013D;
	1a72 : 00000000;
	1a73 : 0000013E;
	1a74 : 00000000;
	1a75 : 0000013F;
	1a76 : 00000000;
	1a77 : 00000140;
	1a78 : 00000021;
	1a79 : 00000141;
	1a7a : 00000001;
	1a7b : 00000142;
	1a7c : 00000044;
	1a7d : 00000143;
	1a7e : 00000009;
	1a7f : 00000144;
	1a80 : 00000005;
	1a81 : 00000145;
	1a82 : 00000000;
	1a83 : 00000146;
	1a84 : 00000000;
	1a85 : 00000147;
	1a86 : 00000000;
	1a87 : 00000148;
	1a88 : 00000000;
	1a89 : 00000149;
	1a8a : 00000000;
	1a8b : 0000014A;
	1a8c : 00000000;
	1a8d : 0000014B;
	1a8e : 00000000;
	1a8f : 0000014C;
	1a90 : 00000000;
	1a91 : 0000014D;
	1a92 : 00000000;
	1a93 : 0000014E;
	1a94 : 00000000;
	1a95 : 0000014F;
	1a96 : 00000000;
	1a97 : 00000150;
	1a98 : 00000000;
	1a99 : 00000151;
	1a9a : 00000000;
	1a9b : 00000152;
	1a9c : 00000000;
	1a9d : 00000153;
	1a9e : 00000004;
	1a9f : 00000154;
	1aa0 : 000000CA;
	1aa1 : 00000155;
	1aa2 : 00000000;
	1aa3 : 00000156;
	1aa4 : 00000001;
	1aa5 : 00000157;
	1aa6 : 00000005;
	1aa7 : 00000158;
	1aa8 : 00000077;
	1aa9 : 00000159;
	1aaa : 00000000;
	1aab : 0000015A;
	1aac : 00000004;
	1aad : 0000015B;
	1aae : 000000B7;
	1aaf : 0000015C;
	1ab0 : 00000006;
	1ab1 : 0000015D;
	1ab2 : 0000001F;
	1ab3 : 0000015E;
	1ab4 : 00000045;
	1ab5 : 0000015F;
	1ab6 : 0000000F;
	1ab7 : 00000160;
	1ab8 : 00000004;
	1ab9 : 00000161;
	1aba : 00000000;
	1abb : 00000162;
	1abc : 00000000;
	1abd : 00000163;
	1abe : 0000007A;
	1abf : 00000164;
	1ac0 : 00000080;
	1ac1 : 00000165;
	1ac2 : 00000001;
	1ac3 : 00000166;
	1ac4 : 00000088;
	1ac5 : 00000167;
	1ac6 : 00000000;
	1ac7 : 00000168;
	1ac8 : 00000000;
	1ac9 : 00000169;
	1aca : 00000000;
	1acb : 0000016A;
	1acc : 00000000;
	1acd : 0000016B;
	1ace : 00000025;
	1acf : 0000016C;
	1ad0 : 00000001;
	1ad1 : 0000016D;
	1ad2 : 00000000;
	1ad3 : 0000016E;
	1ad4 : 00000001;
	1ad5 : 0000016F;
	1ad6 : 00000009;
	1ad7 : 00000170;
	1ad8 : 00000000;
	1ad9 : 00000171;
	1ada : 00000000;
	1adb : 00000172;
	1adc : 00000000;
	1add : 00000173;
	1ade : 00000000;
	1adf : 00000174;
	1ae0 : 00000000;
	1ae1 : 00000175;
	1ae2 : 00000000;
	1ae3 : 00000176;
	1ae4 : 00000000;
	1ae5 : 00000177;
	1ae6 : 00000000;
	1ae7 : 00000178;
	1ae8 : 00000000;
	1ae9 : 00000179;
	1aea : 00000000;
	1aeb : 0000017A;
	1aec : 00000000;
	1aed : 0000017B;
	1aee : 00000000;
	1aef : 0000017C;
	1af0 : 00000000;
	1af1 : 0000017D;
	1af2 : 00000000;
	1af3 : 0000017E;
	1af4 : 00000000;
	1af5 : 0000017F;
	1af6 : 00000000;
	1af7 : 00000180;
	1af8 : 00000000;
	1af9 : 00000181;
	1afa : 00000000;
	1afb : 00000182;
	1afc : 00000000;
	1afd : 00000183;
	1afe : 00000000;
	1aff : 00000184;
	1b00 : 00000000;
	1b01 : 00000185;
	1b02 : 00000000;
	1b03 : 00000186;
	1b04 : 00000000;
	1b05 : 00000187;
	1b06 : 00000000;
	1b07 : 00000188;
	1b08 : 00000000;
	1b09 : 00000189;
	1b0a : 00000000;
	1b0b : 0000018A;
	1b0c : 00000000;
	1b0d : 0000018B;
	1b0e : 00000000;
	1b0f : 0000018C;
	1b10 : 00000000;
	1b11 : 0000018D;
	1b12 : 00000000;
	1b13 : 0000018E;
	1b14 : 00000000;
	1b15 : 0000018F;
	1b16 : 00000000;
	1b17 : 00000190;
	1b18 : 00000008;
	1b19 : 00000191;
	1b1a : 00000000;
	1b1b : 00000192;
	1b1c : 00000000;
	1b1d : 00000193;
	1b1e : 00000000;
	1b1f : 00000194;
	1b20 : 00000000;
	1b21 : 00000195;
	1b22 : 00000000;
	1b23 : 00000196;
	1b24 : 00000000;
	1b25 : 00000197;
	1b26 : 00000000;
	1b27 : 00000198;
	1b28 : 00000000;
	1b29 : 00000199;
	1b2a : 00000000;
	1b2b : 0000019A;
	1b2c : 00000000;
	1b2d : 0000019B;
	1b2e : 00000000;
	1b2f : 0000019C;
	1b30 : 00000000;
	1b31 : 0000019D;
	1b32 : 00000000;
	1b33 : 0000019E;
	1b34 : 00000000;
	1b35 : 0000019F;
	1b36 : 00000000;
	1b37 : 000001A0;
	1b38 : 0000002C;
	1b39 : 000001A1;
	1b3a : 0000003B;
	1b3b : 000001A2;
	1b3c : 00000000;
	1b3d : 000001A3;
	1b3e : 00000077;
	1b3f : 000001A4;
	1b40 : 00000070;
	1b41 : 000001A5;
	1b42 : 00000080;
	1b43 : 000001A6;
	1b44 : 00000001;
	1b45 : 000001A7;
	1b46 : 00000000;
	1b47 : 000001A8;
	1b48 : 00000000;
	1b49 : 000001A9;
	1b4a : 00000008;
	1b4b : 000001AA;
	1b4c : 00000000;
	1b4d : 000001AB;
	1b4e : 00000000;
	1b4f : 000001AC;
	1b50 : 00000000;
	1b51 : 000001AD;
	1b52 : 00000000;
	1b53 : 000001AE;
	1b54 : 00000000;
	1b55 : 000001AF;
	1b56 : 00000000;
	1b57 : 000001B0;
	1b58 : 00000000;
	1b59 : 000001B1;
	1b5a : 00000000;
	1b5b : 000001B2;
	1b5c : 00000000;
	1b5d : 000001B3;
	1b5e : 00000000;
	1b5f : 000001B4;
	1b60 : 000000F0;
	1b61 : 000001B5;
	1b62 : 00000000;
	1b63 : 000001B6;
	1b64 : 000000D0;
	1b65 : 000001B7;
	1b66 : 00000003;
	1b67 : 000001B8;
	1b68 : 00000000;
	1b69 : 000001B9;
	1b6a : 00000000;
	1b6b : 000001BA;
	1b6c : 00000000;
	1b6d : 000001BB;
	1b6e : 00000000;
	1b6f : 000001BC;
	1b70 : 000000BA;
	1b71 : 000001BD;
	1b72 : 00000000;
	1b73 : 000001BE;
	1b74 : 00000000;
	1b75 : 000001BF;
	1b76 : 00000000;
	1b77 : 000001C0;
	1b78 : 0000001A;
	1b79 : 000001C1;
	1b7a : 000000A6;
	1b7b : 000001C2;
	1b7c : 0000000F;
	1b7d : 000001C3;
	1b7e : 00000047;
	1b7f : 000001C4;
	1b80 : 00000024;
	1b81 : 000001C5;
	1b82 : 00000000;
	1b83 : 000001C6;
	1b84 : 00000024;
	1b85 : 000001C7;
	1b86 : 00000000;
	1b87 : 000001C8;
	1b88 : 00000000;
	1b89 : 000001C9;
	1b8a : 00000011;
	1b8b : 000001CA;
	1b8c : 00000020;
	1b8d : 000001CB;
	1b8e : 00000012;
	1b8f : 000001CC;
	1b90 : 0000000B;
	1b91 : 000001CD;
	1b92 : 00000010;
	1b93 : 000001CE;
	1b94 : 00000002;
	1b95 : 000001CF;
	1b96 : 00000030;
	1b97 : 000001D0;
	1b98 : 00000000;
	1b99 : 000001D1;
	1b9a : 00000000;
	1b9b : 000001D2;
	1b9c : 00000000;
	1b9d : 000001D3;
	1b9e : 00000000;
	1b9f : 000001D4;
	1ba0 : 00000000;
	1ba1 : 000001D5;
	1ba2 : 00000000;
	1ba3 : 000001D6;
	1ba4 : 00000000;
	1ba5 : 000001D7;
	1ba6 : 00000000;
	1ba7 : 000001D8;
	1ba8 : 00000000;
	1ba9 : 000001D9;
	1baa : 00000000;
	1bab : 000001DA;
	1bac : 00000000;
	1bad : 000001DB;
	1bae : 00000000;
	1baf : 000001DC;
	1bb0 : 00000000;
	1bb1 : 000001DD;
	1bb2 : 00000000;
	1bb3 : 000001DE;
	1bb4 : 00000000;
	1bb5 : 000001DF;
	1bb6 : 00000000;
	1bb7 : 0100006F;
	1bb8 : 0500006F;
	1bb9 : 0940006F;
	1bba : 0D80006F;
	1bbb : 00000093;
	1bbc : 00009137;
	1bbd : 00000193;
	1bbe : 00000213;
	1bbf : 00000293;
	1bc0 : 00000313;
	1bc1 : 00000393;
	1bc2 : 00000413;
	1bc3 : 00000493;
	1bc4 : 00000513;
	1bc5 : 00000593;
	1bc6 : 00000613;
	1bc7 : 00000693;
	1bc8 : 00000713;
	1bc9 : 00000793;
	1bca : 079030EF;
	1bcb : 0000006F;
	1bcc : 00000093;
	1bcd : 00009137;
	1bce : F0010113;
	1bcf : 00000193;
	1bd0 : 00000213;
	1bd1 : 00000293;
	1bd2 : 00000313;
	1bd3 : 00000393;
	1bd4 : 00000413;
	1bd5 : 00000493;
	1bd6 : 00000513;
	1bd7 : 00000593;
	1bd8 : 00000613;
	1bd9 : 00000693;
	1bda : 00000713;
	1bdb : 00000793;
	1bdc : 189030EF;
	1bdd : 0000006F;
	1bde : 00000093;
	1bdf : 00009137;
	1be0 : E0010113;
	1be1 : 00000193;
	1be2 : 00000213;
	1be3 : 00000293;
	1be4 : 00000313;
	1be5 : 00000393;
	1be6 : 00000413;
	1be7 : 00000493;
	1be8 : 00000513;
	1be9 : 00000593;
	1bea : 00000613;
	1beb : 00000693;
	1bec : 00000713;
	1bed : 00000793;
	1bee : 1ED030EF;
	1bef : 0000006F;
	1bf0 : 00000093;
	1bf1 : 00009137;
	1bf2 : D0010113;
	1bf3 : 00000193;
	1bf4 : 00000213;
	1bf5 : 00000293;
	1bf6 : 00000313;
	1bf7 : 00000393;
	1bf8 : 00000413;
	1bf9 : 00000493;
	1bfa : 00000513;
	1bfb : 00000593;
	1bfc : 00000613;
	1bfd : 00000693;
	1bfe : 00000713;
	1bff : 00000793;
	1c00 : 1B9030EF;
	1c01 : 0000006F;
	1c02 : 000087B7;
	1c03 : 00C78793;
	1c04 : 0007A023;
	1c05 : 0007A223;
	1c06 : 000087B7;
	1c07 : 0307A683;
	1c08 : 000017B7;
	1c09 : 23478793;
	1c0a : 0006A703;
	1c0b : 00100513;
	1c0c : 01075713;
	1c0d : 00F71863;
	1c0e : 00300793;
	1c0f : 00F6A223;
	1c10 : 00000513;
	1c11 : 00008067;
	1c12 : 000087B7;
	1c13 : 0307A783;
	1c14 : 0007A503;
	1c15 : 01051513;
	1c16 : 01055513;
	1c17 : 00008067;
	1c18 : 000087B7;
	1c19 : 0307A783;
	1c1a : 00251513;
	1c1b : 0047A703;
	1c1c : 00E56533;
	1c1d : 00A7A223;
	1c1e : 00008067;
	1c1f : 000087B7;
	1c20 : 0307A783;
	1c21 : 00A51513;
	1c22 : 0047A703;
	1c23 : 00E56533;
	1c24 : 00A7A223;
	1c25 : 00008067;
	1c26 : 000087B7;
	1c27 : 0307A783;
	1c28 : 00A7AC23;
	1c29 : 00008067;
	1c2a : 000087B7;
	1c2b : 0307A783;
	1c2c : 00A7AE23;
	1c2d : 00008067;
	1c2e : 000087B7;
	1c2f : 0307A783;
	1c30 : 02A7A023;
	1c31 : 00008067;
	1c32 : 000087B7;
	1c33 : 0307A783;
	1c34 : 02B7A423;
	1c35 : 02A7A223;
	1c36 : 00008067;
	1c37 : 000087B7;
	1c38 : 0307A783;
	1c39 : 00C7A503;
	1c3a : 00008067;
	1c3b : 000087B7;
	1c3c : 0307A783;
	1c3d : 00C7A783;
	1c3e : 00A7F533;
	1c3f : 00A03533;
	1c40 : 00008067;
	1c41 : 000087B7;
	1c42 : 0307A783;
	1c43 : 00A7AC23;
	1c44 : 00A7AE23;
	1c45 : 00008067;
	1c46 : FF410113;
	1c47 : 00912023;
	1c48 : 000084B7;
	1c49 : 0304A783;
	1c4a : 00112423;
	1c4b : 00812223;
	1c4c : 0087A783;
	1c4d : 0017F793;
	1c4e : 04078C63;
	1c4f : 00050413;
	1c50 : 58C000EF;
	1c51 : 0304A703;
	1c52 : 000087B7;
	1c53 : 00C78793;
	1c54 : 01072603;
	1c55 : 0007A683;
	1c56 : 00040513;
	1c57 : 00412403;
	1c58 : 00C6E6B3;
	1c59 : 00D7A023;
	1c5a : 01472603;
	1c5b : 0047A683;
	1c5c : 00812083;
	1c5d : 00012483;
	1c5e : 00C6E6B3;
	1c5f : 00D7A223;
	1c60 : 00100793;
	1c61 : 00F72423;
	1c62 : 00C10113;
	1c63 : 56C0006F;
	1c64 : 00812083;
	1c65 : 00412403;
	1c66 : 00012483;
	1c67 : 00C10113;
	1c68 : 00008067;
	1c69 : FF010113;
	1c6a : 00912223;
	1c6b : 000084B7;
	1c6c : 00C48493;
	1c6d : 0004A783;
	1c6e : 00812423;
	1c6f : 00112623;
	1c70 : 00A7F7B3;
	1c71 : 00050413;
	1c72 : 00000513;
	1c73 : 02078663;
	1c74 : 00058513;
	1c75 : 00B12023;
	1c76 : 4F4000EF;
	1c77 : 0004A783;
	1c78 : 00012503;
	1c79 : FFF44413;
	1c7a : 00F47433;
	1c7b : 0084A023;
	1c7c : 508000EF;
	1c7d : 00100513;
	1c7e : 00C12083;
	1c7f : 00812403;
	1c80 : 00412483;
	1c81 : 01010113;
	1c82 : 00008067;
	1c83 : FF010113;
	1c84 : 00912223;
	1c85 : 000084B7;
	1c86 : 00C48493;
	1c87 : 0044A783;
	1c88 : 00812423;
	1c89 : 00112623;
	1c8a : 00A7F7B3;
	1c8b : 00050413;
	1c8c : 00000513;
	1c8d : 02078663;
	1c8e : 00058513;
	1c8f : 00B12023;
	1c90 : 48C000EF;
	1c91 : 0044A783;
	1c92 : 00012503;
	1c93 : FFF44413;
	1c94 : 00F47433;
	1c95 : 0084A223;
	1c96 : 4A0000EF;
	1c97 : 00100513;
	1c98 : 00C12083;
	1c99 : 00812403;
	1c9a : 00412483;
	1c9b : 01010113;
	1c9c : 00008067;
	1c9d : 000087B7;
	1c9e : 00C78793;
	1c9f : 0007A703;
	1ca0 : FFF54513;
	1ca1 : 00E57533;
	1ca2 : 00A7A023;
	1ca3 : 00008067;
	1ca4 : 000087B7;
	1ca5 : 00C78793;
	1ca6 : 0047A703;
	1ca7 : FFF54513;
	1ca8 : 00E57533;
	1ca9 : 00A7A223;
	1caa : 00008067;
	1cab : 000087B7;
	1cac : 02C7A783;
	1cad : 00300713;
	1cae : 00000513;
	1caf : 00E7A023;
	1cb0 : 000087B7;
	1cb1 : 00078023;
	1cb2 : 00078793;
	1cb3 : 000780A3;
	1cb4 : 00008067;
	1cb5 : 000087B7;
	1cb6 : 02C7A783;
	1cb7 : 02051C63;
	1cb8 : 00B7A623;
	1cb9 : 00400713;
	1cba : 0007A683;
	1cbb : 00D76733;
	1cbc : 00E7A023;
	1cbd : 000087B7;
	1cbe : 00078793;
	1cbf : 00A78533;
	1cc0 : 00050023;
	1cc1 : 00054783;
	1cc2 : FE078EE3;
	1cc3 : 00050023;
	1cc4 : 00008067;
	1cc5 : 00B7A823;
	1cc6 : 00800713;
	1cc7 : FCDFF06F;
	1cc8 : 000087B7;
	1cc9 : 02C7A783;
	1cca : 02051663;
	1ccb : 00B7A623;
	1ccc : 00400713;
	1ccd : 0007A683;
	1cce : 00D76733;
	1ccf : 00E7A023;
	1cd0 : 000087B7;
	1cd1 : 00078793;
	1cd2 : 00F50533;
	1cd3 : 00050023;
	1cd4 : 00008067;
	1cd5 : 00B7A823;
	1cd6 : 00800713;
	1cd7 : FD9FF06F;
	1cd8 : 02050E63;
	1cd9 : 00400693;
	1cda : 00800793;
	1cdb : 00008737;
	1cdc : 02C72703;
	1cdd : FFF7C793;
	1cde : 00072603;
	1cdf : 00C7F7B3;
	1ce0 : 00F72023;
	1ce1 : 000087B7;
	1ce2 : 00078793;
	1ce3 : 00D72223;
	1ce4 : 00F50533;
	1ce5 : 00050023;
	1ce6 : 00008067;
	1ce7 : 00200693;
	1ce8 : 00400793;
	1ce9 : FC9FF06F;
	1cea : 000087B7;
	1ceb : 02C7A703;
	1cec : 00472783;
	1ced : 0107F693;
	1cee : 00068E63;
	1cef : 01000693;
	1cf0 : 00D72223;
	1cf1 : 000086B7;
	1cf2 : 00068693;
	1cf3 : 00100613;
	1cf4 : 00C68123;
	1cf5 : 0027F693;
	1cf6 : 00068C63;
	1cf7 : 00200693;
	1cf8 : 00D72223;
	1cf9 : 00100613;
	1cfa : 000086B7;
	1cfb : 00C68023;
	1cfc : 0047F793;
	1cfd : 00078E63;
	1cfe : 00400793;
	1cff : 00F72223;
	1d00 : 000087B7;
	1d01 : 00078793;
	1d02 : 00100713;
	1d03 : 00E780A3;
	1d04 : 00008067;
	1d05 : 000087B7;
	1d06 : 00078793;
	1d07 : 00A787B3;
	1d08 : 0007C703;
	1d09 : 0FF77513;
	1d0a : 00070663;
	1d0b : 00078023;
	1d0c : 00100513;
	1d0d : 00008067;
	1d0e : 000087B7;
	1d0f : 00078793;
	1d10 : 0027C703;
	1d11 : 0FF77513;
	1d12 : 00070663;
	1d13 : 00078123;
	1d14 : 00100513;
	1d15 : 00008067;
	1d16 : 000087B7;
	1d17 : 0287A783;
	1d18 : 00100713;
	1d19 : 00000513;
	1d1a : 00E7A023;
	1d1b : 00008067;
	1d1c : 000087B7;
	1d1d : 0287A783;
	1d1e : 00A7A023;
	1d1f : 00008067;
	1d20 : 000087B7;
	1d21 : 0287A783;
	1d22 : 00A7A223;
	1d23 : 00008067;
	1d24 : 000087B7;
	1d25 : 0287A783;
	1d26 : 0087A503;
	1d27 : 00008067;
	1d28 : 000087B7;
	1d29 : 0287A783;
	1d2a : 00A7A423;
	1d2b : 00008067;
	1d2c : 000087B7;
	1d2d : 0247A783;
	1d2e : 00F00713;
	1d2f : 00000513;
	1d30 : 00E7A223;
	1d31 : 00008067;
	1d32 : 000087B7;
	1d33 : 0247A683;
	1d34 : 00008737;
	1d35 : 10000793;
	1d36 : 00F6A623;
	1d37 : 6E870713;
	1d38 : 00000793;
	1d39 : 00174603;
	1d3a : 00C7E863;
	1d3b : 1FF00793;
	1d3c : 00F6A623;
	1d3d : 00008067;
	1d3e : 00F70633;
	1d3f : 00264603;
	1d40 : 00178793;
	1d41 : 0FF7F793;
	1d42 : 0FF67613;
	1d43 : 00C6A623;
	1d44 : FD5FF06F;
	1d45 : 000087B7;
	1d46 : 0247A783;
	1d47 : 00A7AA23;
	1d48 : 00008067;
	1d49 : 000087B7;
	1d4a : 0247A603;
	1d4b : 10000693;
	1d4c : 000087B7;
	1d4d : 01062703;
	1d4e : 70C78793;
	1d4f : 1FF77713;
	1d50 : 00D71C63;
	1d51 : 00078023;
	1d52 : 000780A3;
	1d53 : 00100793;
	1d54 : 00F62423;
	1d55 : 00008067;
	1d56 : 1FF00693;
	1d57 : 00D71863;
	1d58 : 00100713;
	1d59 : 00E78023;
	1d5a : FE5FF06F;
	1d5b : 0017C583;
	1d5c : 0FF77713;
	1d5d : 00158693;
	1d5e : 0FF6F693;
	1d5f : 00D780A3;
	1d60 : 00B787B3;
	1d61 : 00E78123;
	1d62 : FC5FF06F;
	1d63 : 000087B7;
	1d64 : 73078793;
	1d65 : 00078623;
	1d66 : 00000513;
	1d67 : 00008067;
	1d68 : 000087B7;
	1d69 : 0187A683;
	1d6a : 00100793;
	1d6b : 00F6A023;
	1d6c : 000087B7;
	1d6d : 73078613;
	1d6e : 00564583;
	1d6f : 00464703;
	1d70 : 00062603;
	1d71 : 73078793;
	1d72 : 00871713;
	1d73 : 00B76733;
	1d74 : 00061663;
	1d75 : 00008637;
	1d76 : 00C76733;
	1d77 : 00020637;
	1d78 : 00C76733;
	1d79 : 00E6A423;
	1d7a : 00010537;
	1d7b : 00000713;
	1d7c : 0057C603;
	1d7d : 00C76C63;
	1d7e : 0007A603;
	1d7f : 00100713;
	1d80 : 08E60263;
	1d81 : 0006A023;
	1d82 : 00008067;
	1d83 : 0007A583;
	1d84 : 00000613;
	1d85 : 00059A63;
	1d86 : 0087A603;
	1d87 : 00171593;
	1d88 : 00B60633;
	1d89 : 00065603;
	1d8a : 0057C583;
	1d8b : FFF58593;
	1d8c : 00B71463;
	1d8d : 00A66633;
	1d8e : 00170713;
	1d8f : 00C6A423;
	1d90 : 0FF77713;
	1d91 : FADFF06F;
	1d92 : 0046A603;
	1d93 : 00267593;
	1d94 : 00059663;
	1d95 : 00467613;
	1d96 : FE0618E3;
	1d97 : 00C6A583;
	1d98 : 0087A603;
	1d99 : 00171513;
	1d9a : 00170713;
	1d9b : 00A60633;
	1d9c : 00B61023;
	1d9d : 0FF77713;
	1d9e : 0057C603;
	1d9f : FCC766E3;
	1da0 : F85FF06F;
	1da1 : 00000713;
	1da2 : FF1FF06F;
	1da3 : 000087B7;
	1da4 : 0187A783;
	1da5 : 0047A783;
	1da6 : 0017F793;
	1da7 : 00078A63;
	1da8 : 000087B7;
	1da9 : 73078793;
	1daa : 00100713;
	1dab : 00E78623;
	1dac : 00008067;
	1dad : 000087B7;
	1dae : 0147A783;
	1daf : 00100713;
	1db0 : 00000513;
	1db1 : 00E7A023;
	1db2 : 00008067;
	1db3 : 00100793;
	1db4 : 00A79533;
	1db5 : 000087B7;
	1db6 : 0147A703;
	1db7 : 0FF57693;
	1db8 : 0FF57513;
	1db9 : 00A72223;
	1dba : 00472783;
	1dbb : 00F6F7B3;
	1dbc : FE078AE3;
	1dbd : 00008067;
	1dbe : 000087B7;
	1dbf : 0147A703;
	1dc0 : 00100793;
	1dc1 : 00A797B3;
	1dc2 : 0FF7F793;
	1dc3 : 00F72423;
	1dc4 : 00008067;
	1dc5 : 000087B7;
	1dc6 : 01C7A783;
	1dc7 : 00300713;
	1dc8 : 00000513;
	1dc9 : 00E7A023;
	1dca : 000087B7;
	1dcb : 74078793;
	1dcc : 00078EA3;
	1dcd : 00008067;
	1dce : 000087B7;
	1dcf : 74078713;
	1dd0 : 01D74703;
	1dd1 : 00000613;
	1dd2 : 74078793;
	1dd3 : 00071663;
	1dd4 : 00000513;
	1dd5 : 00008067;
	1dd6 : 00008737;
	1dd7 : 01C72683;
	1dd8 : 00078EA3;
	1dd9 : 0046A703;
	1dda : 00877713;
	1ddb : FE0702E3;
	1ddc : 00C6A703;
	1ddd : 00475593;
	1dde : 00F5F593;
	1ddf : 00B7A023;
	1de0 : 01071713;
	1de1 : 000F05B7;
	1de2 : 00B77733;
	1de3 : 00E7A423;
	1de4 : 00C6A703;
	1de5 : 000105B7;
	1de6 : 0087A503;
	1de7 : FFF58593;
	1de8 : 00871713;
	1de9 : 00B77733;
	1dea : 00A76733;
	1deb : 00E7A423;
	1dec : 00C6A703;
	1ded : 0087A583;
	1dee : 0FF77713;
	1def : 00B76733;
	1df0 : 00E7A423;
	1df1 : 0046A703;
	1df2 : 10077713;
	1df3 : 02070E63;
	1df4 : 00078623;
	1df5 : 0007A583;
	1df6 : 00800713;
	1df7 : 04E59A63;
	1df8 : 00000713;
	1df9 : 00D78793;
	1dfa : 0FF77593;
	1dfb : 04C5FC63;
	1dfc : 00C6A583;
	1dfd : 00E78533;
	1dfe : 00170713;
	1dff : 0FF5F593;
	1e00 : 00B50023;
	1e01 : FE5FF06F;
	1e02 : 00C6A703;
	1e03 : 01000613;
	1e04 : 00170713;
	1e05 : 00070593;
	1e06 : 0FF77713;
	1e07 : 00E67463;
	1e08 : 01000593;
	1e09 : 0FF5F613;
	1e0a : 00B78623;
	1e0b : FA9FF06F;
	1e0c : 0007A703;
	1e0d : FA0708E3;
	1e0e : 0007A583;
	1e0f : 00400713;
	1e10 : FAE580E3;
	1e11 : 00100513;
	1e12 : 00008067;
	1e13 : 000087B7;
	1e14 : 01C7A783;
	1e15 : 10000713;
	1e16 : 0007A423;
	1e17 : 0007A423;
	1e18 : 0007A423;
	1e19 : 0007A423;
	1e1a : 00E7A423;
	1e1b : 00008737;
	1e1c : 74070693;
	1e1d : 0006A603;
	1e1e : 00800693;
	1e1f : 74070713;
	1e20 : 00D60863;
	1e21 : 00072603;
	1e22 : 00900693;
	1e23 : 04D61863;
	1e24 : 00472683;
	1e25 : 00469693;
	1e26 : 00D7A423;
	1e27 : 00C74683;
	1e28 : 06069663;
	1e29 : 10000693;
	1e2a : 00D7A423;
	1e2b : 0007A683;
	1e2c : 0046E693;
	1e2d : 00D7A023;
	1e2e : 00070EA3;
	1e2f : 01D74683;
	1e30 : FE068EE3;
	1e31 : 00070EA3;
	1e32 : 0047A503;
	1e33 : 00155513;
	1e34 : 00154513;
	1e35 : 00157513;
	1e36 : 00008067;
	1e37 : 00472683;
	1e38 : 00669693;
	1e39 : FB5FF06F;
	1e3a : 00D70633;
	1e3b : 00D64603;
	1e3c : 00168693;
	1e3d : 0FF6F693;
	1e3e : 0FF67613;
	1e3f : 00C7A423;
	1e40 : 00C74603;
	1e41 : FEC6E2E3;
	1e42 : F9DFF06F;
	1e43 : 00000693;
	1e44 : FF1FF06F;
	1e45 : 000087B7;
	1e46 : 01C7A683;
	1e47 : 0046A783;
	1e48 : 0017F793;
	1e49 : 00078C63;
	1e4a : 00100713;
	1e4b : 000087B7;
	1e4c : 00E6A223;
	1e4d : 74078793;
	1e4e : 00E78EA3;
	1e4f : 00008067;
	1e50 : FF410113;
	1e51 : 00812223;
	1e52 : 00008437;
	1e53 : 74040793;
	1e54 : 0087A703;
	1e55 : 00112423;
	1e56 : 03000793;
	1e57 : 74040413;
	1e58 : 02F71663;
	1e59 : 00C44783;
	1e5a : 00078663;
	1e5b : 00D44503;
	1e5c : 044010EF;
	1e5d : 00042223;
	1e5e : 00040623;
	1e5f : 00812083;
	1e60 : 00412403;
	1e61 : 00C10113;
	1e62 : 00008067;
	1e63 : 00842703;
	1e64 : 05000793;
	1e65 : 00F71C63;
	1e66 : 00C44783;
	1e67 : FC078CE3;
	1e68 : 00D44503;
	1e69 : 01C010EF;
	1e6a : FCDFF06F;
	1e6b : 00100793;
	1e6c : 00F42223;
	1e6d : FC5FF06F;
	1e6e : FF410113;
	1e6f : 00812223;
	1e70 : 00008437;
	1e71 : 74040793;
	1e72 : 0087A683;
	1e73 : 00112423;
	1e74 : 05000713;
	1e75 : 02E69C63;
	1e76 : 74040413;
	1e77 : 00C44783;
	1e78 : 00078463;
	1e79 : 000010EF;
	1e7a : 00042703;
	1e7b : 00100793;
	1e7c : 00F71463;
	1e7d : 7B5000EF;
	1e7e : 00042223;
	1e7f : 00812083;
	1e80 : 00412403;
	1e81 : 00C10113;
	1e82 : 00008067;
	1e83 : 00100713;
	1e84 : 00E7A223;
	1e85 : 00078623;
	1e86 : FE5FF06F;
	1e87 : 00008637;
	1e88 : 28460793;
	1e89 : 01400693;
	1e8a : 00D78023;
	1e8b : 00D780A3;
	1e8c : FC400713;
	1e8d : 00E78123;
	1e8e : 000781A3;
	1e8f : 00100713;
	1e90 : 00E78223;
	1e91 : 00E782A3;
	1e92 : F8000593;
	1e93 : 00B78323;
	1e94 : 00200593;
	1e95 : 00B783A3;
	1e96 : F8100513;
	1e97 : 00A78423;
	1e98 : 000784A3;
	1e99 : 00D78523;
	1e9a : 00400693;
	1e9b : 00D785A3;
	1e9c : 00078623;
	1e9d : 000786A3;
	1e9e : 00078723;
	1e9f : 000787A3;
	1ea0 : 00078823;
	1ea1 : 000788A3;
	1ea2 : 00078923;
	1ea3 : 000789A3;
	1ea4 : 00078A23;
	1ea5 : 00078AA3;
	1ea6 : 00078B23;
	1ea7 : 00E78BA3;
	1ea8 : 00078C23;
	1ea9 : 00078CA3;
	1eaa : 00078D23;
	1eab : 00B78DA3;
	1eac : 00E78E23;
	1ead : 01000693;
	1eae : 00000713;
	1eaf : 00E78633;
	1eb0 : 00060EA3;
	1eb1 : 00170713;
	1eb2 : FED71AE3;
	1eb3 : 020786A3;
	1eb4 : 04D00693;
	1eb5 : 02D78723;
	1eb6 : 04700693;
	1eb7 : 02D787A3;
	1eb8 : 05000693;
	1eb9 : 02D78823;
	1eba : 05200613;
	1ebb : 02C788A3;
	1ebc : 05400613;
	1ebd : 02C78923;
	1ebe : 02000613;
	1ebf : 02C789A3;
	1ec0 : 04400613;
	1ec1 : 02C78A23;
	1ec2 : 02D78AA3;
	1ec3 : 02E78B23;
	1ec4 : 00100713;
	1ec5 : 02E78BA3;
	1ec6 : 02078C23;
	1ec7 : 02078CA3;
	1ec8 : 02078D23;
	1ec9 : 02078DA3;
	1eca : 02078E23;
	1ecb : 00000693;
	1ecc : 01000613;
	1ecd : 01868713;
	1ece : 00171713;
	1ecf : 00E78733;
	1ed0 : 00071723;
	1ed1 : 00168693;
	1ed2 : FEC696E3;
	1ed3 : 00008067;
	1ed4 : 00008737;
	1ed5 : 28470793;
	1ed6 : 000788A3;
	1ed7 : 000789A3;
	1ed8 : 00078C23;
	1ed9 : 00078D23;
	1eda : 00078A23;
	1edb : 00078AA3;
	1edc : 00078B23;
	1edd : 28470713;
	1ede : 00000793;
	1edf : 01000693;
	1ee0 : 00F70633;
	1ee1 : 00060EA3;
	1ee2 : 00178793;
	1ee3 : FED79AE3;
	1ee4 : 00008067;
	1ee5 : 00200713;
	1ee6 : 00050793;
	1ee7 : 02E50663;
	1ee8 : 02100713;
	1ee9 : 04E50663;
	1eea : 00100713;
	1eeb : 00100513;
	1eec : 06E79063;
	1eed : 000087B7;
	1eee : 28478793;
	1eef : 00B780A3;
	1ef0 : 00000513;
	1ef1 : 00008067;
	1ef2 : 000087B7;
	1ef3 : 28478793;
	1ef4 : 00B78123;
	1ef5 : 0027C703;
	1ef6 : 04076713;
	1ef7 : 00E78123;
	1ef8 : 0027C703;
	1ef9 : 08076713;
	1efa : 00E78123;
	1efb : FD5FF06F;
	1efc : 000087B7;
	1efd : 00100713;
	1efe : 28478793;
	1eff : 00E59663;
	1f00 : 00B784A3;
	1f01 : FBDFF06F;
	1f02 : 000784A3;
	1f03 : FB5FF06F;
	1f04 : 00008067;
	1f05 : 000087B7;
	1f06 : 28478793;
	1f07 : 00B7C503;
	1f08 : 00757513;
	1f09 : 00008067;
	1f0a : 000087B7;
	1f0b : 28478793;
	1f0c : 00A7C503;
	1f0d : 00008067;
	1f0e : 000087B7;
	1f0f : 28478793;
	1f10 : 00B7C503;
	1f11 : 00757513;
	1f12 : FFE50513;
	1f13 : 00153513;
	1f14 : 00008067;
	1f15 : 000087B7;
	1f16 : 28478793;
	1f17 : 00B7C503;
	1f18 : 00757513;
	1f19 : FFC50513;
	1f1a : 00153513;
	1f1b : 00008067;
	1f1c : 000087B7;
	1f1d : 28478793;
	1f1e : 00C7C783;
	1f1f : 00600713;
	1f20 : 00000513;
	1f21 : 0077F793;
	1f22 : FFF78793;
	1f23 : 0FF7F793;
	1f24 : 00F76A63;
	1f25 : 00008737;
	1f26 : 1D470713;
	1f27 : 00F707B3;
	1f28 : 0007C503;
	1f29 : 00008067;
	1f2a : FF410113;
	1f2b : 00112423;
	1f2c : FC1FF0EF;
	1f2d : 00812083;
	1f2e : FFF50513;
	1f2f : 00153513;
	1f30 : 00C10113;
	1f31 : 00008067;
	1f32 : FF410113;
	1f33 : 00112423;
	1f34 : FA1FF0EF;
	1f35 : 00812083;
	1f36 : 00253513;
	1f37 : 00154513;
	1f38 : 00C10113;
	1f39 : 00008067;
	1f3a : FF410113;
	1f3b : 00112423;
	1f3c : F81FF0EF;
	1f3d : 00812083;
	1f3e : 00153513;
	1f3f : 00C10113;
	1f40 : 00008067;
	1f41 : 000087B7;
	1f42 : 28478793;
	1f43 : 00D7C503;
	1f44 : 00357513;
	1f45 : 00008067;
	1f46 : 000087B7;
	1f47 : 28478793;
	1f48 : 00D7C503;
	1f49 : 00355513;
	1f4a : 00357513;
	1f4b : 00008067;
	1f4c : 000087B7;
	1f4d : 28478793;
	1f4e : 00D7C503;
	1f4f : 00457513;
	1f50 : 00008067;
	1f51 : 000087B7;
	1f52 : 28478793;
	1f53 : 00D7C503;
	1f54 : 02057513;
	1f55 : 00008067;
	1f56 : 000087B7;
	1f57 : 23478793;
	1f58 : 00C7C583;
	1f59 : 0107C503;
	1f5a : 0147C603;
	1f5b : 00D7C683;
	1f5c : 00151513;
	1f5d : 0117C703;
	1f5e : 00261613;
	1f5f : 0157C783;
	1f60 : 00C56533;
	1f61 : 00B56533;
	1f62 : 00469693;
	1f63 : 00D56533;
	1f64 : 00571713;
	1f65 : 00E56533;
	1f66 : 00679793;
	1f67 : 00F56533;
	1f68 : 0FF57513;
	1f69 : 00008067;
	1f6a : 000087B7;
	1f6b : 23478793;
	1f6c : 00E7C583;
	1f6d : 0127C503;
	1f6e : 0167C603;
	1f6f : 00F7C683;
	1f70 : 00151513;
	1f71 : 0137C703;
	1f72 : 00261613;
	1f73 : 0177C783;
	1f74 : 00C56533;
	1f75 : 00B56533;
	1f76 : 00469693;
	1f77 : 00D56533;
	1f78 : 00571713;
	1f79 : 00E56533;
	1f7a : 00679793;
	1f7b : 00F56533;
	1f7c : 0FF57513;
	1f7d : 00008067;
	1f7e : 000087B7;
	1f7f : 28478793;
	1f80 : 0197C503;
	1f81 : 000087B7;
	1f82 : 23478793;
	1f83 : 0187C783;
	1f84 : 00F56533;
	1f85 : 00008067;
	1f86 : 00008737;
	1f87 : 23470713;
	1f88 : 01B74783;
	1f89 : 01A74683;
	1f8a : 00279793;
	1f8b : 0FF7F793;
	1f8c : 00D7E7B3;
	1f8d : 01B74683;
	1f8e : 00279793;
	1f8f : 0FF7F793;
	1f90 : 01A74503;
	1f91 : 00D7E7B3;
	1f92 : 00279793;
	1f93 : 0FF7F793;
	1f94 : 00A7E533;
	1f95 : 00008067;
	1f96 : 000087B7;
	1f97 : 28478793;
	1f98 : 0197C703;
	1f99 : 00050863;
	1f9a : 08076713;
	1f9b : 00E78CA3;
	1f9c : 00008067;
	1f9d : 07F77713;
	1f9e : FF5FF06F;
	1f9f : 000087B7;
	1fa0 : 28478793;
	1fa1 : 0097C503;
	1fa2 : 00157513;
	1fa3 : 00008067;
	1fa4 : 000087B7;
	1fa5 : 28478793;
	1fa6 : 0137C503;
	1fa7 : 00157513;
	1fa8 : 00008067;
	1fa9 : 000087B7;
	1faa : 28478793;
	1fab : 0187C703;
	1fac : 01076713;
	1fad : 00E78C23;
	1fae : 00008067;
	1faf : 000087B7;
	1fb0 : 28478793;
	1fb1 : 01A7C703;
	1fb2 : 00176713;
	1fb3 : 00E78D23;
	1fb4 : 00008067;
	1fb5 : 000087B7;
	1fb6 : 28478793;
	1fb7 : 01A7C703;
	1fb8 : 00276713;
	1fb9 : 00E78D23;
	1fba : 00008067;
	1fbb : 000087B7;
	1fbc : 28478793;
	1fbd : 0117C503;
	1fbe : 01057513;
	1fbf : 00008067;
	1fc0 : 000087B7;
	1fc1 : 28478793;
	1fc2 : 01B7C503;
	1fc3 : 00757513;
	1fc4 : FFF50513;
	1fc5 : 00153513;
	1fc6 : 00008067;
	1fc7 : FF410113;
	1fc8 : 00812223;
	1fc9 : 00112423;
	1fca : 00050413;
	1fcb : 66D000EF;
	1fcc : 04050463;
	1fcd : 00845413;
	1fce : 01041413;
	1fcf : 000086B7;
	1fd0 : 01045413;
	1fd1 : 00000713;
	1fd2 : 28468693;
	1fd3 : 01000613;
	1fd4 : 01870793;
	1fd5 : 00179793;
	1fd6 : 00F687B3;
	1fd7 : 00E7D583;
	1fd8 : 00B41663;
	1fd9 : 00E7D783;
	1fda : 02079063;
	1fdb : 00170713;
	1fdc : FEC710E3;
	1fdd : 00000513;
	1fde : 00812083;
	1fdf : 00412403;
	1fe0 : 00C10113;
	1fe1 : 00008067;
	1fe2 : 00100513;
	1fe3 : FEDFF06F;
	1fe4 : FF010113;
	1fe5 : 00112623;
	1fe6 : 00812423;
	1fe7 : 00912223;
	1fe8 : F98FF0EF;
	1fe9 : 1E0508E3;
	1fea : 000087B7;
	1feb : 74078713;
	1fec : 00072603;
	1fed : 00800693;
	1fee : 74078413;
	1fef : 46D61063;
	1ff0 : 00872603;
	1ff1 : 2FF00693;
	1ff2 : 02C6F663;
	1ff3 : 00872603;
	1ff4 : 3FF00693;
	1ff5 : 02C6E063;
	1ff6 : 00072223;
	1ff7 : 00070623;
	1ff8 : 00812403;
	1ff9 : 00C12083;
	1ffa : 00412483;
	1ffb : 01010113;
	1ffc : 85DFF06F;
	1ffd : 00842683;
	1ffe : 00001737;
	1fff : 00E6EE63;
	2000 : 00842683;
	2001 : 1FF70713;
	2002 : 00D76863;
	2003 : 00042223;
	2004 : 00040623;
	2005 : FCDFF06F;
	2006 : 00842683;
	2007 : 02F00713;
	2008 : 04D77663;
	2009 : 00842683;
	200a : 03F00713;
	200b : 04D76063;
	200c : 00842603;
	200d : 000086B7;
	200e : 28468693;
	200f : 0FF67613;
	2010 : 00000713;
	2011 : 00C686B3;
	2012 : 00C44603;
	2013 : FCC770E3;
	2014 : 00E40633;
	2015 : 00D64603;
	2016 : 00170713;
	2017 : 0FF77713;
	2018 : 0FF67613;
	2019 : 00C68EA3;
	201a : FE1FF06F;
	201b : 00842503;
	201c : EADFF0EF;
	201d : 0A050063;
	201e : 00842703;
	201f : 000087B7;
	2020 : 1E878693;
	2021 : 00E6A823;
	2022 : 00C44703;
	2023 : 1E878493;
	2024 : 0FF77713;
	2025 : 00E68A23;
	2026 : 00000713;
	2027 : 0144C683;
	2028 : 02D76863;
	2029 : 00100713;
	202a : 02E482A3;
	202b : 020483A3;
	202c : 0FA00593;
	202d : 00000513;
	202e : 02048423;
	202f : A64FF0EF;
	2030 : 0274C703;
	2031 : 02070663;
	2032 : 00042223;
	2033 : F15FF06F;
	2034 : 00E406B3;
	2035 : 00D6C683;
	2036 : 00E48633;
	2037 : 00170713;
	2038 : 0FF6F693;
	2039 : 00D60AA3;
	203a : 0FF77713;
	203b : FB1FF06F;
	203c : 0284C703;
	203d : 00070863;
	203e : 00100713;
	203f : 00E42223;
	2040 : EE1FF06F;
	2041 : 00000513;
	2042 : B0CFF0EF;
	2043 : FA050AE3;
	2044 : FE9FF06F;
	2045 : 00042223;
	2046 : 00000493;
	2047 : 00842703;
	2048 : 0FF4F793;
	2049 : 00F12023;
	204a : 11100693;
	204b : 02E6E863;
	204c : 0FF00693;
	204d : 04E6F663;
	204e : F0070713;
	204f : 01100693;
	2050 : 04E6E063;
	2051 : 000087B7;
	2052 : 00271713;
	2053 : 03478693;
	2054 : 00D70733;
	2055 : 00072703;
	2056 : 00070067;
	2057 : 20100693;
	2058 : 26D70663;
	2059 : 02E6E463;
	205a : 1C100693;
	205b : 22D70463;
	205c : 1C200693;
	205d : 22D70E63;
	205e : 1C000693;
	205f : 1ED70E63;
	2060 : 00100713;
	2061 : 00E42223;
	2062 : 0840006F;
	2063 : 60000693;
	2064 : 26D70063;
	2065 : 000026B7;
	2066 : 00368693;
	2067 : 22D70863;
	2068 : 2C000693;
	2069 : FCD71EE3;
	206a : 00940733;
	206b : 00D74603;
	206c : 00008737;
	206d : 28470713;
	206e : 01A74683;
	206f : FFF64613;
	2070 : 00C6F6B3;
	2071 : 00D70D23;
	2072 : 0440006F;
	2073 : 00940733;
	2074 : 00D74683;
	2075 : 00008737;
	2076 : 28470713;
	2077 : 0FF6F693;
	2078 : 00D70523;
	2079 : 231000EF;
	207a : 3E1000EF;
	207b : 7F0010EF;
	207c : 01C0006F;
	207d : 00940733;
	207e : 00D74683;
	207f : 00008737;
	2080 : 28470713;
	2081 : 0FF6F693;
	2082 : 00D705A3;
	2083 : 00842703;
	2084 : 00012783;
	2085 : 00148493;
	2086 : 00170713;
	2087 : 00E42423;
	2088 : 00442683;
	2089 : 00C44603;
	208a : 00178713;
	208b : 0FF77713;
	208c : 00C77463;
	208d : EE0684E3;
	208e : 00442703;
	208f : 00100693;
	2090 : DCD718E3;
	2091 : 00012783;
	2092 : 00F406A3;
	2093 : 00E40623;
	2094 : D91FF06F;
	2095 : 00940733;
	2096 : 00D74683;
	2097 : 00008737;
	2098 : 28470713;
	2099 : 0FF6F693;
	209a : 00D70623;
	209b : A7DFF0EF;
	209c : F6051EE3;
	209d : 335000EF;
	209e : 00200713;
	209f : F00504E3;
	20a0 : 748010EF;
	20a1 : F89FF06F;
	20a2 : 00940733;
	20a3 : 00D74683;
	20a4 : 00008737;
	20a5 : 28470713;
	20a6 : 0FF6F693;
	20a7 : 00D706A3;
	20a8 : 750010EF;
	20a9 : F69FF06F;
	20aa : 00940733;
	20ab : 00D74683;
	20ac : 00008737;
	20ad : 28470713;
	20ae : 0FF6F693;
	20af : 00D70723;
	20b0 : F4DFF06F;
	20b1 : 00940733;
	20b2 : 00D74683;
	20b3 : 00008737;
	20b4 : 28470713;
	20b5 : 0FF6F693;
	20b6 : 00D707A3;
	20b7 : F31FF06F;
	20b8 : 00940733;
	20b9 : 00D74683;
	20ba : 00008737;
	20bb : 28470713;
	20bc : 0FF6F693;
	20bd : 00D70823;
	20be : F15FF06F;
	20bf : 00940733;
	20c0 : 00D74683;
	20c1 : 00008737;
	20c2 : 28470713;
	20c3 : 0FF6F693;
	20c4 : 00D708A3;
	20c5 : EF9FF06F;
	20c6 : 00940733;
	20c7 : 00D74683;
	20c8 : 00008737;
	20c9 : 28470713;
	20ca : 0FF6F693;
	20cb : 00D70923;
	20cc : EDDFF06F;
	20cd : 00940733;
	20ce : 00D74683;
	20cf : 00008737;
	20d0 : 28470713;
	20d1 : 0FF6F693;
	20d2 : 00D709A3;
	20d3 : 24D000EF;
	20d4 : EA050EE3;
	20d5 : 000087B7;
	20d6 : 28478713;
	20d7 : 01374703;
	20d8 : 00100513;
	20d9 : 00177713;
	20da : 00071463;
	20db : 00000513;
	20dc : 191000EF;
	20dd : E99FF06F;
	20de : 00940733;
	20df : 00D74683;
	20e0 : 00008737;
	20e1 : 28470713;
	20e2 : 0FF6F693;
	20e3 : 00D70A23;
	20e4 : E7DFF06F;
	20e5 : 00940733;
	20e6 : 00D74683;
	20e7 : 00008737;
	20e8 : 28470713;
	20e9 : 0FF6F693;
	20ea : 00D70AA3;
	20eb : E61FF06F;
	20ec : 00940733;
	20ed : 00D74683;
	20ee : 00008737;
	20ef : 28470713;
	20f0 : 0FF6F693;
	20f1 : 00D70B23;
	20f2 : E45FF06F;
	20f3 : 00940733;
	20f4 : 00D74603;
	20f5 : 00008737;
	20f6 : 28470713;
	20f7 : 01874683;
	20f8 : FFF64613;
	20f9 : 00C6F6B3;
	20fa : 00D70C23;
	20fb : E21FF06F;
	20fc : 00940733;
	20fd : 00D74683;
	20fe : 00008737;
	20ff : 28470713;
	2100 : 0FF6F693;
	2101 : 00D70DA3;
	2102 : 5A0000EF;
	2103 : AF5FF0EF;
	2104 : DE051EE3;
	2105 : F3CFF0EF;
	2106 : DF5FF06F;
	2107 : 00042603;
	2108 : 00900693;
	2109 : 52D61A63;
	210a : 00042223;
	210b : 00842683;
	210c : 02F00713;
	210d : 06D77263;
	210e : 00842683;
	210f : 03F00713;
	2110 : 04D76C63;
	2111 : 00842583;
	2112 : 00008537;
	2113 : 00000693;
	2114 : 00F5F593;
	2115 : 28450513;
	2116 : 00C44603;
	2117 : 00D58733;
	2118 : 0FF77713;
	2119 : 00C6EA63;
	211a : 00442683;
	211b : 00200713;
	211c : B6E698E3;
	211d : B9DFF06F;
	211e : 00E50733;
	211f : 01D74703;
	2120 : 00D40633;
	2121 : 00168693;
	2122 : 0FF77713;
	2123 : 00E606A3;
	2124 : 0FF6F693;
	2125 : FC5FF06F;
	2126 : 00842683;
	2127 : 3FF00713;
	2128 : 04D77A63;
	2129 : 00842683;
	212a : 40F00713;
	212b : 04D76463;
	212c : 00842583;
	212d : 00008537;
	212e : 00000693;
	212f : 00F5F593;
	2130 : 28450513;
	2131 : 00C44603;
	2132 : 00D58733;
	2133 : 0FF77713;
	2134 : F8C6FCE3;
	2135 : 00E50733;
	2136 : 02D74703;
	2137 : 00D40633;
	2138 : 00168693;
	2139 : 0FF77713;
	213a : 00E606A3;
	213b : 0FF6F693;
	213c : FD5FF06F;
	213d : 00842603;
	213e : 00001737;
	213f : 3FF70693;
	2140 : 00C6F863;
	2141 : 00842683;
	2142 : 5FF70713;
	2143 : 0AD77263;
	2144 : 00842503;
	2145 : 00000493;
	2146 : A05FF0EF;
	2147 : 20050C63;
	2148 : 00842683;
	2149 : 000084B7;
	214a : 1E848713;
	214b : 00D72823;
	214c : 00C44683;
	214d : 0FA00593;
	214e : 00000513;
	214f : 0FF6F693;
	2150 : 00D70A23;
	2151 : 00100693;
	2152 : 02D70323;
	2153 : 020703A3;
	2154 : 02070423;
	2155 : 1E848493;
	2156 : DC9FE0EF;
	2157 : 0274C703;
	2158 : 04070C63;
	2159 : 00042223;
	215a : 00000713;
	215b : 0144C683;
	215c : EED77CE3;
	215d : 00E486B3;
	215e : 0156C683;
	215f : 00E40633;
	2160 : 00170713;
	2161 : 0FF6F693;
	2162 : 00D606A3;
	2163 : 0FF77713;
	2164 : FDDFF06F;
	2165 : 00E406B3;
	2166 : 00170713;
	2167 : 000686A3;
	2168 : 0FF77713;
	2169 : 00C44683;
	216a : FED766E3;
	216b : EBDFF06F;
	216c : 00000713;
	216d : FF1FF06F;
	216e : 0284C703;
	216f : 0FF77793;
	2170 : 00070863;
	2171 : 00100713;
	2172 : 00E42223;
	2173 : E9DFF06F;
	2174 : 00000513;
	2175 : 00F12023;
	2176 : E3DFE0EF;
	2177 : 00012783;
	2178 : F6050EE3;
	2179 : 00C44703;
	217a : 00E7E663;
	217b : 00042223;
	217c : E79FF06F;
	217d : 00F40733;
	217e : 00178793;
	217f : 000706A3;
	2180 : 0FF7F793;
	2181 : FE1FF06F;
	2182 : FFFFE6B7;
	2183 : E0068693;
	2184 : 00D70733;
	2185 : 00E00693;
	2186 : 14E6E663;
	2187 : 000087B7;
	2188 : 00271713;
	2189 : 07C78693;
	218a : 00D70733;
	218b : 00072703;
	218c : 00070067;
	218d : F0070713;
	218e : 01100693;
	218f : 12E6E463;
	2190 : 000086B7;
	2191 : 00271713;
	2192 : 0B868693;
	2193 : 00D70733;
	2194 : 00072703;
	2195 : 00070067;
	2196 : 000086B7;
	2197 : 00271713;
	2198 : 07C68693;
	2199 : FC5FF06F;
	219a : 1C000693;
	219b : 0ED71C63;
	219c : 00008737;
	219d : 28470713;
	219e : 01474703;
	219f : 0800006F;
	21a0 : 2C000693;
	21a1 : 2AD70A63;
	21a2 : 02E6E863;
	21a3 : 1C200693;
	21a4 : 22D70063;
	21a5 : E0070713;
	21a6 : 00700693;
	21a7 : 0CE6E463;
	21a8 : 000086B7;
	21a9 : 00271713;
	21aa : 10068693;
	21ab : 00D70733;
	21ac : 00072703;
	21ad : 00070067;
	21ae : 000026B7;
	21af : 20E68613;
	21b0 : 0AE66263;
	21b1 : 1FF68613;
	21b2 : F4E660E3;
	21b3 : 00268613;
	21b4 : 26C70C63;
	21b5 : 00368693;
	21b6 : 1ED70C63;
	21b7 : 60000693;
	21b8 : 08D71263;
	21b9 : 00008737;
	21ba : 28470713;
	21bb : 01B74703;
	21bc : 00C0006F;
	21bd : 00008737;
	21be : 28474703;
	21bf : 0FF77713;
	21c0 : 009406B3;
	21c1 : 00E686A3;
	21c2 : 00842703;
	21c3 : 00148493;
	21c4 : 00170713;
	21c5 : 00E42423;
	21c6 : 00442683;
	21c7 : 00C44603;
	21c8 : 0FF4F713;
	21c9 : 0016B693;
	21ca : 00C73733;
	21cb : 00D77733;
	21cc : D2070CE3;
	21cd : 00842703;
	21ce : 1C100693;
	21cf : 16D70263;
	21d0 : F4E6E0E3;
	21d1 : 11100693;
	21d2 : F2E6E0E3;
	21d3 : 0FF00693;
	21d4 : EEE6E2E3;
	21d5 : 00E00693;
	21d6 : F0E6F0E3;
	21d7 : 02100693;
	21d8 : 08D70863;
	21d9 : 00940733;
	21da : 000706A3;
	21db : F9DFF06F;
	21dc : 00008737;
	21dd : 28470713;
	21de : 00174703;
	21df : F81FF06F;
	21e0 : 00008737;
	21e1 : 28470713;
	21e2 : 00274703;
	21e3 : F71FF06F;
	21e4 : 00008737;
	21e5 : 28470713;
	21e6 : 00374703;
	21e7 : F61FF06F;
	21e8 : 00008737;
	21e9 : 28470713;
	21ea : 00474703;
	21eb : F51FF06F;
	21ec : 00008737;
	21ed : 28470713;
	21ee : 00574703;
	21ef : F41FF06F;
	21f0 : 00008737;
	21f1 : 28470713;
	21f2 : 00674703;
	21f3 : F31FF06F;
	21f4 : 00008737;
	21f5 : 28470713;
	21f6 : 00774703;
	21f7 : F21FF06F;
	21f8 : 00008737;
	21f9 : 28470713;
	21fa : 00874703;
	21fb : F11FF06F;
	21fc : 00008737;
	21fd : 28470713;
	21fe : 00974703;
	21ff : F01FF06F;
	2200 : 00008737;
	2201 : 28470713;
	2202 : 00A74703;
	2203 : EF1FF06F;
	2204 : 00008737;
	2205 : 28470713;
	2206 : 00B74703;
	2207 : EE1FF06F;
	2208 : 00008737;
	2209 : 28470713;
	220a : 00C74703;
	220b : ED1FF06F;
	220c : 00008737;
	220d : 28470713;
	220e : 00D74703;
	220f : EC1FF06F;
	2210 : 00008737;
	2211 : 28470713;
	2212 : 00E74703;
	2213 : EB1FF06F;
	2214 : 00008737;
	2215 : 28470713;
	2216 : 00F74703;
	2217 : EA1FF06F;
	2218 : 00008737;
	2219 : 28470713;
	221a : 01074703;
	221b : E91FF06F;
	221c : 00008737;
	221d : 28470713;
	221e : 01174703;
	221f : E81FF06F;
	2220 : 00008737;
	2221 : 28470713;
	2222 : 01274703;
	2223 : E71FF06F;
	2224 : 00008737;
	2225 : 28470713;
	2226 : 01374703;
	2227 : E61FF06F;
	2228 : 00008737;
	2229 : 28470713;
	222a : 01574703;
	222b : E51FF06F;
	222c : 00008737;
	222d : 28470713;
	222e : 01674703;
	222f : E41FF06F;
	2230 : 00008737;
	2231 : 28470713;
	2232 : 01774703;
	2233 : E31FF06F;
	2234 : 00008737;
	2235 : 28470713;
	2236 : 01874703;
	2237 : E21FF06F;
	2238 : 0D8010EF;
	2239 : 00050E63;
	223a : 11C010EF;
	223b : 13C010EF;
	223c : 00051663;
	223d : 00200713;
	223e : 00E42223;
	223f : 11C010EF;
	2240 : C58FF0EF;
	2241 : 00940733;
	2242 : 00A706A3;
	2243 : DFDFF06F;
	2244 : C98FF0EF;
	2245 : FF1FF06F;
	2246 : CE0FF0EF;
	2247 : 00940733;
	2248 : 00A706A3;
	2249 : 00000513;
	224a : D30FF0EF;
	224b : DDDFF06F;
	224c : CE8FF0EF;
	224d : FD1FF06F;
	224e : 00008737;
	224f : 28470713;
	2250 : 01A74703;
	2251 : DB9FF06F;
	2252 : 00008737;
	2253 : 28470713;
	2254 : 01C74703;
	2255 : DA9FF06F;
	2256 : 00072783;
	2257 : 00078863;
	2258 : 00072683;
	2259 : 00400793;
	225a : 00F69663;
	225b : FD5FE0EF;
	225c : E70FF06F;
	225d : 00072683;
	225e : 00100793;
	225f : 00F68863;
	2260 : 00072703;
	2261 : 00500793;
	2262 : E4F71C63;
	2263 : 82CFF0EF;
	2264 : E50FF06F;
	2265 : 00C12083;
	2266 : 00812403;
	2267 : 00412483;
	2268 : 01010113;
	2269 : 00008067;
	226a : 000087B7;
	226b : 2E078223;
	226c : 00008067;
	226d : 000087B7;
	226e : 2EA78223;
	226f : 00008067;
	2270 : 000087B7;
	2271 : 2E478793;
	2272 : 0007C703;
	2273 : 00871713;
	2274 : 00E79123;
	2275 : 0027D703;
	2276 : 00E56533;
	2277 : 00A79123;
	2278 : 00008067;
	2279 : 000085B7;
	227a : 00008637;
	227b : 00000793;
	227c : 74058593;
	227d : 2E460613;
	227e : 00C5C703;
	227f : 00E7E463;
	2280 : 00008067;
	2281 : 00265703;
	2282 : 00170693;
	2283 : 01069693;
	2284 : 0106D693;
	2285 : 00D61123;
	2286 : 00E60733;
	2287 : 00474703;
	2288 : 00F586B3;
	2289 : 00178793;
	228a : 0FF77713;
	228b : 00E686A3;
	228c : 0FF7F793;
	228d : FC5FF06F;
	228e : 000087B7;
	228f : 00478793;
	2290 : 0007A023;
	2291 : 00078223;
	2292 : 000782A3;
	2293 : 00078323;
	2294 : 000087B7;
	2295 : 0207A783;
	2296 : 00100713;
	2297 : 00E7A023;
	2298 : 00008067;
	2299 : 000087B7;
	229a : 00478793;
	229b : 00078223;
	229c : 000782A3;
	229d : 00008737;
	229e : 00078323;
	229f : 1E870713;
	22a0 : 00074683;
	22a1 : 02068663;
	22a2 : 000086B7;
	22a3 : 0206A603;
	22a4 : 0007A023;
	22a5 : 00062683;
	22a6 : 0026E693;
	22a7 : 00D62023;
	22a8 : 00070023;
	22a9 : 00100713;
	22aa : 00E78223;
	22ab : 00008067;
	22ac : 00174683;
	22ad : 02068663;
	22ae : 000086B7;
	22af : 0206A583;
	22b0 : 00100613;
	22b1 : 00C7A023;
	22b2 : 0005A683;
	22b3 : 0046E693;
	22b4 : 00D5A023;
	22b5 : 000700A3;
	22b6 : 00C782A3;
	22b7 : 00008067;
	22b8 : 00274683;
	22b9 : 02068263;
	22ba : 000086B7;
	22bb : 0206A603;
	22bc : 00062683;
	22bd : 0086E693;
	22be : 00D62023;
	22bf : 00070123;
	22c0 : 00100713;
	22c1 : 00E78323;
	22c2 : 00008067;
	22c3 : 000087B7;
	22c4 : 0047A503;
	22c5 : FFF50513;
	22c6 : 00153513;
	22c7 : 00008067;
	22c8 : 000087B7;
	22c9 : 00478793;
	22ca : 0057C503;
	22cb : 00A03533;
	22cc : 00008067;
	22cd : 000087B7;
	22ce : 00478793;
	22cf : 0047C503;
	22d0 : 00A03533;
	22d1 : 00008067;
	22d2 : 000087B7;
	22d3 : 00478793;
	22d4 : 0067C503;
	22d5 : 00A03533;
	22d6 : 00008067;
	22d7 : 000087B7;
	22d8 : 0207A703;
	22d9 : 00072783;
	22da : 0087E793;
	22db : 00F72023;
	22dc : 00008067;
	22dd : FF410113;
	22de : 00112423;
	22df : 00812223;
	22e0 : 911FE0EF;
	22e1 : 00157793;
	22e2 : 06078E63;
	22e3 : 00257793;
	22e4 : 00050413;
	22e5 : 00078A63;
	22e6 : 00100513;
	22e7 : D7CFE0EF;
	22e8 : 00200513;
	22e9 : 8FDFE0EF;
	22ea : 00447793;
	22eb : 00078863;
	22ec : FF8FE0EF;
	22ed : 00400513;
	22ee : 8E9FE0EF;
	22ef : 02047793;
	22f0 : 00078863;
	22f1 : D51FE0EF;
	22f2 : 02000513;
	22f3 : 8D5FE0EF;
	22f4 : 04047793;
	22f5 : 00078863;
	22f6 : 94DFE0EF;
	22f7 : 04000513;
	22f8 : 8C1FE0EF;
	22f9 : 08047413;
	22fa : 00040E63;
	22fb : 329010EF;
	22fc : 00412403;
	22fd : 00812083;
	22fe : 08000513;
	22ff : 00C10113;
	2300 : 8A1FE06F;
	2301 : 00812083;
	2302 : 00412403;
	2303 : 00C10113;
	2304 : 00008067;
	2305 : 000087B7;
	2306 : 27878793;
	2307 : 0007A023;
	2308 : 00078223;
	2309 : 000782A3;
	230a : 00078323;
	230b : 000783A3;
	230c : 00078423;
	230d : 00008067;
	230e : 000107B7;
	230f : FF010113;
	2310 : 01F78793;
	2311 : 00F12023;
	2312 : 00112623;
	2313 : FC9FE0EF;
	2314 : 00400793;
	2315 : 04F51E63;
	2316 : 00215783;
	2317 : 0067E793;
	2318 : 00F11123;
	2319 : 00215783;
	231a : 0087E793;
	231b : 00F11123;
	231c : A20FF0EF;
	231d : 00050663;
	231e : 01000793;
	231f : 00F11123;
	2320 : 000087B7;
	2321 : 73078793;
	2322 : 01000713;
	2323 : 00E78223;
	2324 : 0007A023;
	2325 : 00200713;
	2326 : 00E782A3;
	2327 : 0027A423;
	2328 : 901FE0EF;
	2329 : 00C12083;
	232a : 01010113;
	232b : 00008067;
	232c : F65FE0EF;
	232d : 00200793;
	232e : 00F51863;
	232f : 00215783;
	2330 : 0047E793;
	2331 : F9DFF06F;
	2332 : F4DFE0EF;
	2333 : 00100793;
	2334 : F8F51AE3;
	2335 : 00215783;
	2336 : 0027E793;
	2337 : F85FF06F;
	2338 : 000087B7;
	2339 : 00100713;
	233a : 27878793;
	233b : 00E783A3;
	233c : 000087B7;
	233d : 1E878793;
	233e : 00E78423;
	233f : F3DFF06F;
	2340 : FF010113;
	2341 : 000087B7;
	2342 : 00112623;
	2343 : 73078793;
	2344 : 01000713;
	2345 : 00E78223;
	2346 : 00E11023;
	2347 : 0007A023;
	2348 : 00200713;
	2349 : 00A03533;
	234a : 00451513;
	234b : 00E782A3;
	234c : 00A11123;
	234d : 0027A423;
	234e : 869FE0EF;
	234f : 00C12083;
	2350 : 01010113;
	2351 : 00008067;
	2352 : FF010113;
	2353 : 06000793;
	2354 : 00F11023;
	2355 : 000087B7;
	2356 : 00112623;
	2357 : 73078793;
	2358 : 01000713;
	2359 : 00E78223;
	235a : FF650513;
	235b : 0007A023;
	235c : 00200713;
	235d : 00153513;
	235e : 00551513;
	235f : 00E782A3;
	2360 : 00A11123;
	2361 : 0027A423;
	2362 : 819FE0EF;
	2363 : 00C12083;
	2364 : 01010113;
	2365 : 00008067;
	2366 : 000087B7;
	2367 : 27878793;
	2368 : 0077C503;
	2369 : 00008067;
	236a : 000087B7;
	236b : 27878793;
	236c : 0057C503;
	236d : 00008067;
	236e : 000087B7;
	236f : 27878793;
	2370 : 0067C503;
	2371 : 00008067;
	2372 : 000087B7;
	2373 : 27878793;
	2374 : 00100713;
	2375 : 00E78223;
	2376 : 00008067;
	2377 : FF410113;
	2378 : 02000513;
	2379 : 00112423;
	237a : AC0FE0EF;
	237b : 00812083;
	237c : 00800513;
	237d : 00C10113;
	237e : C7CFE06F;
	237f : FF410113;
	2380 : 00812223;
	2381 : 00912023;
	2382 : 00058413;
	2383 : 00112423;
	2384 : 00050493;
	2385 : FC9FF0EF;
	2386 : 00008737;
	2387 : 27870793;
	2388 : 0077C783;
	2389 : 0087E5B3;
	238a : 27870413;
	238b : 00058863;
	238c : 000087B7;
	238d : 1E878793;
	238e : 009783A3;
	238f : 00744783;
	2390 : 00078863;
	2391 : 309000EF;
	2392 : 00100513;
	2393 : 80CFF0EF;
	2394 : D01FE0EF;
	2395 : 000403A3;
	2396 : 00812083;
	2397 : 00412403;
	2398 : 00012483;
	2399 : 00C10113;
	239a : 00008067;
	239b : 02000513;
	239c : A28FE06F;
	239d : FF010113;
	239e : 00812423;
	239f : 00008437;
	23a0 : 27840413;
	23a1 : 00042783;
	23a2 : 00912223;
	23a3 : 00112623;
	23a4 : 00100493;
	23a5 : 06978E63;
	23a6 : 00200713;
	23a7 : 0CE78C63;
	23a8 : 02079463;
	23a9 : 00444783;
	23aa : 04078A63;
	23ab : 00040223;
	23ac : 000402A3;
	23ad : 00040323;
	23ae : D71FE0EF;
	23af : 00844783;
	23b0 : 00A79863;
	23b1 : 009402A3;
	23b2 : 00042023;
	23b3 : 0300006F;
	23b4 : 00040423;
	23b5 : F09FF0EF;
	23b6 : 000087B7;
	23b7 : 1E878793;
	23b8 : 000185B7;
	23b9 : 00078523;
	23ba : 6A058593;
	23bb : 00000513;
	23bc : 009784A3;
	23bd : C2CFE0EF;
	23be : 00942023;
	23bf : 00C12083;
	23c0 : 00812403;
	23c1 : 00412483;
	23c2 : 01010113;
	23c3 : 00008067;
	23c4 : 00008737;
	23c5 : 1E870713;
	23c6 : 00A74703;
	23c7 : 02070063;
	23c8 : F4DFF0EF;
	23c9 : 3E800593;
	23ca : 00000513;
	23cb : BF4FE0EF;
	23cc : 00200793;
	23cd : 00F42023;
	23ce : FC5FF06F;
	23cf : 00008737;
	23d0 : 1DC74703;
	23d1 : FA071CE3;
	23d2 : 00000513;
	23d3 : 00F12023;
	23d4 : CC4FE0EF;
	23d5 : FA0504E3;
	23d6 : E85FF0EF;
	23d7 : 00012783;
	23d8 : 00100593;
	23d9 : 00100513;
	23da : 00F40323;
	23db : E91FF0EF;
	23dc : F59FF06F;
	23dd : 00300593;
	23de : 00800513;
	23df : A28FE0EF;
	23e0 : 00050863;
	23e1 : 009402A3;
	23e2 : 00040423;
	23e3 : F3DFF06F;
	23e4 : C84FE0EF;
	23e5 : F60504E3;
	23e6 : 02000513;
	23e7 : 90CFE0EF;
	23e8 : 00100593;
	23e9 : 00200513;
	23ea : E55FF0EF;
	23eb : 00940323;
	23ec : F19FF06F;
	23ed : 000087B7;
	23ee : 1E878793;
	23ef : 00078023;
	23f0 : 000780A3;
	23f1 : 00078123;
	23f2 : 000782A3;
	23f3 : 00078323;
	23f4 : 000781A3;
	23f5 : 00078223;
	23f6 : 000783A3;
	23f7 : 00078423;
	23f8 : 000784A3;
	23f9 : 00078523;
	23fa : 000785A3;
	23fb : 00078623;
	23fc : 000786A3;
	23fd : 020782A3;
	23fe : 02078323;
	23ff : 020783A3;
	2400 : 02078423;
	2401 : 040784A3;
	2402 : 04078523;
	2403 : 000087B7;
	2404 : 70078623;
	2405 : 000087B7;
	2406 : 6E078423;
	2407 : 00008067;
	2408 : 00008737;
	2409 : 70C70693;
	240a : 0006C783;
	240b : 38078E63;
	240c : 70C70713;
	240d : 00070023;
	240e : 00274603;
	240f : 01200593;
	2410 : 0FF67793;
	2411 : 04C5E463;
	2412 : 00200693;
	2413 : 06F6F463;
	2414 : FFD78793;
	2415 : 0FF7F793;
	2416 : 00F00693;
	2417 : 04F6EC63;
	2418 : 000086B7;
	2419 : 00279793;
	241a : 12068693;
	241b : 00D787B3;
	241c : 0007A783;
	241d : FF410113;
	241e : 00812223;
	241f : 00008437;
	2420 : 00112423;
	2421 : 6E840413;
	2422 : 00078067;
	2423 : 07300613;
	2424 : 02F66A63;
	2425 : 07100693;
	2426 : 2AF6E463;
	2427 : 00008737;
	2428 : 02400693;
	2429 : 6E870713;
	242a : 20D78A63;
	242b : 04200693;
	242c : 22D78A63;
	242d : 000087B7;
	242e : 6E878793;
	242f : 00078123;
	2430 : 2100006F;
	2431 : 07500613;
	2432 : 22C78863;
	2433 : 08100693;
	2434 : FED792E3;
	2435 : 00374683;
	2436 : 00474783;
	2437 : 00008537;
	2438 : 00869693;
	2439 : 00D7E7B3;
	243a : FFD78793;
	243b : 01079793;
	243c : 00300613;
	243d : 0107D793;
	243e : 2E450513;
	243f : 01300313;
	2440 : 00C705B3;
	2441 : 0025C583;
	2442 : 00C786B3;
	2443 : 01069693;
	2444 : 0106D693;
	2445 : 0FF5F593;
	2446 : 00D506B3;
	2447 : 00B68223;
	2448 : 00160613;
	2449 : FC661EE3;
	244a : 000087B7;
	244b : 6E878793;
	244c : 00100713;
	244d : 00E78123;
	244e : 1980006F;
	244f : 00374683;
	2450 : 00474583;
	2451 : 00200713;
	2452 : 0FF6F793;
	2453 : 0FF5F593;
	2454 : 04E68A63;
	2455 : 02F76263;
	2456 : 00200513;
	2457 : 00079463;
	2458 : 00100513;
	2459 : A31FE0EF;
	245a : 00051C63;
	245b : 00100793;
	245c : 00F40123;
	245d : 0100006F;
	245e : 0FF00713;
	245f : 02E78863;
	2460 : 00040123;
	2461 : 00100713;
	2462 : 000087B7;
	2463 : 6E878793;
	2464 : 00E780A3;
	2465 : 00412403;
	2466 : 00812083;
	2467 : 00C10113;
	2468 : B28FE06F;
	2469 : 02100513;
	246a : FBDFF06F;
	246b : 04700793;
	246c : FCF598E3;
	246d : 02000513;
	246e : EE1FD0EF;
	246f : 6A4000EF;
	2470 : FADFF06F;
	2471 : 00100793;
	2472 : 000085B7;
	2473 : 00F40123;
	2474 : 1DC58593;
	2475 : 00000793;
	2476 : 00800513;
	2477 : 00078693;
	2478 : 00178793;
	2479 : 00F70633;
	247a : 00264603;
	247b : 00D586B3;
	247c : 0FF67613;
	247d : 00C680A3;
	247e : FEA792E3;
	247f : 52C010EF;
	2480 : F80512E3;
	2481 : 00100513;
	2482 : 958FE0EF;
	2483 : F79FF06F;
	2484 : 00500793;
	2485 : 00F40123;
	2486 : E31FD0EF;
	2487 : 00855793;
	2488 : 0FF7F793;
	2489 : 00F401A3;
	248a : 0FF57513;
	248b : 00A40223;
	248c : 00200793;
	248d : 00F402A3;
	248e : 00100793;
	248f : 00F40323;
	2490 : 000403A3;
	2491 : E99FD0EF;
	2492 : 0FF57513;
	2493 : 00A40423;
	2494 : 8BDFF0EF;
	2495 : 00A404A3;
	2496 : B41FF0EF;
	2497 : 00A40523;
	2498 : 9B5FE0EF;
	2499 : 00A405A3;
	249a : 9C1FE0EF;
	249b : 00A40623;
	249c : 4C1000EF;
	249d : 00A406A3;
	249e : 00C00713;
	249f : F0DFF06F;
	24a0 : 000087B7;
	24a1 : 00100713;
	24a2 : 1E878793;
	24a3 : 00E780A3;
	24a4 : 00E40123;
	24a5 : EF1FF06F;
	24a6 : 00008737;
	24a7 : 00100793;
	24a8 : 1EF70423;
	24a9 : ECDFF06F;
	24aa : 000087B7;
	24ab : 00100713;
	24ac : 1E878793;
	24ad : 00E78123;
	24ae : FD9FF06F;
	24af : 000087B7;
	24b0 : 00100693;
	24b1 : 1E878793;
	24b2 : 00D78223;
	24b3 : 00D70123;
	24b4 : 000087B7;
	24b5 : 00100713;
	24b6 : 6E878793;
	24b7 : 00E780A3;
	24b8 : EC1FF06F;
	24b9 : 000087B7;
	24ba : 00100693;
	24bb : 1E878793;
	24bc : 00D78523;
	24bd : FD9FF06F;
	24be : 0046C603;
	24bf : 0036C703;
	24c0 : 000087B7;
	24c1 : 28478793;
	24c2 : 01870713;
	24c3 : 00171713;
	24c4 : 00E78733;
	24c5 : 00861613;
	24c6 : 00C71723;
	24c7 : 0056C603;
	24c8 : 0036C703;
	24c9 : 01870713;
	24ca : 00171713;
	24cb : 00E787B3;
	24cc : 00E7D703;
	24cd : 00E66733;
	24ce : 00E79723;
	24cf : DEDFF06F;
	24d0 : 00374683;
	24d1 : 000087B7;
	24d2 : 1E878613;
	24d3 : 0FF6F693;
	24d4 : 00D60A23;
	24d5 : 01464683;
	24d6 : 1E878793;
	24d7 : 04069463;
	24d8 : 00274683;
	24d9 : 07200713;
	24da : 04E69263;
	24db : 00100713;
	24dc : 02E783A3;
	24dd : 00008067;
	24de : 00268613;
	24df : 00C70633;
	24e0 : 00264603;
	24e1 : 00D785B3;
	24e2 : 00168693;
	24e3 : 0FF67613;
	24e4 : 00C58AA3;
	24e5 : 0FF6F693;
	24e6 : 0147C603;
	24e7 : FCC6EEE3;
	24e8 : FC1FF06F;
	24e9 : 00000693;
	24ea : FF1FF06F;
	24eb : 00100713;
	24ec : 02E78423;
	24ed : 00008067;
	24ee : 000087B7;
	24ef : 6E878793;
	24f0 : 00078123;
	24f1 : DC1FF06F;
	24f2 : 00008067;
	24f3 : 000087B7;
	24f4 : 1E878793;
	24f5 : 0497C703;
	24f6 : 00E78733;
	24f7 : 02A704A3;
	24f8 : 0497C683;
	24f9 : 01F00713;
	24fa : 00D77663;
	24fb : 040784A3;
	24fc : 00008067;
	24fd : 0497C703;
	24fe : 00170713;
	24ff : 0FF77713;
	2500 : 04E784A3;
	2501 : 00008067;
	2502 : 000087B7;
	2503 : 1E878793;
	2504 : 04A7C703;
	2505 : 00E78733;
	2506 : 02974503;
	2507 : 04A7C683;
	2508 : 01F00713;
	2509 : 0FF57513;
	250a : 00D77663;
	250b : 04078523;
	250c : 00008067;
	250d : 04A7C703;
	250e : 00170713;
	250f : 0FF77713;
	2510 : 04E78523;
	2511 : 00008067;
	2512 : 000087B7;
	2513 : 1E878793;
	2514 : 04A7C503;
	2515 : 0497C783;
	2516 : 40F50533;
	2517 : 00A03533;
	2518 : 00008067;
	2519 : FF410113;
	251a : 00112423;
	251b : 00812223;
	251c : FD9FF0EF;
	251d : 02050263;
	251e : 00008437;
	251f : 6E840413;
	2520 : 00200793;
	2521 : 00F40123;
	2522 : F81FF0EF;
	2523 : 00A401A3;
	2524 : 00200713;
	2525 : 0440006F;
	2526 : 000087B7;
	2527 : 1E878713;
	2528 : 00974683;
	2529 : 1E878793;
	252a : 04068663;
	252b : 000704A3;
	252c : 00008437;
	252d : 00070523;
	252e : 6E840413;
	252f : 04000793;
	2530 : 00F40123;
	2531 : F64FE0EF;
	2532 : 00A401A3;
	2533 : A21FE0EF;
	2534 : 00A40223;
	2535 : 00300713;
	2536 : 000087B7;
	2537 : 6E878793;
	2538 : 00E780A3;
	2539 : 00412403;
	253a : 00812083;
	253b : 00C10113;
	253c : FD9FD06F;
	253d : 00374683;
	253e : 02068063;
	253f : 00008437;
	2540 : 000701A3;
	2541 : 6E840413;
	2542 : 02300793;
	2543 : 00F40123;
	2544 : F60FE0EF;
	2545 : F79FF06F;
	2546 : 00574683;
	2547 : 02068063;
	2548 : 000087B7;
	2549 : 000702A3;
	254a : 6E878793;
	254b : 03100713;
	254c : 00E78123;
	254d : 00100713;
	254e : FA1FF06F;
	254f : 00674683;
	2550 : 00068C63;
	2551 : 000087B7;
	2552 : 00070323;
	2553 : 6E878793;
	2554 : 03200713;
	2555 : FDDFF06F;
	2556 : 00774683;
	2557 : 02068463;
	2558 : 000087B7;
	2559 : 6E878793;
	255a : 04500693;
	255b : 00D78123;
	255c : 00774683;
	255d : 0FF6F693;
	255e : 00D781A3;
	255f : 000703A3;
	2560 : F11FF06F;
	2561 : 00874683;
	2562 : 02068463;
	2563 : 00008437;
	2564 : 00070423;
	2565 : 6E840413;
	2566 : 04400793;
	2567 : 00F40123;
	2568 : E74FE0EF;
	2569 : 00A401A3;
	256a : E80FE0EF;
	256b : F25FF06F;
	256c : 00D74683;
	256d : 14068C63;
	256e : 000087B7;
	256f : 000706A3;
	2570 : 6E878793;
	2571 : 06600713;
	2572 : 00E78123;
	2573 : 00008737;
	2574 : 25470713;
	2575 : 00472683;
	2576 : 0106D693;
	2577 : 0FF6F693;
	2578 : 00D781A3;
	2579 : 00472683;
	257a : 0086D693;
	257b : 0FF6F693;
	257c : 00D78223;
	257d : 00472683;
	257e : 0FF6F693;
	257f : 00D782A3;
	2580 : 00872683;
	2581 : 0106D693;
	2582 : 0FF6F693;
	2583 : 00D78323;
	2584 : 00872683;
	2585 : 0086D693;
	2586 : 0FF6F693;
	2587 : 00D783A3;
	2588 : 00872683;
	2589 : 0FF6F693;
	258a : 00D78423;
	258b : 00C75683;
	258c : 0086D693;
	258d : 00D784A3;
	258e : 00C75683;
	258f : 0FF6F693;
	2590 : 00D78523;
	2591 : 00E75683;
	2592 : 0086D693;
	2593 : 00D785A3;
	2594 : 00E75683;
	2595 : 0FF6F693;
	2596 : 00D78623;
	2597 : 01275683;
	2598 : 0086D693;
	2599 : 00D786A3;
	259a : 01275683;
	259b : 0FF6F693;
	259c : 00D78723;
	259d : 01075683;
	259e : 0086D693;
	259f : 00D787A3;
	25a0 : 01075683;
	25a1 : 0FF6F693;
	25a2 : 00D78823;
	25a3 : 01475683;
	25a4 : 0086D693;
	25a5 : 00D788A3;
	25a6 : 01475683;
	25a7 : 0FF6F693;
	25a8 : 00D78923;
	25a9 : 01675683;
	25aa : 0086D693;
	25ab : 00D789A3;
	25ac : 01675683;
	25ad : 0FF6F693;
	25ae : 00D78A23;
	25af : 01A75683;
	25b0 : 0086D693;
	25b1 : 00D78AA3;
	25b2 : 01A75683;
	25b3 : 0FF6F693;
	25b4 : 00D78B23;
	25b5 : 01875683;
	25b6 : 0086D693;
	25b7 : 00D78BA3;
	25b8 : 01875683;
	25b9 : 0FF6F693;
	25ba : 00D78C23;
	25bb : 01C75683;
	25bc : 0086D693;
	25bd : 00D78CA3;
	25be : 01C75703;
	25bf : 0FF77713;
	25c0 : 00E78D23;
	25c1 : 01900713;
	25c2 : DD1FF06F;
	25c3 : 00B74683;
	25c4 : 00068C63;
	25c5 : 000087B7;
	25c6 : 000705A3;
	25c7 : 6E878793;
	25c8 : 06200713;
	25c9 : E0DFF06F;
	25ca : 00C7C703;
	25cb : 0FF77693;
	25cc : 02070463;
	25cd : 00008737;
	25ce : 6E870713;
	25cf : 06300693;
	25d0 : 00D70123;
	25d1 : 00C7C683;
	25d2 : 0FF6F693;
	25d3 : 00D701A3;
	25d4 : 00078623;
	25d5 : D3DFF06F;
	25d6 : 0257C703;
	25d7 : 0A070063;
	25d8 : 000085B7;
	25d9 : 6E858713;
	25da : 07000613;
	25db : 00C70123;
	25dc : 0107A603;
	25dd : 6E858593;
	25de : 01065613;
	25df : 0FF67613;
	25e0 : 00C701A3;
	25e1 : 0107A603;
	25e2 : 00865613;
	25e3 : 0FF67613;
	25e4 : 00C70223;
	25e5 : 0107A603;
	25e6 : 0FF67613;
	25e7 : 00C702A3;
	25e8 : 0147C603;
	25e9 : 0FF67613;
	25ea : 00C70323;
	25eb : 0147C603;
	25ec : 00568713;
	25ed : 0FF77713;
	25ee : 02C6E263;
	25ef : 020782A3;
	25f0 : 020783A3;
	25f1 : 02078423;
	25f2 : D00718E3;
	25f3 : 00812083;
	25f4 : 00412403;
	25f5 : 00C10113;
	25f6 : 00008067;
	25f7 : 00D78633;
	25f8 : 01564603;
	25f9 : 00E58733;
	25fa : 00168693;
	25fb : 0FF67613;
	25fc : 00C70123;
	25fd : 0FF6F693;
	25fe : FB5FF06F;
	25ff : 0267C703;
	2600 : FC0706E3;
	2601 : 00008737;
	2602 : 6E870713;
	2603 : 07100693;
	2604 : 00D70123;
	2605 : 0107A683;
	2606 : 0106D693;
	2607 : 0FF6F693;
	2608 : 00D701A3;
	2609 : 0107A683;
	260a : 0086D693;
	260b : 0FF6F693;
	260c : 00D70223;
	260d : 0107A683;
	260e : 0FF6F693;
	260f : 00D702A3;
	2610 : 0147C683;
	2611 : 0FF6F693;
	2612 : 00D70323;
	2613 : 02078323;
	2614 : 020783A3;
	2615 : 02078423;
	2616 : 00500713;
	2617 : C7DFF06F;
	2618 : 000087B7;
	2619 : 00000693;
	261a : 23478793;
	261b : 00100713;
	261c : 00400593;
	261d : 00D78633;
	261e : 00E60623;
	261f : 00E60823;
	2620 : 00E60A23;
	2621 : 00168693;
	2622 : FEB696E3;
	2623 : 00E78C23;
	2624 : 00E785A3;
	2625 : 00E78423;
	2626 : 000087B7;
	2627 : 28478793;
	2628 : 0017C703;
	2629 : 0FF77713;
	262a : 00E78523;
	262b : 0027C703;
	262c : 0FF77713;
	262d : 00E785A3;
	262e : C28FF06F;
	262f : FF010113;
	2630 : 00112623;
	2631 : 00812423;
	2632 : B4CFE0EF;
	2633 : 00050413;
	2634 : BA0FE0EF;
	2635 : 00000693;
	2636 : 00811023;
	2637 : 00000793;
	2638 : 00000713;
	2639 : 04871063;
	263a : 04069E63;
	263b : 00011123;
	263c : 000087B7;
	263d : 73078793;
	263e : 01100713;
	263f : 00E78223;
	2640 : 0007A023;
	2641 : 00200713;
	2642 : 00E782A3;
	2643 : 0027A423;
	2644 : C91FD0EF;
	2645 : 00C12083;
	2646 : 00812403;
	2647 : 01010113;
	2648 : 00008067;
	2649 : 00479793;
	264a : 00F567B3;
	264b : 01079793;
	264c : 00170713;
	264d : 0107D793;
	264e : 0FF77713;
	264f : 00100693;
	2650 : FA5FF06F;
	2651 : 00F11123;
	2652 : FA9FF06F;
	2653 : 000087B7;
	2654 : 00000713;
	2655 : 23478793;
	2656 : 00400613;
	2657 : 00E786B3;
	2658 : 00068623;
	2659 : 00068823;
	265a : 00068A23;
	265b : 00170713;
	265c : FEC716E3;
	265d : 00078C23;
	265e : 00078423;
	265f : 00078CA3;
	2660 : 00078D23;
	2661 : 00078DA3;
	2662 : 00078E23;
	2663 : 00008067;
	2664 : 000087B7;
	2665 : 23478793;
	2666 : 0007A023;
	2667 : 00078223;
	2668 : 000782A3;
	2669 : 00078323;
	266a : 000783A3;
	266b : 00078523;
	266c : 000785A3;
	266d : F99FF06F;
	266e : 000087B7;
	266f : 23478793;
	2670 : 0077C503;
	2671 : 00008067;
	2672 : 000087B7;
	2673 : 23478793;
	2674 : 00100713;
	2675 : 00E78223;
	2676 : 00008067;
	2677 : 000087B7;
	2678 : 23478793;
	2679 : 00100713;
	267a : 00E782A3;
	267b : 00008067;
	267c : 000087B7;
	267d : 23478793;
	267e : 00100713;
	267f : 00E78323;
	2680 : 00008067;
	2681 : 000087B7;
	2682 : 23478793;
	2683 : 00100713;
	2684 : 00E78523;
	2685 : 00008067;
	2686 : 000087B7;
	2687 : 23478793;
	2688 : 000785A3;
	2689 : 00008067;
	268a : 000087B7;
	268b : 23478793;
	268c : 00B7C503;
	268d : 00008067;
	268e : 000087B7;
	268f : 23478793;
	2690 : 01E7D503;
	2691 : 00F55513;
	2692 : 00008067;
	2693 : FD410113;
	2694 : 000087B7;
	2695 : 02112423;
	2696 : 73078793;
	2697 : 02812223;
	2698 : 02912023;
	2699 : 01100713;
	269a : 00E78223;
	269b : 00100713;
	269c : 00E7A023;
	269d : 00500713;
	269e : 00E782A3;
	269f : 01010413;
	26a0 : 0087A423;
	26a1 : 00012823;
	26a2 : 00012A23;
	26a3 : 00011C23;
	26a4 : B11FD0EF;
	26a5 : 980FE0EF;
	26a6 : 01015703;
	26a7 : 000084B7;
	26a8 : 23448793;
	26a9 : 00A12023;
	26aa : 00E79F23;
	26ab : F8DFF0EF;
	26ac : 00050693;
	26ad : 04050263;
	26ae : 00012583;
	26af : 23448713;
	26b0 : 00040793;
	26b1 : 00810613;
	26b2 : 00000693;
	26b3 : 00278793;
	26b4 : 04B69063;
	26b5 : 01E75403;
	26b6 : 93CFE0EF;
	26b7 : 00A12023;
	26b8 : 00345413;
	26b9 : 00000493;
	26ba : 00100693;
	26bb : 00012783;
	26bc : 0FF4F613;
	26bd : 02F66A63;
	26be : 02812083;
	26bf : 02412403;
	26c0 : 02012483;
	26c1 : 00068513;
	26c2 : 02C10113;
	26c3 : 00008067;
	26c4 : 0007D503;
	26c5 : 00168693;
	26c6 : 0FF6F693;
	26c7 : 00A61023;
	26c8 : 00260613;
	26c9 : FA9FF06F;
	26ca : 00149613;
	26cb : 00860793;
	26cc : 00278633;
	26cd : 00065603;
	26ce : 00D12223;
	26cf : 02866C63;
	26d0 : 968FE0EF;
	26d1 : 000087B7;
	26d2 : 23478713;
	26d3 : 00412683;
	26d4 : 00970633;
	26d5 : 00100593;
	26d6 : 00050863;
	26d7 : 00B60623;
	26d8 : 00148493;
	26d9 : F89FF06F;
	26da : 00B60823;
	26db : 00B60A23;
	26dc : FF1FF06F;
	26dd : 934FE0EF;
	26de : 000087B7;
	26df : 23478713;
	26e0 : 009706B3;
	26e1 : 00050863;
	26e2 : 00068623;
	26e3 : 00000693;
	26e4 : FD1FF06F;
	26e5 : 00068823;
	26e6 : 00068A23;
	26e7 : FF1FF06F;
	26e8 : 000087B7;
	26e9 : 23478693;
	26ea : 0196C603;
	26eb : 00400593;
	26ec : 23478793;
	26ed : 0FF67713;
	26ee : 08C5E063;
	26ef : 000086B7;
	26f0 : 00271713;
	26f1 : 16068693;
	26f2 : 00D70733;
	26f3 : 00072703;
	26f4 : 00070067;
	26f5 : 00100713;
	26f6 : 00E78D23;
	26f7 : 00078DA3;
	26f8 : 00E78CA3;
	26f9 : 00008067;
	26fa : 00100713;
	26fb : 00E78D23;
	26fc : 00E78DA3;
	26fd : 00200713;
	26fe : FE9FF06F;
	26ff : 00100713;
	2700 : 00E78D23;
	2701 : 00200713;
	2702 : 00E78DA3;
	2703 : 00300713;
	2704 : FD1FF06F;
	2705 : 00200713;
	2706 : 00E78D23;
	2707 : 00100713;
	2708 : 00E78DA3;
	2709 : 00400713;
	270a : FB9FF06F;
	270b : 00200713;
	270c : 00E78D23;
	270d : FEDFF06F;
	270e : 00068D23;
	270f : 00068DA3;
	2710 : 00068CA3;
	2711 : 00008067;
	2712 : FF410113;
	2713 : 00812223;
	2714 : 00008437;
	2715 : 23440793;
	2716 : 00112423;
	2717 : 0047C783;
	2718 : 23440413;
	2719 : 00079663;
	271a : 00544783;
	271b : 00078863;
	271c : 00042023;
	271d : 00040523;
	271e : 000405A3;
	271f : 00042783;
	2720 : 00600713;
	2721 : 1CF76063;
	2722 : 00008737;
	2723 : 00279793;
	2724 : 17470713;
	2725 : 00E787B3;
	2726 : 0007A783;
	2727 : 00078067;
	2728 : 00544783;
	2729 : 04078063;
	272a : 000402A3;
	272b : 00744783;
	272c : 02078063;
	272d : 000087B7;
	272e : 1E878793;
	272f : 00100713;
	2730 : 00000593;
	2731 : 00500513;
	2732 : 00E78323;
	2733 : 930FF0EF;
	2734 : 000403A3;
	2735 : 00812083;
	2736 : 00412403;
	2737 : 00C10113;
	2738 : 00008067;
	2739 : 00444783;
	273a : FE0786E3;
	273b : 00040223;
	273c : 00100793;
	273d : 00F403A3;
	273e : 000405A3;
	273f : 00040423;
	2740 : 00040E23;
	2741 : FA5FD0EF;
	2742 : 00050463;
	2743 : C41FF0EF;
	2744 : 00100793;
	2745 : 0300006F;
	2746 : 8C4FF0EF;
	2747 : 00644783;
	2748 : FA078AE3;
	2749 : 00040323;
	274a : 000087B7;
	274b : 1E878793;
	274c : 000405A3;
	274d : 00078223;
	274e : 00100713;
	274f : 00E781A3;
	2750 : 00200793;
	2751 : 00F42023;
	2752 : F8DFF06F;
	2753 : 000087B7;
	2754 : 1E878793;
	2755 : 0047C783;
	2756 : F6078EE3;
	2757 : 00300793;
	2758 : FE5FF06F;
	2759 : 12C00593;
	275a : 00000513;
	275b : DB4FD0EF;
	275c : 00400793;
	275d : FD1FF06F;
	275e : 00000513;
	275f : E98FD0EF;
	2760 : F4050AE3;
	2761 : 8E8FF0EF;
	2762 : B35FF0EF;
	2763 : 00500793;
	2764 : FB5FF06F;
	2765 : 00A44783;
	2766 : F2078EE3;
	2767 : 00040523;
	2768 : CADFF0EF;
	2769 : 00A404A3;
	276a : C91FF0EF;
	276b : F20504E3;
	276c : 00944783;
	276d : 04078A63;
	276e : F11FD0EF;
	276f : 04050063;
	2770 : 00100713;
	2771 : 00E40C23;
	2772 : 00E40423;
	2773 : 000087B7;
	2774 : 1E878793;
	2775 : 000403A3;
	2776 : FFF00513;
	2777 : 00E782A3;
	2778 : CB0FD0EF;
	2779 : EFDFE0EF;
	277a : 00042023;
	277b : 00100793;
	277c : 00F405A3;
	277d : 00600793;
	277e : F4DFF06F;
	277f : 00600793;
	2780 : 00F42023;
	2781 : FE9FF06F;
	2782 : 01C44783;
	2783 : 00078863;
	2784 : D91FF0EF;
	2785 : 00040E23;
	2786 : FD5FF06F;
	2787 : 01C44783;
	2788 : 00178793;
	2789 : 0FF7F793;
	278a : 00F40E23;
	278b : FC1FF06F;
	278c : 00A44783;
	278d : EA0780E3;
	278e : 00040523;
	278f : 00944783;
	2790 : EC0788E3;
	2791 : 00042023;
	2792 : E8DFF06F;
	2793 : 000087B7;
	2794 : 2347A503;
	2795 : 00008067;
	2796 : 000087B7;
	2797 : 25478793;
	2798 : 00078FA3;
	2799 : 00078F23;
	279a : 00079023;
	279b : 0207A023;
	279c : 00008067;
	279d : FF010113;
	279e : 000087B7;
	279f : 00112623;
	27a0 : 00812423;
	27a1 : 00912223;
	27a2 : 1E878793;
	27a3 : 00100493;
	27a4 : 04000513;
	27a5 : 00008437;
	27a6 : 25440413;
	27a7 : 009785A3;
	27a8 : 9F8FD0EF;
	27a9 : 01245783;
	27aa : 01300713;
	27ab : 00F11023;
	27ac : 000087B7;
	27ad : 73078793;
	27ae : 00E78223;
	27af : 0007A023;
	27b0 : 009782A3;
	27b1 : 0027A423;
	27b2 : ED8FD0EF;
	27b3 : 00940FA3;
	27b4 : 00C12083;
	27b5 : 02042023;
	27b6 : 00812403;
	27b7 : 00412483;
	27b8 : 01010113;
	27b9 : 00008067;
	27ba : FF410113;
	27bb : 00812223;
	27bc : 00050413;
	27bd : 04000513;
	27be : 00112423;
	27bf : 9ACFD0EF;
	27c0 : 000087B7;
	27c1 : 1E878793;
	27c2 : 00878623;
	27c3 : 000087B7;
	27c4 : 25478793;
	27c5 : 00078FA3;
	27c6 : 00812083;
	27c7 : 00412403;
	27c8 : 00079023;
	27c9 : 0207A023;
	27ca : 00C10113;
	27cb : 00008067;
	27cc : 000087B7;
	27cd : 25478793;
	27ce : 01F7C503;
	27cf : 00008067;
	27d0 : 000087B7;
	27d1 : 25478793;
	27d2 : 0207A683;
	27d3 : 3E800713;
	27d4 : 00E69863;
	27d5 : 0207A023;
	27d6 : 00100513;
	27d7 : 00008067;
	27d8 : 0207A703;
	27d9 : 00000513;
	27da : 00170713;
	27db : 02E7A023;
	27dc : 00008067;
	27dd : 000087B7;
	27de : 25478793;
	27df : 01C7D783;
	27e0 : 00800513;
	27e1 : 0407F793;
	27e2 : 00078463;
	27e3 : 00A00513;
	27e4 : 00008067;
	27e5 : FA410113;
	27e6 : 04812A23;
	27e7 : 00008437;
	27e8 : 04112C23;
	27e9 : 04912823;
	27ea : 25440793;
	27eb : 01E7C783;
	27ec : 00079E63;
	27ed : 00000513;
	27ee : 05812083;
	27ef : 05412403;
	27f0 : 05012483;
	27f1 : 05C10113;
	27f2 : 00008067;
	27f3 : 25440413;
	27f4 : 00040F23;
	27f5 : C41FD0EF;
	27f6 : 000087B7;
	27f7 : 73078793;
	27f8 : 01200713;
	27f9 : 00E78223;
	27fa : 00100693;
	27fb : 00D7A023;
	27fc : 00E782A3;
	27fd : 02810713;
	27fe : 00E7A423;
	27ff : 00A12223;
	2800 : DA0FD0EF;
	2801 : 02A15683;
	2802 : 00400793;
	2803 : 02815703;
	2804 : 00D12023;
	2805 : 03A15683;
	2806 : 00D12423;
	2807 : 00412683;
	2808 : 0CF69263;
	2809 : 02C15783;
	280a : 03015583;
	280b : 00FF0637;
	280c : F007F313;
	280d : 00871693;
	280e : 0085D513;
	280f : 00656533;
	2810 : 00C6F6B3;
	2811 : 00D564B3;
	2812 : 000106B7;
	2813 : FFF68693;
	2814 : 01071713;
	2815 : 00879793;
	2816 : 00C77733;
	2817 : 00D7F7B3;
	2818 : 00E7E7B3;
	2819 : 0FF5F593;
	281a : 00F5E5B3;
	281b : 00012783;
	281c : 03215703;
	281d : 00B12E23;
	281e : 00879513;
	281f : 02E15783;
	2820 : 00875593;
	2821 : 00C57533;
	2822 : F007F313;
	2823 : 0065E5B3;
	2824 : 00A5E5B3;
	2825 : 02B12023;
	2826 : 00012583;
	2827 : 00879793;
	2828 : 00D7F7B3;
	2829 : 01059593;
	282a : 00C5F5B3;
	282b : 00B7E7B3;
	282c : 0FF77713;
	282d : 00F76733;
	282e : 02E12223;
	282f : 00812783;
	2830 : 03615703;
	2831 : 00879793;
	2832 : 01071713;
	2833 : 00C77733;
	2834 : 00D7F7B3;
	2835 : 00E7E7B3;
	2836 : 03E14703;
	2837 : 00F763B3;
	2838 : 0D40006F;
	2839 : 00812783;
	283a : 00412503;
	283b : 00200613;
	283c : 00879293;
	283d : 04415683;
	283e : 04215783;
	283f : 00871593;
	2840 : 20C51663;
	2841 : 02C15603;
	2842 : 00012383;
	2843 : 00FF0537;
	2844 : 00865313;
	2845 : F003F393;
	2846 : 00736333;
	2847 : 00A5F5B3;
	2848 : 00B364B3;
	2849 : 00012583;
	284a : 01071713;
	284b : 00A77733;
	284c : 00859313;
	284d : 000105B7;
	284e : FFF58593;
	284f : 00B37333;
	2850 : 00E36333;
	2851 : 0FF67613;
	2852 : 00666633;
	2853 : 03C15703;
	2854 : 00C12E23;
	2855 : 03E15603;
	2856 : F0077393;
	2857 : 00A2F2B3;
	2858 : 00865313;
	2859 : 00736333;
	285a : 00536333;
	285b : 02612023;
	285c : 00812303;
	285d : 00871713;
	285e : 00B77733;
	285f : 01031313;
	2860 : 00A37333;
	2861 : 00676733;
	2862 : 0FF67613;
	2863 : 00E66633;
	2864 : 04015703;
	2865 : 00879793;
	2866 : 00B7F7B3;
	2867 : 01071713;
	2868 : 00A77733;
	2869 : 00E7E7B3;
	286a : 0FF6F693;
	286b : 02C12223;
	286c : 00F6E3B3;
	286d : 01C12783;
	286e : DEF49EE3;
	286f : 02012783;
	2870 : DE979AE3;
	2871 : 02412783;
	2872 : DE9796E3;
	2873 : DE0484E3;
	2874 : DE0382E3;
	2875 : 00412703;
	2876 : 00400793;
	2877 : 18F71263;
	2878 : 02810713;
	2879 : 03E10613;
	287a : 00000793;
	287b : 00C75683;
	287c : 00270713;
	287d : 00D787B3;
	287e : 01079793;
	287f : 0107D793;
	2880 : FEE616E3;
	2881 : 00045703;
	2882 : DAF706E3;
	2883 : 00412503;
	2884 : 00F41023;
	2885 : 00400593;
	2886 : 03615283;
	2887 : 04015783;
	2888 : 04815683;
	2889 : 03415603;
	288a : 03815703;
	288b : 30B51C63;
	288c : 00942223;
	288d : F0067513;
	288e : 00875593;
	288f : 00742423;
	2890 : 00A5E5B3;
	2891 : 00B41623;
	2892 : 000105B7;
	2893 : FFF58593;
	2894 : 00861613;
	2895 : 00B67633;
	2896 : 0FF77713;
	2897 : 00C76733;
	2898 : 01071713;
	2899 : 01075713;
	289a : 00E41723;
	289b : 00812703;
	289c : F002F293;
	289d : 0086D613;
	289e : 00875713;
	289f : 005762B3;
	28a0 : 04415703;
	28a1 : 00541923;
	28a2 : 0087D513;
	28a3 : F0077713;
	28a4 : 00C76633;
	28a5 : 00C41823;
	28a6 : 03C15603;
	28a7 : 0FF7F793;
	28a8 : 0FF6F693;
	28a9 : F0067313;
	28aa : 00861613;
	28ab : 00B67633;
	28ac : 00C7E7B3;
	28ad : 00656533;
	28ae : 01079793;
	28af : 00A41A23;
	28b0 : 0107D793;
	28b1 : 00F41B23;
	28b2 : 03E15603;
	28b3 : 04215783;
	28b4 : 00D76733;
	28b5 : F0067613;
	28b6 : 0087D513;
	28b7 : 00A66633;
	28b8 : 00C41D23;
	28b9 : 00E41C23;
	28ba : 04615703;
	28bb : 0FF7F793;
	28bc : 00871713;
	28bd : 00B77733;
	28be : 00E7E7B3;
	28bf : 01079793;
	28c0 : 0107D793;
	28c1 : 00F41E23;
	28c2 : 3440006F;
	28c3 : 00012703;
	28c4 : 00FF0537;
	28c5 : 01079793;
	28c6 : 00875613;
	28c7 : 03015703;
	28c8 : 00B664B3;
	28c9 : 03215583;
	28ca : 01071713;
	28cb : 00A77733;
	28cc : 00A7F7B3;
	28cd : 00E5E5B3;
	28ce : 00F6E6B3;
	28cf : 04615703;
	28d0 : 04815783;
	28d1 : 00566633;
	28d2 : 00B12E23;
	28d3 : 02C12023;
	28d4 : 02D12223;
	28d5 : 00871713;
	28d6 : 0087D793;
	28d7 : D81FF06F;
	28d8 : 00412703;
	28d9 : 00200793;
	28da : 0EF71863;
	28db : 04015783;
	28dc : 02810713;
	28dd : 00300693;
	28de : F007F793;
	28df : 01079793;
	28e0 : 0107D793;
	28e1 : 00F12623;
	28e2 : 04215783;
	28e3 : 00D00293;
	28e4 : 00C00313;
	28e5 : F007F793;
	28e6 : 01079793;
	28e7 : 0107D793;
	28e8 : 00F12823;
	28e9 : 04415783;
	28ea : 00800613;
	28eb : 00E00593;
	28ec : F007F793;
	28ed : 01079793;
	28ee : 0107D793;
	28ef : 00F12A23;
	28f0 : 00000793;
	28f1 : 00D2EE63;
	28f2 : 04668C63;
	28f3 : 00168513;
	28f4 : 06D67A63;
	28f5 : 0FF57693;
	28f6 : 00270713;
	28f7 : FE9FF06F;
	28f8 : 01000513;
	28f9 : 00B69E63;
	28fa : 01412683;
	28fb : 00270713;
	28fc : 00F00513;
	28fd : 00F687B3;
	28fe : 01079793;
	28ff : 0107D793;
	2900 : 00675683;
	2901 : 00270713;
	2902 : 00D786B3;
	2903 : 01069793;
	2904 : 01000693;
	2905 : 0107D793;
	2906 : DED506E3;
	2907 : FA9FF06F;
	2908 : 00C12683;
	2909 : 00470713;
	290a : 00F687B3;
	290b : 01012683;
	290c : 00D787B3;
	290d : 01079793;
	290e : 0107D793;
	290f : 00E00693;
	2910 : F85FF06F;
	2911 : 00675683;
	2912 : 00D786B3;
	2913 : 01069793;
	2914 : 0107D793;
	2915 : F81FF06F;
	2916 : 03C14783;
	2917 : 04814283;
	2918 : 00008637;
	2919 : 00F12A23;
	291a : 03015783;
	291b : 02810713;
	291c : 00000693;
	291d : F007F793;
	291e : 01079793;
	291f : 0107D793;
	2920 : 00F12823;
	2921 : 00014783;
	2922 : 01000313;
	2923 : 01200513;
	2924 : 00F12623;
	2925 : 19060613;
	2926 : 00000793;
	2927 : 02D36663;
	2928 : 00269593;
	2929 : 00C585B3;
	292a : 0005A583;
	292b : 00058067;
	292c : 00C12683;
	292d : 00270713;
	292e : 00F687B3;
	292f : 01079793;
	2930 : 0107D793;
	2931 : 00200693;
	2932 : 00075583;
	2933 : 00168693;
	2934 : 0FF6F693;
	2935 : 00B785B3;
	2936 : 01059793;
	2937 : 0107D793;
	2938 : 02A69463;
	2939 : D21FF06F;
	293a : 01012683;
	293b : 00270713;
	293c : 00F687B3;
	293d : 01079793;
	293e : 0107D793;
	293f : 00500693;
	2940 : 00168693;
	2941 : 0FF6F693;
	2942 : 00270713;
	2943 : F91FF06F;
	2944 : 01412683;
	2945 : 00270713;
	2946 : 00F687B3;
	2947 : 01079793;
	2948 : 0107D793;
	2949 : 00B00693;
	294a : FA1FF06F;
	294b : 00F287B3;
	294c : 01079793;
	294d : 0107D793;
	294e : 00270713;
	294f : 01100693;
	2950 : F89FF06F;
	2951 : 03015583;
	2952 : 00010337;
	2953 : FFF30313;
	2954 : 00B12623;
	2955 : 0085D593;
	2956 : 00B12423;
	2957 : 02E15583;
	2958 : 00859093;
	2959 : 0060F533;
	295a : 00A12823;
	295b : 00412503;
	295c : 00942223;
	295d : 00200093;
	295e : 00742423;
	295f : 0E151063;
	2960 : 00812503;
	2961 : F005F593;
	2962 : F007F793;
	2963 : 00B565B3;
	2964 : 00B41623;
	2965 : 00C14503;
	2966 : 01012583;
	2967 : 00869693;
	2968 : 0066F6B3;
	2969 : 00B56533;
	296a : 04215583;
	296b : 01051513;
	296c : 01055513;
	296d : 0085D593;
	296e : 00A41723;
	296f : 00F5E7B3;
	2970 : 00F41923;
	2971 : F002F593;
	2972 : 00875793;
	2973 : 00B7E7B3;
	2974 : 00F41823;
	2975 : 03215783;
	2976 : 00865593;
	2977 : 0FF67613;
	2978 : F007F513;
	2979 : 00879793;
	297a : 0067F7B3;
	297b : 00F66633;
	297c : 00A5E5B3;
	297d : 01061613;
	297e : 00B41A23;
	297f : 01065613;
	2980 : 00C41B23;
	2981 : 04415783;
	2982 : 04615603;
	2983 : 00829293;
	2984 : 0062F2B3;
	2985 : 0FF77713;
	2986 : 00865593;
	2987 : F007F793;
	2988 : 00576733;
	2989 : 0FF67613;
	298a : 00B7E7B3;
	298b : 01071713;
	298c : 00C6E6B3;
	298d : 00F41D23;
	298e : 01075713;
	298f : 01069693;
	2990 : 00E41C23;
	2991 : 0106D693;
	2992 : 00D41E23;
	2993 : 929FF0EF;
	2994 : EF8FE0EF;
	2995 : 00100513;
	2996 : 961FF06F;
	2997 : 00012503;
	2998 : 02C15383;
	2999 : 01012083;
	299a : 00851513;
	299b : 00657533;
	299c : 0083D493;
	299d : 00A4E4B3;
	299e : 01049493;
	299f : 0104D493;
	29a0 : 00941623;
	29a1 : 03C15483;
	29a2 : 00C41723;
	29a3 : 03E15603;
	29a4 : 00849493;
	29a5 : 0064F4B3;
	29a6 : 00865513;
	29a7 : 00956533;
	29a8 : 01051513;
	29a9 : 01055513;
	29aa : 00A41923;
	29ab : 00812503;
	29ac : 00839393;
	29ad : 0063F3B3;
	29ae : 00156533;
	29af : 0085D593;
	29b0 : 01051513;
	29b1 : 0075E5B3;
	29b2 : 00861613;
	29b3 : 01055513;
	29b4 : 01059593;
	29b5 : 00667633;
	29b6 : 0087D793;
	29b7 : 00A41823;
	29b8 : 0105D593;
	29b9 : 00C7E7B3;
	29ba : 00B41A23;
	29bb : 01079793;
	29bc : 00541B23;
	29bd : 0107D793;
	29be : 00F41D23;
	29bf : 04A15783;
	29c0 : 0FF6F693;
	29c1 : 00E41C23;
	29c2 : F007F793;
	29c3 : 00D7E7B3;
	29c4 : BF5FF06F;
	29c5 : 000087B7;
	29c6 : 25478793;
	29c7 : 00100713;
	29c8 : 00E78F23;
	29c9 : 00008067;
	29ca : 00008737;
	29cb : 00000693;
	29cc : 00000793;
	29cd : 1DC70713;
	29ce : 00700613;
	29cf : 00D705B3;
	29d0 : 0015C583;
	29d1 : 00168693;
	29d2 : 00F5C7B3;
	29d3 : FEC698E3;
	29d4 : 00874703;
	29d5 : 00278513;
	29d6 : 0FF57513;
	29d7 : 40E50533;
	29d8 : 00A03533;
	29d9 : 00008067;
	29da : FF410113;
	29db : 00100513;
	29dc : 00112423;
	29dd : 979FC0EF;
	29de : 000087B7;
	29df : 1DC78793;
	29e0 : 00050C63;
	29e1 : 00100713;
	29e2 : 00E78023;
	29e3 : 00812083;
	29e4 : 00C10113;
	29e5 : 00008067;
	29e6 : 00078023;
	29e7 : FF1FF06F;
	29e8 : 0000C7B7;
	29e9 : 10078693;
	29ea : 00008737;
	29eb : 02D72823;
	29ec : 20078693;
	29ed : 00008737;
	29ee : 02D72623;
	29ef : 30078693;
	29f0 : 00008737;
	29f1 : 02D72423;
	29f2 : 40078693;
	29f3 : 00008737;
	29f4 : 02D72223;
	29f5 : 50078693;
	29f6 : 00008737;
	29f7 : 02D72023;
	29f8 : 60078693;
	29f9 : 00008737;
	29fa : 00D72E23;
	29fb : 70078793;
	29fc : 00008737;
	29fd : 00F72C23;
	29fe : 0000D7B7;
	29ff : 00008737;
	2a00 : 80078793;
	2a01 : FF410113;
	2a02 : 00F72A23;
	2a03 : 00112423;
	2a04 : FA4FE0EF;
	2a05 : FF4FC0EF;
	2a06 : 00800513;
	2a07 : 845FC0EF;
	2a08 : 02800513;
	2a09 : 859FC0EF;
	2a0a : F41FF0EF;
	2a0b : A81FC0EF;
	2a0c : D5DFC0EF;
	2a0d : C7DFC0EF;
	2a0e : EDDFC0EF;
	2a0f : 9FCFE0EF;
	2a10 : E75FC0EF;
	2a11 : 9D8FD0EF;
	2a12 : BCCFE0EF;
	2a13 : E0CFF0EF;
	2a14 : 940FF0EF;
	2a15 : 00100513;
	2a16 : 841FC0EF;
	2a17 : 00200513;
	2a18 : 839FC0EF;
	2a19 : 00400513;
	2a1a : 831FC0EF;
	2a1b : D693A5B7;
	2a1c : 40058593;
	2a1d : 00100513;
	2a1e : AA9FC0EF;
	2a1f : 000087B7;
	2a20 : 1DC78793;
	2a21 : 00100713;
	2a22 : 00E784A3;
	2a23 : 9D8FE0EF;
	2a24 : AA4FE0EF;
	2a25 : 00050663;
	2a26 : 8F8FF0EF;
	2a27 : AB4FD0EF;
	2a28 : EF0FD0EF;
	2a29 : FE9FF06F;
	2a2a : 00200713;
	2a2b : 00E50A63;
	2a2c : 00300713;
	2a2d : 00E50863;
	2a2e : 00100713;
	2a2f : 00E51863;
	2a30 : FD8FC06F;
	2a31 : 00400513;
	2a32 : FF9FF06F;
	2a33 : 00008067;
	2a34 : 00200713;
	2a35 : 00E50A63;
	2a36 : 00300713;
	2a37 : 00E50863;
	2a38 : 00100713;
	2a39 : 00E51863;
	2a3a : FC0FC06F;
	2a3b : 00400513;
	2a3c : FF9FF06F;
	2a3d : 00008067;
	2a3e : FF410113;
	2a3f : 00112423;
	2a40 : 00812223;
	2a41 : B55FC0EF;
	2a42 : 00200513;
	2a43 : B65FC0EF;
	2a44 : 00400513;
	2a45 : B5DFC0EF;
	2a46 : 02000513;
	2a47 : B55FC0EF;
	2a48 : 04000513;
	2a49 : B4DFC0EF;
	2a4a : 08000513;
	2a4b : B45FC0EF;
	2a4c : 00008537;
	2a4d : 00008437;
	2a4e : B39FC0EF;
	2a4f : 1DC40413;
	2a50 : A34FE0EF;
	2a51 : AF5FC0EF;
	2a52 : 00050663;
	2a53 : 00800513;
	2a54 : F68FC0EF;
	2a55 : 00100513;
	2a56 : ABDFC0EF;
	2a57 : FE0502E3;
	2a58 : 00944783;
	2a59 : 00078E63;
	2a5a : 00400513;
	2a5b : F3CFC0EF;
	2a5c : 00100593;
	2a5d : 00900513;
	2a5e : C84FE0EF;
	2a5f : FC5FF06F;
	2a60 : 00944783;
	2a61 : D693A5B7;
	2a62 : 40058593;
	2a63 : 00178793;
	2a64 : 0FF7F793;
	2a65 : 00100513;
	2a66 : 00F404A3;
	2a67 : 985FC0EF;
	2a68 : FA1FF06F;
	2a69 : FF410113;
	2a6a : 00112423;
	2a6b : E74FE0EF;
	2a6c : AB5FE0EF;
	2a6d : FF9FF06F;
	2a6e : FF410113;
	2a6f : 00812223;
	2a70 : 00112423;
	2a71 : 00008437;
	2a72 : CACFE0EF;
	2a73 : A7CFF0EF;
	2a74 : BC8FE0EF;
	2a75 : FE050AE3;
	2a76 : 00300593;
	2a77 : 02800513;
	2a78 : 82DFC0EF;
	2a79 : 02050C63;
	2a7a : 00800513;
	2a7b : F00FC0EF;
	2a7c : 00050793;
	2a7d : 00200513;
	2a7e : 00078A63;
	2a7f : 02000513;
	2a80 : EECFC0EF;
	2a81 : 00153513;
	2a82 : 00351513;
	2a83 : 00000593;
	2a84 : BECFE0EF;
	2a85 : 00300513;
	2a86 : CD0FF0EF;
	2a87 : D14FF0EF;
	2a88 : 02050063;
	2a89 : 04000513;
	2a8a : EC4FC0EF;
	2a8b : 00051A63;
	2a8c : D10FF0EF;
	2a8d : 00050663;
	2a8e : 00200513;
	2a8f : CACFF0EF;
	2a90 : D54FF0EF;
	2a91 : F80502E3;
	2a92 : 1DC40793;
	2a93 : 00100713;
	2a94 : 00E78CA3;
	2a95 : CDCFF0EF;
	2a96 : F60518E3;
	2a97 : C18FF0EF;
	2a98 : F69FF06F;
	2a99 : 0100006F;
	2a9a : 0500006F;
	2a9b : 0940006F;
	2a9c : 0D80006F;
	2a9d : 00000093;
	2a9e : 00009137;
	2a9f : 00000193;
	2aa0 : 00000213;
	2aa1 : 00000293;
	2aa2 : 00000313;
	2aa3 : 00000393;
	2aa4 : 00000413;
	2aa5 : 00000493;
	2aa6 : 00000513;
	2aa7 : 00000593;
	2aa8 : 00000613;
	2aa9 : 00000693;
	2aaa : 00000713;
	2aab : 00000793;
	2aac : 180030EF;
	2aad : 0000006F;
	2aae : 00000093;
	2aaf : 00009137;
	2ab0 : F0010113;
	2ab1 : 00000193;
	2ab2 : 00000213;
	2ab3 : 00000293;
	2ab4 : 00000313;
	2ab5 : 00000393;
	2ab6 : 00000413;
	2ab7 : 00000493;
	2ab8 : 00000513;
	2ab9 : 00000593;
	2aba : 00000613;
	2abb : 00000693;
	2abc : 00000713;
	2abd : 00000793;
	2abe : 370030EF;
	2abf : 0000006F;
	2ac0 : 00000093;
	2ac1 : 00009137;
	2ac2 : E0010113;
	2ac3 : 00000193;
	2ac4 : 00000213;
	2ac5 : 00000293;
	2ac6 : 00000313;
	2ac7 : 00000393;
	2ac8 : 00000413;
	2ac9 : 00000493;
	2aca : 00000513;
	2acb : 00000593;
	2acc : 00000613;
	2acd : 00000693;
	2ace : 00000713;
	2acf : 00000793;
	2ad0 : 3D0030EF;
	2ad1 : 0000006F;
	2ad2 : 00000093;
	2ad3 : 00009137;
	2ad4 : D0010113;
	2ad5 : 00000193;
	2ad6 : 00000213;
	2ad7 : 00000293;
	2ad8 : 00000313;
	2ad9 : 00000393;
	2ada : 00000413;
	2adb : 00000493;
	2adc : 00000513;
	2add : 00000593;
	2ade : 00000613;
	2adf : 00000693;
	2ae0 : 00000713;
	2ae1 : 00000793;
	2ae2 : 39C030EF;
	2ae3 : 0000006F;
	2ae4 : 000087B7;
	2ae5 : 01478793;
	2ae6 : 0007A023;
	2ae7 : 0007A223;
	2ae8 : 000087B7;
	2ae9 : 0387A683;
	2aea : 000017B7;
	2aeb : 23478793;
	2aec : 0006A703;
	2aed : 00100513;
	2aee : 01075713;
	2aef : 00F71863;
	2af0 : 00300793;
	2af1 : 00F6A223;
	2af2 : 00000513;
	2af3 : 00008067;
	2af4 : 000087B7;
	2af5 : 0387A783;
	2af6 : 0007A503;
	2af7 : 01051513;
	2af8 : 01055513;
	2af9 : 00008067;
	2afa : 000087B7;
	2afb : 0387A783;
	2afc : 00251513;
	2afd : 0047A703;
	2afe : 00E56533;
	2aff : 00A7A223;
	2b00 : 00008067;
	2b01 : 000087B7;
	2b02 : 0387A783;
	2b03 : 00A51513;
	2b04 : 0047A703;
	2b05 : 00E56533;
	2b06 : 00A7A223;
	2b07 : 00008067;
	2b08 : 000087B7;
	2b09 : 0387A783;
	2b0a : 00A7AC23;
	2b0b : 00008067;
	2b0c : 000087B7;
	2b0d : 0387A783;
	2b0e : 00A7AE23;
	2b0f : 00008067;
	2b10 : 000087B7;
	2b11 : 0387A783;
	2b12 : 02A7A023;
	2b13 : 00008067;
	2b14 : 000087B7;
	2b15 : 0387A783;
	2b16 : 02B7A423;
	2b17 : 02A7A223;
	2b18 : 00008067;
	2b19 : 000087B7;
	2b1a : 0387A783;
	2b1b : 00C7A503;
	2b1c : 00008067;
	2b1d : 000087B7;
	2b1e : 0387A783;
	2b1f : 00C7A783;
	2b20 : 00A7F533;
	2b21 : 00A03533;
	2b22 : 00008067;
	2b23 : 000087B7;
	2b24 : 0387A783;
	2b25 : 00A7AC23;
	2b26 : 00A7AE23;
	2b27 : 00008067;
	2b28 : FF410113;
	2b29 : 00912023;
	2b2a : 000084B7;
	2b2b : 0384A783;
	2b2c : 00112423;
	2b2d : 00812223;
	2b2e : 0087A783;
	2b2f : 0017F793;
	2b30 : 04078C63;
	2b31 : 00050413;
	2b32 : 58C000EF;
	2b33 : 0384A703;
	2b34 : 000087B7;
	2b35 : 01478793;
	2b36 : 01072603;
	2b37 : 0007A683;
	2b38 : 00040513;
	2b39 : 00412403;
	2b3a : 00C6E6B3;
	2b3b : 00D7A023;
	2b3c : 01472603;
	2b3d : 0047A683;
	2b3e : 00812083;
	2b3f : 00012483;
	2b40 : 00C6E6B3;
	2b41 : 00D7A223;
	2b42 : 00100793;
	2b43 : 00F72423;
	2b44 : 00C10113;
	2b45 : 56C0006F;
	2b46 : 00812083;
	2b47 : 00412403;
	2b48 : 00012483;
	2b49 : 00C10113;
	2b4a : 00008067;
	2b4b : FF010113;
	2b4c : 00912223;
	2b4d : 000084B7;
	2b4e : 01448493;
	2b4f : 0004A783;
	2b50 : 00812423;
	2b51 : 00112623;
	2b52 : 00A7F7B3;
	2b53 : 00050413;
	2b54 : 00000513;
	2b55 : 02078663;
	2b56 : 00058513;
	2b57 : 00B12023;
	2b58 : 4F4000EF;
	2b59 : 0004A783;
	2b5a : 00012503;
	2b5b : FFF44413;
	2b5c : 00F47433;
	2b5d : 0084A023;
	2b5e : 508000EF;
	2b5f : 00100513;
	2b60 : 00C12083;
	2b61 : 00812403;
	2b62 : 00412483;
	2b63 : 01010113;
	2b64 : 00008067;
	2b65 : FF010113;
	2b66 : 00912223;
	2b67 : 000084B7;
	2b68 : 01448493;
	2b69 : 0044A783;
	2b6a : 00812423;
	2b6b : 00112623;
	2b6c : 00A7F7B3;
	2b6d : 00050413;
	2b6e : 00000513;
	2b6f : 02078663;
	2b70 : 00058513;
	2b71 : 00B12023;
	2b72 : 48C000EF;
	2b73 : 0044A783;
	2b74 : 00012503;
	2b75 : FFF44413;
	2b76 : 00F47433;
	2b77 : 0084A223;
	2b78 : 4A0000EF;
	2b79 : 00100513;
	2b7a : 00C12083;
	2b7b : 00812403;
	2b7c : 00412483;
	2b7d : 01010113;
	2b7e : 00008067;
	2b7f : 000087B7;
	2b80 : 01478793;
	2b81 : 0007A703;
	2b82 : FFF54513;
	2b83 : 00E57533;
	2b84 : 00A7A023;
	2b85 : 00008067;
	2b86 : 000087B7;
	2b87 : 01478793;
	2b88 : 0047A703;
	2b89 : FFF54513;
	2b8a : 00E57533;
	2b8b : 00A7A223;
	2b8c : 00008067;
	2b8d : 000087B7;
	2b8e : 0347A783;
	2b8f : 00300713;
	2b90 : 00000513;
	2b91 : 00E7A023;
	2b92 : 000087B7;
	2b93 : 00078423;
	2b94 : 00878793;
	2b95 : 000780A3;
	2b96 : 00008067;
	2b97 : 000087B7;
	2b98 : 0347A783;
	2b99 : 02051C63;
	2b9a : 00B7A623;
	2b9b : 00400713;
	2b9c : 0007A683;
	2b9d : 00D76733;
	2b9e : 00E7A023;
	2b9f : 000087B7;
	2ba0 : 00878793;
	2ba1 : 00A78533;
	2ba2 : 00050023;
	2ba3 : 00054783;
	2ba4 : FE078EE3;
	2ba5 : 00050023;
	2ba6 : 00008067;
	2ba7 : 00B7A823;
	2ba8 : 00800713;
	2ba9 : FCDFF06F;
	2baa : 000087B7;
	2bab : 0347A783;
	2bac : 02051663;
	2bad : 00B7A623;
	2bae : 00400713;
	2baf : 0007A683;
	2bb0 : 00D76733;
	2bb1 : 00E7A023;
	2bb2 : 000087B7;
	2bb3 : 00878793;
	2bb4 : 00F50533;
	2bb5 : 00050023;
	2bb6 : 00008067;
	2bb7 : 00B7A823;
	2bb8 : 00800713;
	2bb9 : FD9FF06F;
	2bba : 02050E63;
	2bbb : 00400693;
	2bbc : 00800793;
	2bbd : 00008737;
	2bbe : 03472703;
	2bbf : FFF7C793;
	2bc0 : 00072603;
	2bc1 : 00C7F7B3;
	2bc2 : 00F72023;
	2bc3 : 000087B7;
	2bc4 : 00878793;
	2bc5 : 00D72223;
	2bc6 : 00F50533;
	2bc7 : 00050023;
	2bc8 : 00008067;
	2bc9 : 00200693;
	2bca : 00400793;
	2bcb : FC9FF06F;
	2bcc : 000087B7;
	2bcd : 0347A703;
	2bce : 00472783;
	2bcf : 0107F693;
	2bd0 : 00068E63;
	2bd1 : 01000693;
	2bd2 : 00D72223;
	2bd3 : 000086B7;
	2bd4 : 00868693;
	2bd5 : 00100613;
	2bd6 : 00C68123;
	2bd7 : 0027F693;
	2bd8 : 00068C63;
	2bd9 : 00200693;
	2bda : 00D72223;
	2bdb : 00100613;
	2bdc : 000086B7;
	2bdd : 00C68423;
	2bde : 0047F793;
	2bdf : 00078E63;
	2be0 : 00400793;
	2be1 : 00F72223;
	2be2 : 000087B7;
	2be3 : 00878793;
	2be4 : 00100713;
	2be5 : 00E780A3;
	2be6 : 00008067;
	2be7 : 000087B7;
	2be8 : 00878793;
	2be9 : 00A787B3;
	2bea : 0007C703;
	2beb : 0FF77513;
	2bec : 00070663;
	2bed : 00078023;
	2bee : 00100513;
	2bef : 00008067;
	2bf0 : 000087B7;
	2bf1 : 00878793;
	2bf2 : 0027C703;
	2bf3 : 0FF77513;
	2bf4 : 00070663;
	2bf5 : 00078123;
	2bf6 : 00100513;
	2bf7 : 00008067;
	2bf8 : 000087B7;
	2bf9 : 0307A783;
	2bfa : 00100713;
	2bfb : 00000513;
	2bfc : 00E7A023;
	2bfd : 00008067;
	2bfe : 000087B7;
	2bff : 0307A783;
	2c00 : 00A7A023;
	2c01 : 00008067;
	2c02 : 000087B7;
	2c03 : 0307A783;
	2c04 : 00A7A223;
	2c05 : 00008067;
	2c06 : 000087B7;
	2c07 : 0307A783;
	2c08 : 0087A503;
	2c09 : 00008067;
	2c0a : 000087B7;
	2c0b : 0307A783;
	2c0c : 00A7A423;
	2c0d : 00008067;
	2c0e : 000087B7;
	2c0f : 02C7A783;
	2c10 : 00F00713;
	2c11 : 00000513;
	2c12 : 00E7A223;
	2c13 : 00008067;
	2c14 : 000087B7;
	2c15 : 02C7A683;
	2c16 : 00008737;
	2c17 : 10000793;
	2c18 : 00F6A623;
	2c19 : 0E470713;
	2c1a : 00000793;
	2c1b : 00174603;
	2c1c : 00C7E863;
	2c1d : 1FF00793;
	2c1e : 00F6A623;
	2c1f : 00008067;
	2c20 : 00F70633;
	2c21 : 00264603;
	2c22 : 00178793;
	2c23 : 0FF7F793;
	2c24 : 0FF67613;
	2c25 : 00C6A623;
	2c26 : FD5FF06F;
	2c27 : 000087B7;
	2c28 : 02C7A783;
	2c29 : 00A7AA23;
	2c2a : 00008067;
	2c2b : 000087B7;
	2c2c : 02C7A603;
	2c2d : 10000693;
	2c2e : 000087B7;
	2c2f : 01062703;
	2c30 : 10878793;
	2c31 : 1FF77713;
	2c32 : 00D71C63;
	2c33 : 00078023;
	2c34 : 000780A3;
	2c35 : 00100793;
	2c36 : 00F62423;
	2c37 : 00008067;
	2c38 : 1FF00693;
	2c39 : 00D71863;
	2c3a : 00100713;
	2c3b : 00E78023;
	2c3c : FE5FF06F;
	2c3d : 0017C583;
	2c3e : 0FF77713;
	2c3f : 00158693;
	2c40 : 0FF6F693;
	2c41 : 00D780A3;
	2c42 : 00B787B3;
	2c43 : 00E78123;
	2c44 : FC5FF06F;
	2c45 : 000087B7;
	2c46 : 27C78793;
	2c47 : 00078623;
	2c48 : 00000513;
	2c49 : 00008067;
	2c4a : 000087B7;
	2c4b : 0207A683;
	2c4c : 00100793;
	2c4d : 00F6A023;
	2c4e : 000087B7;
	2c4f : 27C78613;
	2c50 : 00564583;
	2c51 : 00464703;
	2c52 : 00062603;
	2c53 : 27C78793;
	2c54 : 00871713;
	2c55 : 00B76733;
	2c56 : 00061663;
	2c57 : 00008637;
	2c58 : 00C76733;
	2c59 : 00020637;
	2c5a : 00C76733;
	2c5b : 00E6A423;
	2c5c : 00010537;
	2c5d : 00000713;
	2c5e : 0057C603;
	2c5f : 00C76C63;
	2c60 : 0007A603;
	2c61 : 00100713;
	2c62 : 08E60263;
	2c63 : 0006A023;
	2c64 : 00008067;
	2c65 : 0007A583;
	2c66 : 00000613;
	2c67 : 00059A63;
	2c68 : 0087A603;
	2c69 : 00171593;
	2c6a : 00B60633;
	2c6b : 00065603;
	2c6c : 0057C583;
	2c6d : FFF58593;
	2c6e : 00B71463;
	2c6f : 00A66633;
	2c70 : 00170713;
	2c71 : 00C6A423;
	2c72 : 0FF77713;
	2c73 : FADFF06F;
	2c74 : 0046A603;
	2c75 : 00267593;
	2c76 : 00059663;
	2c77 : 00467613;
	2c78 : FE0618E3;
	2c79 : 00C6A583;
	2c7a : 0087A603;
	2c7b : 00171513;
	2c7c : 00170713;
	2c7d : 00A60633;
	2c7e : 00B61023;
	2c7f : 0FF77713;
	2c80 : 0057C603;
	2c81 : FCC766E3;
	2c82 : F85FF06F;
	2c83 : 00000713;
	2c84 : FF1FF06F;
	2c85 : 000087B7;
	2c86 : 0207A783;
	2c87 : 0047A783;
	2c88 : 0017F793;
	2c89 : 00078A63;
	2c8a : 000087B7;
	2c8b : 27C78793;
	2c8c : 00100713;
	2c8d : 00E78623;
	2c8e : 00008067;
	2c8f : 000087B7;
	2c90 : 01C7A783;
	2c91 : 00100713;
	2c92 : 00000513;
	2c93 : 00E7A023;
	2c94 : 00008067;
	2c95 : 00100793;
	2c96 : 00A79533;
	2c97 : 000087B7;
	2c98 : 01C7A703;
	2c99 : 0FF57693;
	2c9a : 0FF57513;
	2c9b : 00A72223;
	2c9c : 00472783;
	2c9d : 00F6F7B3;
	2c9e : FE078AE3;
	2c9f : 00008067;
	2ca0 : 000087B7;
	2ca1 : 01C7A703;
	2ca2 : 00100793;
	2ca3 : 00A797B3;
	2ca4 : 0FF7F793;
	2ca5 : 00F72423;
	2ca6 : 00008067;
	2ca7 : 000087B7;
	2ca8 : 0247A783;
	2ca9 : 00000513;
	2caa : 0007A023;
	2cab : 000087B7;
	2cac : 28C78793;
	2cad : 00078EA3;
	2cae : 00078F23;
	2caf : 00008067;
	2cb0 : 000087B7;
	2cb1 : 0247A683;
	2cb2 : 0046A783;
	2cb3 : 0017F793;
	2cb4 : 00078C63;
	2cb5 : 00100713;
	2cb6 : 000087B7;
	2cb7 : 00E6A223;
	2cb8 : 28C78793;
	2cb9 : 00E78EA3;
	2cba : 00008067;
	2cbb : 000087B7;
	2cbc : 28C78793;
	2cbd : 01D7C703;
	2cbe : 0FF77513;
	2cbf : 00070663;
	2cc0 : 00078EA3;
	2cc1 : 00100513;
	2cc2 : 00008067;
	2cc3 : FF410113;
	2cc4 : 00812223;
	2cc5 : 00008437;
	2cc6 : 02442783;
	2cc7 : 00112423;
	2cc8 : 00912023;
	2cc9 : 00100713;
	2cca : 00E7A023;
	2ccb : 0007A423;
	2ccc : 0007A423;
	2ccd : 0007A423;
	2cce : 0007A423;
	2ccf : 10000713;
	2cd0 : 00E7A423;
	2cd1 : 10000513;
	2cd2 : D55FF0EF;
	2cd3 : 000087B7;
	2cd4 : 28C78493;
	2cd5 : 0004A703;
	2cd6 : 0084A503;
	2cd7 : 00471713;
	2cd8 : 01055513;
	2cd9 : 00F57513;
	2cda : 00E56533;
	2cdb : 02442703;
	2cdc : 0FF57513;
	2cdd : 00A72423;
	2cde : D25FF0EF;
	2cdf : 0084A503;
	2ce0 : 02442703;
	2ce1 : 00855513;
	2ce2 : 0FF57693;
	2ce3 : 00D72423;
	2ce4 : 0FF57513;
	2ce5 : D09FF0EF;
	2ce6 : 0084A503;
	2ce7 : 02442703;
	2ce8 : 0FF57693;
	2ce9 : 00D72423;
	2cea : 0FF57513;
	2ceb : CF1FF0EF;
	2cec : 00C4C703;
	2ced : 04071A63;
	2cee : 02442783;
	2cef : 10000713;
	2cf0 : 10100513;
	2cf1 : 00E7A423;
	2cf2 : CD5FF0EF;
	2cf3 : 02442403;
	2cf4 : 00042783;
	2cf5 : 00E7E793;
	2cf6 : 00F42023;
	2cf7 : F11FF0EF;
	2cf8 : FE050EE3;
	2cf9 : 00442503;
	2cfa : 00812083;
	2cfb : 00412403;
	2cfc : 00155513;
	2cfd : 00154513;
	2cfe : 00012483;
	2cff : 00157513;
	2d00 : 00C10113;
	2d01 : 00008067;
	2d02 : 000087B7;
	2d03 : 28C78793;
	2d04 : 00C7C503;
	2d05 : 02442703;
	2d06 : FFF50513;
	2d07 : 0FF57513;
	2d08 : 00A72423;
	2d09 : C79FF0EF;
	2d0a : 000087B7;
	2d0b : 28C78793;
	2d0c : 0007A683;
	2d0d : 00800713;
	2d0e : 04E69263;
	2d0f : 00000493;
	2d10 : 00C7C703;
	2d11 : 02442603;
	2d12 : 000086B7;
	2d13 : F6E4F6E3;
	2d14 : 29968713;
	2d15 : 00E48733;
	2d16 : 00074503;
	2d17 : 00148493;
	2d18 : 0FF4F493;
	2d19 : 0FF57513;
	2d1a : 00A62423;
	2d1b : C31FF0EF;
	2d1c : 000087B7;
	2d1d : 28C78793;
	2d1e : FC9FF06F;
	2d1f : 0007A703;
	2d20 : FA070EE3;
	2d21 : 0007A683;
	2d22 : 00400713;
	2d23 : F2E696E3;
	2d24 : FADFF06F;
	2d25 : 000025B7;
	2d26 : FF010113;
	2d27 : 71058593;
	2d28 : 00000513;
	2d29 : 00112623;
	2d2a : 00812423;
	2d2b : 00912223;
	2d2c : 9F9FF0EF;
	2d2d : E39FF0EF;
	2d2e : 06051263;
	2d2f : AE1FF0EF;
	2d30 : FE050AE3;
	2d31 : 00100693;
	2d32 : 1300006F;
	2d33 : 0067D793;
	2d34 : 0A40006F;
	2d35 : 02472783;
	2d36 : 00D12023;
	2d37 : 00C7A503;
	2d38 : 29960793;
	2d39 : 00F487B3;
	2d3a : 0FF57513;
	2d3b : 00A78023;
	2d3c : BADFF0EF;
	2d3d : 00012683;
	2d3e : 00148493;
	2d3f : 0FF4F493;
	2d40 : 00008737;
	2d41 : 00C44783;
	2d42 : 00008637;
	2d43 : FCF4E4E3;
	2d44 : 0D80006F;
	2d45 : 00100693;
	2d46 : 0D00006F;
	2d47 : 00008737;
	2d48 : 02472783;
	2d49 : 0047A783;
	2d4a : 0087F793;
	2d4b : F8078CE3;
	2d4c : 10200513;
	2d4d : B69FF0EF;
	2d4e : 00008737;
	2d4f : 02472783;
	2d50 : 00008437;
	2d51 : 00800693;
	2d52 : 00D7A223;
	2d53 : 28C40613;
	2d54 : 00C7A783;
	2d55 : 00062603;
	2d56 : 28C40413;
	2d57 : 0FF7F793;
	2d58 : 00D60863;
	2d59 : 00042603;
	2d5a : 00900693;
	2d5b : F6D610E3;
	2d5c : 0047D793;
	2d5d : 00F42223;
	2d5e : 00442783;
	2d5f : 0037F793;
	2d60 : 00F42223;
	2d61 : 00442503;
	2d62 : 01051513;
	2d63 : 01055513;
	2d64 : B0DFF0EF;
	2d65 : 00442683;
	2d66 : F6069EE3;
	2d67 : 00042603;
	2d68 : 00900793;
	2d69 : 00008737;
	2d6a : 00F60E63;
	2d6b : 00042603;
	2d6c : 00100793;
	2d6d : 00F60863;
	2d6e : 00042603;
	2d6f : 00500793;
	2d70 : 02F61463;
	2d71 : 02472783;
	2d72 : 00000493;
	2d73 : 0047A783;
	2d74 : 00A7D793;
	2d75 : 01F7F793;
	2d76 : 00F40623;
	2d77 : 00C44603;
	2d78 : 01000793;
	2d79 : F2C7F0E3;
	2d7a : 10300513;
	2d7b : 00D12023;
	2d7c : AADFF0EF;
	2d7d : 00012683;
	2d7e : 000087B7;
	2d7f : 0247A783;
	2d80 : 00C12083;
	2d81 : 00812403;
	2d82 : 0007A023;
	2d83 : 00412483;
	2d84 : 00068513;
	2d85 : 01010113;
	2d86 : 00008067;
	2d87 : FE810113;
	2d88 : 000087B7;
	2d89 : 00812823;
	2d8a : 00912623;
	2d8b : 00D12223;
	2d8c : 00112A23;
	2d8d : 00A12023;
	2d8e : 00000493;
	2d8f : 28C78413;
	2d90 : 00100693;
	2d91 : 01E44503;
	2d92 : FED50EE3;
	2d93 : 00012783;
	2d94 : 00D40F23;
	2d95 : 00F42023;
	2d96 : 00B42423;
	2d97 : 00C40623;
	2d98 : 02060463;
	2d99 : 00000693;
	2d9a : 00412783;
	2d9b : 00D785B3;
	2d9c : 0005C503;
	2d9d : 00D405B3;
	2d9e : 00168693;
	2d9f : 00A586A3;
	2da0 : 0FF6F593;
	2da1 : FEC5E2E3;
	2da2 : 00100693;
	2da3 : 00300593;
	2da4 : 08B68E63;
	2da5 : 00C12423;
	2da6 : C75FF0EF;
	2da7 : 00812603;
	2da8 : 00300693;
	2da9 : FE0514E3;
	2daa : DEDFF0EF;
	2dab : 00812603;
	2dac : 06051663;
	2dad : 00442503;
	2dae : 04051863;
	2daf : 00012783;
	2db0 : 00900693;
	2db1 : 00000713;
	2db2 : 02D78A63;
	2db3 : 00040F23;
	2db4 : 01412083;
	2db5 : 01012403;
	2db6 : 00C12483;
	2db7 : 01810113;
	2db8 : 00008067;
	2db9 : 00E406B3;
	2dba : 00412783;
	2dbb : 00D6C583;
	2dbc : 00E786B3;
	2dbd : 00B68023;
	2dbe : 00170713;
	2dbf : 0FF77693;
	2dc0 : FEC6E2E3;
	2dc1 : FC9FF06F;
	2dc2 : 00442583;
	2dc3 : 00200693;
	2dc4 : 00D58E63;
	2dc5 : 00100513;
	2dc6 : FB5FF06F;
	2dc7 : 00100693;
	2dc8 : 00D50663;
	2dc9 : 00200693;
	2dca : FED506E3;
	2dcb : 00800693;
	2dcc : FED482E3;
	2dcd : 00148713;
	2dce : 0FF77493;
	2dcf : F59FF06F;
	2dd0 : 00100713;
	2dd1 : 00000793;
	2dd2 : 00E51463;
	2dd3 : 01100793;
	2dd4 : 00008737;
	2dd5 : 02472703;
	2dd6 : 00F72023;
	2dd7 : 00008067;
	2dd8 : FE410113;
	2dd9 : 00812A23;
	2dda : 00008437;
	2ddb : 00912823;
	2ddc : 00112C23;
	2ddd : 28C40493;
	2dde : 0204D783;
	2ddf : 01F4C583;
	2de0 : 00010693;
	2de1 : 00100613;
	2de2 : 00400513;
	2de3 : 00F10023;
	2de4 : E8DFF0EF;
	2de5 : 28C40413;
	2de6 : 02051063;
	2de7 : 01F4C583;
	2de8 : 0224C603;
	2de9 : 00010693;
	2dea : 00100513;
	2deb : E71FF0EF;
	2dec : 00100793;
	2ded : 00050E63;
	2dee : 01F44583;
	2def : 00010693;
	2df0 : 00000613;
	2df1 : 00100513;
	2df2 : E55FF0EF;
	2df3 : 00000793;
	2df4 : 01812083;
	2df5 : 01412403;
	2df6 : 00100513;
	2df7 : 01012483;
	2df8 : 40F50533;
	2df9 : 01C10113;
	2dfa : 00008067;
	2dfb : FE410113;
	2dfc : 00010693;
	2dfd : 01000613;
	2dfe : 00000593;
	2dff : 00900513;
	2e00 : 00112C23;
	2e01 : E19FF0EF;
	2e02 : 000087B7;
	2e03 : 23078793;
	2e04 : 02051C63;
	2e05 : 00014703;
	2e06 : 00E78023;
	2e07 : 00114703;
	2e08 : 00E780A3;
	2e09 : 00214703;
	2e0a : 00E78123;
	2e0b : 00314703;
	2e0c : 00E781A3;
	2e0d : 00E14703;
	2e0e : 00E78223;
	2e0f : 01812083;
	2e10 : 01C10113;
	2e11 : 00008067;
	2e12 : 00078023;
	2e13 : 000780A3;
	2e14 : 00078123;
	2e15 : 000781A3;
	2e16 : 00078223;
	2e17 : FE1FF06F;
	2e18 : FE410113;
	2e19 : 00010693;
	2e1a : 00500613;
	2e1b : 20000593;
	2e1c : 00900513;
	2e1d : 00112C23;
	2e1e : DA5FF0EF;
	2e1f : 000087B7;
	2e20 : 23078793;
	2e21 : 02051C63;
	2e22 : 00014703;
	2e23 : 00E782A3;
	2e24 : 00114703;
	2e25 : 00E78323;
	2e26 : 00214703;
	2e27 : 00E783A3;
	2e28 : 00314703;
	2e29 : 00E78423;
	2e2a : 00414703;
	2e2b : 00E784A3;
	2e2c : 01812083;
	2e2d : 01C10113;
	2e2e : 00008067;
	2e2f : 000782A3;
	2e30 : 00078323;
	2e31 : 000783A3;
	2e32 : 00078423;
	2e33 : 000784A3;
	2e34 : FE1FF06F;
	2e35 : FE410113;
	2e36 : 01200793;
	2e37 : 00F10023;
	2e38 : 03400793;
	2e39 : 00F100A3;
	2e3a : 05600793;
	2e3b : 00F10123;
	2e3c : 04D00793;
	2e3d : 00F101A3;
	2e3e : 04100793;
	2e3f : 00F10223;
	2e40 : 05200793;
	2e41 : 00F102A3;
	2e42 : 04300793;
	2e43 : 00F10323;
	2e44 : 04F00793;
	2e45 : 00F103A3;
	2e46 : 04700793;
	2e47 : 00F10423;
	2e48 : 01000793;
	2e49 : 00F104A3;
	2e4a : 00010693;
	2e4b : 00100793;
	2e4c : 00C00613;
	2e4d : 30000593;
	2e4e : 00800513;
	2e4f : 00112C23;
	2e50 : 00F10523;
	2e51 : 000105A3;
	2e52 : CD5FF0EF;
	2e53 : 01812083;
	2e54 : 01C10113;
	2e55 : 00008067;
	2e56 : 00153513;
	2e57 : FF010113;
	2e58 : 00150513;
	2e59 : 00A101A3;
	2e5a : 00310693;
	2e5b : 00100613;
	2e5c : 60000593;
	2e5d : 00800513;
	2e5e : 00112623;
	2e5f : CA1FF0EF;
	2e60 : 00C12083;
	2e61 : 01010113;
	2e62 : 00008067;
	2e63 : FF010113;
	2e64 : 00310693;
	2e65 : 00100613;
	2e66 : 10700593;
	2e67 : 00800513;
	2e68 : 00112623;
	2e69 : 000101A3;
	2e6a : C75FF0EF;
	2e6b : 00C12083;
	2e6c : 01010113;
	2e6d : 00008067;
	2e6e : 000087B7;
	2e6f : 2307C503;
	2e70 : FEE50513;
	2e71 : 00153513;
	2e72 : 00008067;
	2e73 : 000087B7;
	2e74 : 2307C503;
	2e75 : FEC50513;
	2e76 : 00153513;
	2e77 : 00008067;
	2e78 : 000087B7;
	2e79 : 23078793;
	2e7a : 0027C503;
	2e7b : 00655513;
	2e7c : 00157513;
	2e7d : 00008067;
	2e7e : 000087B7;
	2e7f : 23078793;
	2e80 : 0037C503;
	2e81 : 00755513;
	2e82 : 00008067;
	2e83 : 000087B7;
	2e84 : 23078793;
	2e85 : 0027C503;
	2e86 : 00755513;
	2e87 : 00008067;
	2e88 : 000087B7;
	2e89 : 23078793;
	2e8a : 0037C503;
	2e8b : 00655513;
	2e8c : 00157513;
	2e8d : 00008067;
	2e8e : 000087B7;
	2e8f : 23078793;
	2e90 : 0067C503;
	2e91 : 00455513;
	2e92 : 00157513;
	2e93 : 00008067;
	2e94 : 000087B7;
	2e95 : 23078793;
	2e96 : 000086B7;
	2e97 : 0047C783;
	2e98 : 0806C683;
	2e99 : 00050713;
	2e9a : 0FF7F793;
	2e9b : 02069E63;
	2e9c : 06400513;
	2e9d : 02070C63;
	2e9e : 07F7F793;
	2e9f : FFF78713;
	2ea0 : 0FF77713;
	2ea1 : 00300693;
	2ea2 : 19000513;
	2ea3 : 02E6E063;
	2ea4 : 00579513;
	2ea5 : 40F50533;
	2ea6 : 00251513;
	2ea7 : 00F50533;
	2ea8 : 00551513;
	2ea9 : 00008067;
	2eaa : 00A00513;
	2eab : 00008067;
	2eac : 000087B7;
	2ead : 12C78793;
	2eae : 10078023;
	2eaf : 00008067;
	2eb0 : FF410113;
	2eb1 : 00912023;
	2eb2 : 000084B7;
	2eb3 : 00812223;
	2eb4 : 00112423;
	2eb5 : 12C48793;
	2eb6 : 00008437;
	2eb7 : 10078023;
	2eb8 : 05000713;
	2eb9 : 28C40793;
	2eba : 00E78FA3;
	2ebb : 02079023;
	2ebc : 01000713;
	2ebd : 02E78123;
	2ebe : 12C48493;
	2ebf : 28C40413;
	2ec0 : C61FF0EF;
	2ec1 : 06050463;
	2ec2 : 00812083;
	2ec3 : 00412403;
	2ec4 : 00012483;
	2ec5 : 00C10113;
	2ec6 : 00008067;
	2ec7 : 02045703;
	2ec8 : 00170693;
	2ec9 : 01069693;
	2eca : 0106D693;
	2ecb : 02D41023;
	2ecc : 00F406B3;
	2ecd : 00D6C683;
	2ece : 00E48733;
	2ecf : 00178793;
	2ed0 : 0FF6F693;
	2ed1 : 00D70023;
	2ed2 : 0FF7F793;
	2ed3 : 02244703;
	2ed4 : FCE7E6E3;
	2ed5 : 02045703;
	2ed6 : 0FF00793;
	2ed7 : FAE7F2E3;
	2ed8 : 00100793;
	2ed9 : 10F48023;
	2eda : FA1FF06F;
	2edb : 00000793;
	2edc : FDDFF06F;
	2edd : 000087B7;
	2ede : 00C78793;
	2edf : 0007A023;
	2ee0 : 000782A3;
	2ee1 : 00078223;
	2ee2 : 00078323;
	2ee3 : 000087B7;
	2ee4 : 0287A783;
	2ee5 : 00300713;
	2ee6 : 00000513;
	2ee7 : 00E7A023;
	2ee8 : 00008067;
	2ee9 : 000087B7;
	2eea : 0287A703;
	2eeb : 00072783;
	2eec : 0047E793;
	2eed : 00F72023;
	2eee : 00008067;
	2eef : 000087B7;
	2ef0 : 0287A683;
	2ef1 : 0046A783;
	2ef2 : 0017F793;
	2ef3 : 06078C63;
	2ef4 : 00100793;
	2ef5 : 00F6A223;
	2ef6 : 0046A583;
	2ef7 : 00008737;
	2ef8 : 00008637;
	2ef9 : 0105F593;
	2efa : 00C70713;
	2efb : 08C60613;
	2efc : 00058E63;
	2efd : 01000593;
	2efe : 00B6A223;
	2eff : 00F72023;
	2f00 : 00F70323;
	2f01 : 00060123;
	2f02 : 00008067;
	2f03 : 0046A583;
	2f04 : 0085F593;
	2f05 : 00058E63;
	2f06 : 00800593;
	2f07 : 00B6A223;
	2f08 : 00F72023;
	2f09 : 00F70223;
	2f0a : 00F600A3;
	2f0b : 00008067;
	2f0c : 00400593;
	2f0d : 00B6A223;
	2f0e : 00072023;
	2f0f : 00F702A3;
	2f10 : 00F60023;
	2f11 : 00008067;
	2f12 : 000087B7;
	2f13 : 00C7A503;
	2f14 : FFF50513;
	2f15 : 00153513;
	2f16 : 00008067;
	2f17 : FF410113;
	2f18 : 00112423;
	2f19 : 00812223;
	2f1a : BB0FF0EF;
	2f1b : 00157793;
	2f1c : 06078E63;
	2f1d : 00257793;
	2f1e : 00050413;
	2f1f : 00078A63;
	2f20 : 00100513;
	2f21 : 81CFF0EF;
	2f22 : 00200513;
	2f23 : B9CFF0EF;
	2f24 : 00447793;
	2f25 : 00078863;
	2f26 : A98FF0EF;
	2f27 : 00400513;
	2f28 : B88FF0EF;
	2f29 : 01047793;
	2f2a : 00078863;
	2f2b : F11FF0EF;
	2f2c : 01000513;
	2f2d : B74FF0EF;
	2f2e : 02047793;
	2f2f : 00078863;
	2f30 : E00FF0EF;
	2f31 : 02000513;
	2f32 : B60FF0EF;
	2f33 : 04047413;
	2f34 : 00040E63;
	2f35 : BD8FF0EF;
	2f36 : 00412403;
	2f37 : 00812083;
	2f38 : 04000513;
	2f39 : 00C10113;
	2f3a : B40FF06F;
	2f3b : 00812083;
	2f3c : 00412403;
	2f3d : 00C10113;
	2f3e : 00008067;
	2f3f : FF410113;
	2f40 : 000087B7;
	2f41 : 00112423;
	2f42 : 00078793;
	2f43 : 01400713;
	2f44 : 00E78023;
	2f45 : 00400713;
	2f46 : 00E780A3;
	2f47 : 00078123;
	2f48 : 000781A3;
	2f49 : 00300713;
	2f4a : 00E78223;
	2f4b : 00E782A3;
	2f4c : 00800513;
	2f4d : 00078323;
	2f4e : EB1FE0EF;
	2f4f : 00812083;
	2f50 : 00800513;
	2f51 : 00C10113;
	2f52 : EBDFE06F;
	2f53 : 000087B7;
	2f54 : 0007C503;
	2f55 : 00008067;
	2f56 : 000087B7;
	2f57 : 00078793;
	2f58 : 0017C503;
	2f59 : 00008067;
	2f5a : 000087B7;
	2f5b : 00A78023;
	2f5c : 00008067;
	2f5d : 000087B7;
	2f5e : 00078793;
	2f5f : 00A780A3;
	2f60 : 00008067;
	2f61 : 000087B7;
	2f62 : 00078793;
	2f63 : 0027C503;
	2f64 : 00008067;
	2f65 : 000087B7;
	2f66 : 00078793;
	2f67 : 0037C503;
	2f68 : 00008067;
	2f69 : 000087B7;
	2f6a : 00078793;
	2f6b : 0047C503;
	2f6c : 00008067;
	2f6d : 000087B7;
	2f6e : 00078793;
	2f6f : 0057C503;
	2f70 : 00008067;
	2f71 : 000087B7;
	2f72 : 00078793;
	2f73 : 00A78123;
	2f74 : 00008067;
	2f75 : 000087B7;
	2f76 : 00078793;
	2f77 : 00A781A3;
	2f78 : 00008067;
	2f79 : 000087B7;
	2f7a : 00100713;
	2f7b : 00078793;
	2f7c : 00E78323;
	2f7d : 000087B7;
	2f7e : 08C78793;
	2f7f : 00E78223;
	2f80 : 00008067;
	2f81 : FF410113;
	2f82 : 00812223;
	2f83 : 00050413;
	2f84 : 02000513;
	2f85 : 00912023;
	2f86 : 00112423;
	2f87 : 00058493;
	2f88 : E11FE0EF;
	2f89 : 000087B7;
	2f8a : 00078713;
	2f8b : 00674703;
	2f8c : 00078793;
	2f8d : 009765B3;
	2f8e : 00058863;
	2f8f : 00008737;
	2f90 : 08C70713;
	2f91 : 008701A3;
	2f92 : 00078323;
	2f93 : 00812083;
	2f94 : 00412403;
	2f95 : 00012483;
	2f96 : 00C10113;
	2f97 : 00008067;
	2f98 : FF010113;
	2f99 : 00008737;
	2f9a : 00112623;
	2f9b : 00070713;
	2f9c : 00374603;
	2f9d : 78700793;
	2f9e : 00F11023;
	2f9f : 00400693;
	2fa0 : 00300793;
	2fa1 : 00D60C63;
	2fa2 : 00374683;
	2fa3 : 00200713;
	2fa4 : 00200793;
	2fa5 : 00E68463;
	2fa6 : 00100793;
	2fa7 : 00100713;
	2fa8 : 02E51E63;
	2fa9 : 0047E793;
	2faa : 00F11123;
	2fab : 000087B7;
	2fac : 27C78793;
	2fad : 01000713;
	2fae : 00E78223;
	2faf : 0007A023;
	2fb0 : 00200713;
	2fb1 : 00E782A3;
	2fb2 : 0027A423;
	2fb3 : A5CFF0EF;
	2fb4 : 00C12083;
	2fb5 : 01010113;
	2fb6 : 00008067;
	2fb7 : 00200713;
	2fb8 : 00E51663;
	2fb9 : 1007E793;
	2fba : FC1FF06F;
	2fbb : 00300713;
	2fbc : 02E51663;
	2fbd : 78F00713;
	2fbe : 0887E793;
	2fbf : 00E11023;
	2fc0 : 00F11123;
	2fc1 : 00000513;
	2fc2 : 489010EF;
	2fc3 : FA0500E3;
	2fc4 : 00215783;
	2fc5 : 2007E793;
	2fc6 : F91FF06F;
	2fc7 : 00400713;
	2fc8 : 00E51E63;
	2fc9 : 79700713;
	2fca : 0907E793;
	2fcb : 00E11023;
	2fcc : 00F11123;
	2fcd : 00100513;
	2fce : FD1FF06F;
	2fcf : 79F00713;
	2fd0 : 00E11023;
	2fd1 : 0807E793;
	2fd2 : F61FF06F;
	2fd3 : FF410113;
	2fd4 : 02000513;
	2fd5 : 00812223;
	2fd6 : 00912023;
	2fd7 : 00008437;
	2fd8 : 00112423;
	2fd9 : CCDFE0EF;
	2fda : 08C40793;
	2fdb : 000782A3;
	2fdc : 00000493;
	2fdd : 08C40413;
	2fde : 00800513;
	2fdf : E81FE0EF;
	2fe0 : 00100793;
	2fe1 : 000403A3;
	2fe2 : 00F402A3;
	2fe3 : 000087B7;
	2fe4 : 08078793;
	2fe5 : 0007C783;
	2fe6 : 3E800593;
	2fe7 : 00079663;
	2fe8 : 000185B7;
	2fe9 : 6A058593;
	2fea : 00000513;
	2feb : EFDFE0EF;
	2fec : 00744783;
	2fed : 02079863;
	2fee : 00000513;
	2fef : FE1FE0EF;
	2ff0 : FE0508E3;
	2ff1 : 00100593;
	2ff2 : 00100513;
	2ff3 : E39FF0EF;
	2ff4 : 00800793;
	2ff5 : 06F48663;
	2ff6 : 00148493;
	2ff7 : 0FF4F493;
	2ff8 : F99FF06F;
	2ff9 : 02000513;
	2ffa : C39FE0EF;
	2ffb : 3E800593;
	2ffc : 00000513;
	2ffd : EB5FE0EF;
	2ffe : 00300593;
	2fff : 00800513;
	3000 : D2DFE0EF;
	3001 : 02051263;
	3002 : F95FE0EF;
	3003 : FE0506E3;
	3004 : 00100593;
	3005 : 00200513;
	3006 : DEDFF0EF;
	3007 : 02000513;
	3008 : C11FE0EF;
	3009 : FADFF06F;
	300a : 00000513;
	300b : 00812083;
	300c : 00412403;
	300d : 00012483;
	300e : 00C10113;
	300f : 00008067;
	3010 : 00100513;
	3011 : FE9FF06F;
	3012 : 000087B7;
	3013 : 00078793;
	3014 : 0067C503;
	3015 : 00008067;
	3016 : 000087B7;
	3017 : 00078793;
	3018 : 0027C603;
	3019 : 01400713;
	301a : 0FF67693;
	301b : 02E60463;
	301c : 01E00613;
	301d : 00C68A63;
	301e : 00A00713;
	301f : 00100513;
	3020 : 00E69E63;
	3021 : 00600713;
	3022 : 00E78123;
	3023 : 00000513;
	3024 : 00008067;
	3025 : 00A00713;
	3026 : FF1FF06F;
	3027 : 00008067;
	3028 : 000087B7;
	3029 : 00078793;
	302a : 0037C683;
	302b : 000087B7;
	302c : 23078793;
	302d : 0097C703;
	302e : 0FF6F693;
	302f : 00100513;
	3030 : 00177713;
	3031 : 02070663;
	3032 : 0077C703;
	3033 : 00700613;
	3034 : 00777713;
	3035 : 00C71E63;
	3036 : 00200613;
	3037 : 00C69C63;
	3038 : 0077C503;
	3039 : 07057513;
	303a : F9050513;
	303b : 00A03533;
	303c : 00008067;
	303d : 00400613;
	303e : 00000513;
	303f : FEC69AE3;
	3040 : 0077C683;
	3041 : 07000613;
	3042 : 00100513;
	3043 : 0706F693;
	3044 : FEC690E3;
	3045 : 0087C683;
	3046 : 0076F693;
	3047 : FCE69AE3;
	3048 : 0087C503;
	3049 : FC1FF06F;
	304a : FF410113;
	304b : 000087B7;
	304c : 00112423;
	304d : 00078793;
	304e : 0017C703;
	304f : 02000513;
	3050 : 0FF77713;
	3051 : 00E781A3;
	3052 : 0007C703;
	3053 : 0FF77713;
	3054 : 00E78123;
	3055 : 000087B7;
	3056 : 23078793;
	3057 : F8000713;
	3058 : 00E78123;
	3059 : ABDFE0EF;
	305a : 00000513;
	305b : CF5FF0EF;
	305c : 00812083;
	305d : 00C10113;
	305e : C6DFF06F;
	305f : FF410113;
	3060 : 00812223;
	3061 : 00008437;
	3062 : 00112423;
	3063 : 08C40413;
	3064 : 000404A3;
	3065 : 00040523;
	3066 : 3A4010EF;
	3067 : 00100793;
	3068 : 02051063;
	3069 : 00F404A3;
	306a : C3DFF0EF;
	306b : 00412403;
	306c : 00812083;
	306d : FFF00513;
	306e : 00C10113;
	306f : C5DFE06F;
	3070 : 00100593;
	3071 : 00500513;
	3072 : 00F40523;
	3073 : C39FF0EF;
	3074 : FDDFF06F;
	3075 : 000087B7;
	3076 : 08C78793;
	3077 : 00078023;
	3078 : 000780A3;
	3079 : 00078123;
	307a : 000781A3;
	307b : 00078223;
	307c : 000782A3;
	307d : 00078323;
	307e : 000783A3;
	307f : 00078423;
	3080 : 000784A3;
	3081 : 00078523;
	3082 : 000785A3;
	3083 : 00078623;
	3084 : 000786A3;
	3085 : 00078723;
	3086 : 000787A3;
	3087 : 00078823;
	3088 : 000788A3;
	3089 : 00078923;
	308a : 000789A3;
	308b : 020786A3;
	308c : 02078723;
	308d : 020787A3;
	308e : 02078823;
	308f : 020788A3;
	3090 : 040789A3;
	3091 : 04078A23;
	3092 : 000087B7;
	3093 : 10078423;
	3094 : 000087B7;
	3095 : 0E078223;
	3096 : 00008067;
	3097 : FF410113;
	3098 : 00008737;
	3099 : 00812223;
	309a : 00112423;
	309b : 00912023;
	309c : 10870413;
	309d : 00044783;
	309e : 4E078663;
	309f : 10870713;
	30a0 : 00070023;
	30a1 : 00274603;
	30a2 : 04200693;
	30a3 : 0FF67793;
	30a4 : 30D60A63;
	30a5 : 06F6E663;
	30a6 : 000084B7;
	30a7 : 01300693;
	30a8 : 0E448493;
	30a9 : 02F6EA63;
	30aa : 00200693;
	30ab : 04F6F263;
	30ac : FFD78793;
	30ad : 0FF7F793;
	30ae : 01000693;
	30af : 02F6EA63;
	30b0 : 000086B7;
	30b1 : 00279793;
	30b2 : 03C68693;
	30b3 : 00D787B3;
	30b4 : 0007A783;
	30b5 : 00078067;
	30b6 : 02200713;
	30b7 : 34E78863;
	30b8 : 03000713;
	30b9 : 2CE78E63;
	30ba : 02100713;
	30bb : 2EE78C63;
	30bc : 000087B7;
	30bd : 0E478793;
	30be : 00078123;
	30bf : 2840006F;
	30c0 : 07100693;
	30c1 : 4AD78863;
	30c2 : 0EF6EE63;
	30c3 : 06600693;
	30c4 : 36D78063;
	30c5 : 04F6E663;
	30c6 : 000084B7;
	30c7 : 06000693;
	30c8 : 0E448493;
	30c9 : 32D78263;
	30ca : 06100693;
	30cb : FCD792E3;
	30cc : D19FF0EF;
	30cd : 18050863;
	30ce : 000087B7;
	30cf : 10878713;
	30d0 : 00374703;
	30d1 : 000087B7;
	30d2 : 08C78793;
	30d3 : 0FF77713;
	30d4 : 00E78723;
	30d5 : 00100713;
	30d6 : 00E786A3;
	30d7 : 2100006F;
	30d8 : 07000693;
	30d9 : F8D796E3;
	30da : CE1FF0EF;
	30db : F80502E3;
	30dc : 000086B7;
	30dd : 08C68793;
	30de : 00800613;
	30df : 00008737;
	30e0 : 00C7AA23;
	30e1 : 10870713;
	30e2 : 00374603;
	30e3 : 08C68693;
	30e4 : 0FF67613;
	30e5 : 00C7AC23;
	30e6 : 0187A603;
	30e7 : 00861613;
	30e8 : 00C7AC23;
	30e9 : 00474603;
	30ea : 0187A583;
	30eb : 00B66633;
	30ec : 00C7AC23;
	30ed : 0187A603;
	30ee : 00861613;
	30ef : 00C7AC23;
	30f0 : 00574603;
	30f1 : 0187A583;
	30f2 : 00B66633;
	30f3 : 00C7AC23;
	30f4 : 00674603;
	30f5 : 0FF67613;
	30f6 : 00C78E23;
	30f7 : 00008637;
	30f8 : 00000793;
	30f9 : 28C60613;
	30fa : 00C64583;
	30fb : 3AB7E263;
	30fc : 00100713;
	30fd : 02E686A3;
	30fe : 020687A3;
	30ff : 02068823;
	3100 : 1B40006F;
	3101 : 09000713;
	3102 : 34E78663;
	3103 : 00008737;
	3104 : 09100693;
	3105 : 0E470713;
	3106 : 36D78063;
	3107 : 08000693;
	3108 : ECD798E3;
	3109 : 00344683;
	310a : 000087B7;
	310b : 08C78793;
	310c : 0FF6F693;
	310d : 02D78923;
	310e : 000086B7;
	310f : 12C68693;
	3110 : 1006C683;
	3111 : 3E068A63;
	3112 : 00100693;
	3113 : 00D70123;
	3114 : 02D788A3;
	3115 : 12C0006F;
	3116 : 00100793;
	3117 : 000085B7;
	3118 : 00F48123;
	3119 : 08058593;
	311a : 00000793;
	311b : 00800513;
	311c : 00078693;
	311d : 00178793;
	311e : 00F70633;
	311f : 00264603;
	3120 : 00D586B3;
	3121 : 0FF67613;
	3122 : 00C68123;
	3123 : FEA792E3;
	3124 : 728010EF;
	3125 : 0E051663;
	3126 : 00100513;
	3127 : A4DFE0EF;
	3128 : 0E00006F;
	3129 : 00374683;
	312a : 00474503;
	312b : 00100793;
	312c : 00F48123;
	312d : 0FF6F613;
	312e : 0FF57513;
	312f : 00068863;
	3130 : 00F60A63;
	3131 : 00048123;
	3132 : 0B80006F;
	3133 : 89DFF0EF;
	3134 : 0B00006F;
	3135 : 8A1FF0EF;
	3136 : 0A80006F;
	3137 : 00500793;
	3138 : 00F48123;
	3139 : EECFE0EF;
	313a : 00855793;
	313b : 0FF7F793;
	313c : 00F481A3;
	313d : 0FF57513;
	313e : 00A48223;
	313f : 00200793;
	3140 : 00F482A3;
	3141 : 00100793;
	3142 : 00F48323;
	3143 : 000483A3;
	3144 : F54FE0EF;
	3145 : 0FF57513;
	3146 : 00A48423;
	3147 : F2CFF0EF;
	3148 : 00A484A3;
	3149 : B25FF0EF;
	314a : 00A48523;
	314b : 869FF0EF;
	314c : 00A485A3;
	314d : 851FF0EF;
	314e : 00A48623;
	314f : 00000513;
	3150 : 630010EF;
	3151 : 00A486A3;
	3152 : 00100513;
	3153 : 624010EF;
	3154 : 00A48723;
	3155 : 00D00713;
	3156 : 02C0006F;
	3157 : 000087B7;
	3158 : 00100713;
	3159 : 08078793;
	315a : 00E780A3;
	315b : 00E48123;
	315c : 0100006F;
	315d : E30FF0EF;
	315e : 00100793;
	315f : 00F48123;
	3160 : 00100713;
	3161 : 000087B7;
	3162 : 0E478793;
	3163 : 00E780A3;
	3164 : 00412403;
	3165 : 00812083;
	3166 : 00012483;
	3167 : 00C10113;
	3168 : AB1FE06F;
	3169 : 000087B7;
	316a : 00100713;
	316b : 08C78793;
	316c : 00E783A3;
	316d : 000087B7;
	316e : 0E478793;
	316f : 1900006F;
	3170 : E88FF0EF;
	3171 : F00500E3;
	3172 : 00344503;
	3173 : F9CFF0EF;
	3174 : 000087B7;
	3175 : 00100713;
	3176 : 08C78793;
	3177 : 00E78423;
	3178 : F8DFF06F;
	3179 : 00344703;
	317a : 000087B7;
	317b : 23C78793;
	317c : 0FF77713;
	317d : 00E78023;
	317e : 00444703;
	317f : 0FF77713;
	3180 : 00E780A3;
	3181 : 00544703;
	3182 : 0FF77713;
	3183 : 00E78123;
	3184 : E38FF0EF;
	3185 : EA0508E3;
	3186 : 000087B7;
	3187 : 00100713;
	3188 : 08C78793;
	3189 : 00E785A3;
	318a : F45FF06F;
	318b : 00344703;
	318c : 00100793;
	318d : 00100513;
	318e : 00F70463;
	318f : 00000513;
	3190 : 900FF0EF;
	3191 : F35FF06F;
	3192 : A01FF0EF;
	3193 : E6050CE3;
	3194 : 00344703;
	3195 : 000087B7;
	3196 : 08C78793;
	3197 : 0FF77713;
	3198 : 00E78723;
	3199 : 00100713;
	319a : 00E78623;
	319b : F01FF06F;
	319c : 00344603;
	319d : 00444783;
	319e : 00544683;
	319f : 00161713;
	31a0 : 00879793;
	31a1 : 00F6E6B3;
	31a2 : 00C70733;
	31a3 : 000087B7;
	31a4 : 00371713;
	31a5 : 24C78793;
	31a6 : 00E787B3;
	31a7 : 00D79223;
	31a8 : 00644683;
	31a9 : 00744703;
	31aa : 00869693;
	31ab : 00D76733;
	31ac : 00E79323;
	31ad : 00844683;
	31ae : 00944703;
	31af : 00869693;
	31b0 : 00D76733;
	31b1 : 00E79423;
	31b2 : 00A44683;
	31b3 : 00B44703;
	31b4 : 00869693;
	31b5 : 00D76733;
	31b6 : 00E79523;
	31b7 : 00C44683;
	31b8 : 00D44703;
	31b9 : 00869693;
	31ba : 00D76733;
	31bb : 00E79623;
	31bc : 00E44683;
	31bd : 00F44703;
	31be : 00869693;
	31bf : 00D76733;
	31c0 : 00E79723;
	31c1 : 01044683;
	31c2 : 01144703;
	31c3 : 00869693;
	31c4 : 00D76733;
	31c5 : 00E79823;
	31c6 : 01244683;
	31c7 : 01344703;
	31c8 : 00869693;
	31c9 : 00D76733;
	31ca : 00E79923;
	31cb : 01444683;
	31cc : 01544703;
	31cd : 00871713;
	31ce : 00D76733;
	31cf : 00E79A23;
	31d0 : 000087B7;
	31d1 : 0E478793;
	31d2 : 00100713;
	31d3 : 00E78123;
	31d4 : E31FF06F;
	31d5 : 000087B7;
	31d6 : 08C78793;
	31d7 : 00100713;
	31d8 : 00E788A3;
	31d9 : 00812083;
	31da : 00412403;
	31db : 00012483;
	31dc : 00C10113;
	31dd : 00008067;
	31de : 000087B7;
	31df : 00100693;
	31e0 : 08C78793;
	31e1 : 00D78923;
	31e2 : 00D70123;
	31e3 : DF5FF06F;
	31e4 : 00578593;
	31e5 : 00B705B3;
	31e6 : 0025C583;
	31e7 : 00F68533;
	31e8 : 00178793;
	31e9 : 0FF5F593;
	31ea : 00B50EA3;
	31eb : 0FF7F793;
	31ec : C39FF06F;
	31ed : 895FF0EF;
	31ee : 00008737;
	31ef : 0E470713;
	31f0 : 06050C63;
	31f1 : 000087B7;
	31f2 : 08C78793;
	31f3 : 00900693;
	31f4 : 00D7AA23;
	31f5 : 00344683;
	31f6 : 0FF6F693;
	31f7 : 00D7AC23;
	31f8 : 0187A683;
	31f9 : 00869693;
	31fa : 00D7AC23;
	31fb : 00444683;
	31fc : 0187A603;
	31fd : 00C6E6B3;
	31fe : 00D7AC23;
	31ff : 0187A683;
	3200 : 00869693;
	3201 : 00D7AC23;
	3202 : 00544683;
	3203 : 0187A603;
	3204 : 00C6E6B3;
	3205 : 00D7AC23;
	3206 : 00644683;
	3207 : 0FF6F693;
	3208 : 00D78E23;
	3209 : 00100693;
	320a : 02D78723;
	320b : 020787A3;
	320c : 02078823;
	320d : F55FF06F;
	320e : 00070123;
	320f : D45FF06F;
	3210 : 000087B7;
	3211 : 08C78793;
	3212 : 0537C703;
	3213 : 00E78733;
	3214 : 02A709A3;
	3215 : 0537C683;
	3216 : 01F00713;
	3217 : 00D77663;
	3218 : 040789A3;
	3219 : 00008067;
	321a : 0537C703;
	321b : 00170713;
	321c : 0FF77713;
	321d : 04E789A3;
	321e : 00008067;
	321f : 000087B7;
	3220 : 08C78793;
	3221 : 0547C703;
	3222 : 00E78733;
	3223 : 03374503;
	3224 : 0547C683;
	3225 : 01F00713;
	3226 : 0FF57513;
	3227 : 00D77663;
	3228 : 04078A23;
	3229 : 00008067;
	322a : 0547C703;
	322b : 00170713;
	322c : 0FF77713;
	322d : 04E78A23;
	322e : 00008067;
	322f : 000087B7;
	3230 : 08C78793;
	3231 : 0547C503;
	3232 : 0537C783;
	3233 : 40F50533;
	3234 : 00A03533;
	3235 : 00008067;
	3236 : FF410113;
	3237 : 00112423;
	3238 : 00812223;
	3239 : FD9FF0EF;
	323a : 02050263;
	323b : 00008437;
	323c : 0E440413;
	323d : 00200793;
	323e : 00F40123;
	323f : F81FF0EF;
	3240 : 00A401A3;
	3241 : 00200713;
	3242 : 0300006F;
	3243 : 000087B7;
	3244 : 08C78713;
	3245 : 00074683;
	3246 : 08C78793;
	3247 : 02068C63;
	3248 : 000087B7;
	3249 : 00070023;
	324a : 0E478793;
	324b : 01000713;
	324c : 00E78123;
	324d : 00100713;
	324e : 000087B7;
	324f : 0E478793;
	3250 : 00E780A3;
	3251 : 00412403;
	3252 : 00812083;
	3253 : 00C10113;
	3254 : F00FE06F;
	3255 : 00174683;
	3256 : 00068C63;
	3257 : 000087B7;
	3258 : 000700A3;
	3259 : 0E478793;
	325a : 01100713;
	325b : FC5FF06F;
	325c : 00274683;
	325d : 00068C63;
	325e : 000087B7;
	325f : 00070123;
	3260 : 0E478793;
	3261 : 01200713;
	3262 : FA9FF06F;
	3263 : 00974683;
	3264 : 00068C63;
	3265 : 000087B7;
	3266 : 000704A3;
	3267 : 0E478793;
	3268 : 03100713;
	3269 : F8DFF06F;
	326a : 00A74683;
	326b : 00068C63;
	326c : 000087B7;
	326d : 00070523;
	326e : 0E478793;
	326f : 03200713;
	3270 : F71FF06F;
	3271 : 00574683;
	3272 : 02068263;
	3273 : 000702A3;
	3274 : 00008437;
	3275 : 000703A3;
	3276 : 0E440413;
	3277 : 04000793;
	3278 : 00F40123;
	3279 : BA0FF0EF;
	327a : F19FF06F;
	327b : 00674683;
	327c : 04068263;
	327d : 00070323;
	327e : 000087B7;
	327f : 000703A3;
	3280 : 0E478793;
	3281 : 04100713;
	3282 : 00E78123;
	3283 : 00008737;
	3284 : 23C70713;
	3285 : 00174683;
	3286 : 0FF6F693;
	3287 : 00D781A3;
	3288 : 00274703;
	3289 : 0FF77713;
	328a : 00E78223;
	328b : 00300713;
	328c : F09FF06F;
	328d : 00374683;
	328e : 02068463;
	328f : 000087B7;
	3290 : 0E478793;
	3291 : 04500693;
	3292 : 00D78123;
	3293 : 00374683;
	3294 : 0FF6F693;
	3295 : 00D781A3;
	3296 : 000701A3;
	3297 : EA9FF06F;
	3298 : 0047C703;
	3299 : 02070663;
	329a : 00008437;
	329b : 00078223;
	329c : 0E440413;
	329d : 04400793;
	329e : 00F40123;
	329f : B18FF0EF;
	32a0 : 00A401A3;
	32a1 : B00FF0EF;
	32a2 : 00A40223;
	32a3 : FA1FF06F;
	32a4 : 00F7C703;
	32a5 : 02070463;
	32a6 : 00008737;
	32a7 : 0E470713;
	32a8 : 06200693;
	32a9 : 00D70123;
	32aa : 00E7C683;
	32ab : 0FF6F693;
	32ac : 00D701A3;
	32ad : 000787A3;
	32ae : E4DFF06F;
	32af : 0107C703;
	32b0 : 02070A63;
	32b1 : 00008737;
	32b2 : 0E470713;
	32b3 : 06300693;
	32b4 : 00D70123;
	32b5 : 00E7C683;
	32b6 : 0FF6F693;
	32b7 : 00D701A3;
	32b8 : 0107C683;
	32b9 : 0FF6F693;
	32ba : 00D70223;
	32bb : 00078823;
	32bc : F3DFF06F;
	32bd : 0137C703;
	32be : 0FF77693;
	32bf : 02070263;
	32c0 : 000789A3;
	32c1 : 000087B7;
	32c2 : 0E478793;
	32c3 : 00100713;
	32c4 : 00E78123;
	32c5 : 00300713;
	32c6 : 00E781A3;
	32c7 : DE9FF06F;
	32c8 : 02F7C703;
	32c9 : 06070A63;
	32ca : 00008637;
	32cb : 020787A3;
	32cc : 0E460593;
	32cd : 07200713;
	32ce : 00E58123;
	32cf : 01C7C703;
	32d0 : 0FF77713;
	32d1 : 00E581A3;
	32d2 : 0147A503;
	32d3 : 00900713;
	32d4 : DAE51AE3;
	32d5 : 01C7C603;
	32d6 : 00268713;
	32d7 : 0FF77713;
	32d8 : 00C6EC63;
	32d9 : DC071AE3;
	32da : 00812083;
	32db : 00412403;
	32dc : 00C10113;
	32dd : 00008067;
	32de : 00D78633;
	32df : 01D64603;
	32e0 : 00E58733;
	32e1 : 00168693;
	32e2 : 0FF67613;
	32e3 : 00C70123;
	32e4 : 0FF6F693;
	32e5 : FC1FF06F;
	32e6 : 0307C703;
	32e7 : 00070C63;
	32e8 : 02078823;
	32e9 : 000087B7;
	32ea : 0E478793;
	32eb : 07300713;
	32ec : D81FF06F;
	32ed : 0317C703;
	32ee : FA0708E3;
	32ef : 0327C703;
	32f0 : 00008637;
	32f1 : 020788A3;
	32f2 : F8100693;
	32f3 : 0E460793;
	32f4 : 00471713;
	32f5 : 00D78123;
	32f6 : 000085B7;
	32f7 : FFF70793;
	32f8 : 00100693;
	32f9 : 0E460613;
	32fa : 0FF7F793;
	32fb : 12C58593;
	32fc : 01100513;
	32fd : 00D78733;
	32fe : 0FF77713;
	32ff : 00E58733;
	3300 : 00074703;
	3301 : 00D60333;
	3302 : 00168693;
	3303 : 0FF77713;
	3304 : 00E30123;
	3305 : FEA690E3;
	3306 : 01100713;
	3307 : D1DFF06F;
	3308 : 000087B7;
	3309 : 0007A737;
	330a : 23C78793;
	330b : 12070713;
	330c : 00E7A423;
	330d : 00078023;
	330e : 00300713;
	330f : 00E780A3;
	3310 : 00E78123;
	3311 : 000781A3;
	3312 : 00078223;
	3313 : 000782A3;
	3314 : 00078623;
	3315 : 00008067;
	3316 : FE410113;
	3317 : 00112C23;
	3318 : 00812A23;
	3319 : 920FF0EF;
	331a : 00A10023;
	331b : 928FF0EF;
	331c : 00050413;
	331d : D99FE0EF;
	331e : 00050663;
	331f : F8046413;
	3320 : 0FF47413;
	3321 : 00010693;
	3322 : 00200613;
	3323 : 10000593;
	3324 : 00800513;
	3325 : 008100A3;
	3326 : 985FE0EF;
	3327 : 01812083;
	3328 : 01412403;
	3329 : 01C10113;
	332a : 00008067;
	332b : FF010113;
	332c : 00310693;
	332d : 00100613;
	332e : 10200593;
	332f : 00800513;
	3330 : 00112623;
	3331 : 000101A3;
	3332 : 955FE0EF;
	3333 : 00C12083;
	3334 : 01010113;
	3335 : 00008067;
	3336 : 000087B7;
	3337 : 23C78713;
	3338 : 00174503;
	3339 : 00274683;
	333a : 00374703;
	333b : 23C78793;
	333c : 00369693;
	333d : 00D56533;
	333e : 0FF57513;
	333f : 00070463;
	3340 : 00456513;
	3341 : 0047C783;
	3342 : 00078463;
	3343 : 02056513;
	3344 : 00008067;
	3345 : EE010113;
	3346 : 10812C23;
	3347 : 00050413;
	3348 : 00200513;
	3349 : 10912A23;
	334a : 10112E23;
	334b : 00058493;
	334c : F45FD0EF;
	334d : 00100793;
	334e : 00011A23;
	334f : 08F41A63;
	3350 : 004A07B7;
	3351 : 04A78793;
	3352 : 04A00713;
	3353 : 00F12C23;
	3354 : 000087B7;
	3355 : 27C78793;
	3356 : 00E11B23;
	3357 : 00E11E23;
	3358 : 01100713;
	3359 : 00E78223;
	335a : 0007A023;
	335b : 00500713;
	335c : 00E782A3;
	335d : 01410713;
	335e : 00E7A423;
	335f : BACFE0EF;
	3360 : 02048C63;
	3361 : 02046413;
	3362 : 00810223;
	3363 : F4DFF0EF;
	3364 : 00A102A3;
	3365 : 00A10323;
	3366 : 00A103A3;
	3367 : 00A10423;
	3368 : 00410693;
	3369 : 00500613;
	336a : 10200593;
	336b : 00800513;
	336c : 86DFE0EF;
	336d : 00A12023;
	336e : 11C12083;
	336f : 11812403;
	3370 : 00012503;
	3371 : 11412483;
	3372 : 12010113;
	3373 : 00008067;
	3374 : 00A03533;
	3375 : 00200393;
	3376 : 00150513;
	3377 : 06741863;
	3378 : 004A0737;
	3379 : 07BC06B7;
	337a : 0CB70593;
	337b : 5BC00313;
	337c : 04A70713;
	337d : 0CB68693;
	337e : 04A00613;
	337f : 000087B7;
	3380 : 00611B23;
	3381 : 00D12C23;
	3382 : 00B12E23;
	3383 : 02E12023;
	3384 : 02E12223;
	3385 : 02C11423;
	3386 : 27C78793;
	3387 : 12851263;
	3388 : 02E12A23;
	3389 : 02E12C23;
	338a : 01100713;
	338b : 00E78223;
	338c : 02611523;
	338d : 02D12623;
	338e : 02B12823;
	338f : 02C11E23;
	3390 : 0007A023;
	3391 : 01500713;
	3392 : F29FF06F;
	3393 : 00300793;
	3394 : 10F41C63;
	3395 : 05BC0637;
	3396 : 044A06B7;
	3397 : 047E07B7;
	3398 : 7BC60293;
	3399 : 7BC68313;
	339a : 7BC78593;
	339b : 44A68693;
	339c : 67E78793;
	339d : 67E00713;
	339e : 5BC00093;
	339f : 44A60613;
	33a0 : 04E11C23;
	33a1 : 00111B23;
	33a2 : 00008737;
	33a3 : 00512C23;
	33a4 : 00612E23;
	33a5 : 02D12023;
	33a6 : 02D12223;
	33a7 : 02D12423;
	33a8 : 02C12623;
	33a9 : 02B12823;
	33aa : 02F12A23;
	33ab : 02F12C23;
	33ac : 02F12E23;
	33ad : 04F12023;
	33ae : 04F12223;
	33af : 04F12423;
	33b0 : 04F12623;
	33b1 : 04F12823;
	33b2 : 04F12A23;
	33b3 : 27C70713;
	33b4 : 08751263;
	33b5 : 06F12C23;
	33b6 : 06F12E23;
	33b7 : 08F12023;
	33b8 : 08F12223;
	33b9 : 08F12423;
	33ba : 08F12623;
	33bb : 08F12823;
	33bc : 08F12A23;
	33bd : 08F12C23;
	33be : 67E00793;
	33bf : 08F11E23;
	33c0 : 01100793;
	33c1 : 00F70223;
	33c2 : 04111D23;
	33c3 : 04512E23;
	33c4 : 06612023;
	33c5 : 06D12223;
	33c6 : 06D12423;
	33c7 : 06D12623;
	33c8 : 06C12823;
	33c9 : 06B12A23;
	33ca : 00072023;
	33cb : 04500793;
	33cc : 00F702A3;
	33cd : 01410793;
	33ce : 00F72423;
	33cf : E41FF06F;
	33d0 : 01100713;
	33d1 : 00E78223;
	33d2 : 0007A023;
	33d3 : 00B00713;
	33d4 : E21FF06F;
	33d5 : 01100793;
	33d6 : 00F70223;
	33d7 : 00072023;
	33d8 : 02300793;
	33d9 : FCDFF06F;
	33da : E40488E3;
	33db : 00400793;
	33dc : E0F41AE3;
	33dd : 00700413;
	33de : E11FF06F;
	33df : FE010113;
	33e0 : 00112E23;
	33e1 : E11FE0EF;
	33e2 : 00A12023;
	33e3 : D4DFF0EF;
	33e4 : 00012603;
	33e5 : 00A10223;
	33e6 : 00200793;
	33e7 : 02F61263;
	33e8 : 00A102A3;
	33e9 : 00410693;
	33ea : 10300593;
	33eb : 00800513;
	33ec : E6CFE0EF;
	33ed : 01C12083;
	33ee : 02010113;
	33ef : 00008067;
	33f0 : 00400793;
	33f1 : 00F61A63;
	33f2 : 00A102A3;
	33f3 : 00A10323;
	33f4 : 00A103A3;
	33f5 : FD1FF06F;
	33f6 : 00100613;
	33f7 : FC9FF06F;
	33f8 : FE010113;
	33f9 : 00812C23;
	33fa : 00912A23;
	33fb : 00112E23;
	33fc : 00050413;
	33fd : DA1FE0EF;
	33fe : 00050493;
	33ff : 00410693;
	3400 : 00200613;
	3401 : 20200593;
	3402 : 00900513;
	3403 : E10FE0EF;
	3404 : 0A051A63;
	3405 : 00414703;
	3406 : 008035B3;
	3407 : 00158593;
	3408 : 00677793;
	3409 : 00F12023;
	340a : 00177613;
	340b : 000087B7;
	340c : 23C78793;
	340d : 10060863;
	340e : 00200693;
	340f : 08D49E63;
	3410 : 01077693;
	3411 : 10068063;
	3412 : 00100693;
	3413 : 00D78623;
	3414 : 00000513;
	3415 : 00100693;
	3416 : 02D58863;
	3417 : 00012603;
	3418 : 00600693;
	3419 : 08D61C63;
	341a : 00200693;
	341b : 08D49E63;
	341c : 06077713;
	341d : 06000693;
	341e : 08D71263;
	341f : 08051063;
	3420 : 00100713;
	3421 : 00E786A3;
	3422 : 00D7C783;
	3423 : FFF40413;
	3424 : 00143413;
	3425 : 00F47433;
	3426 : 02040663;
	3427 : 00410693;
	3428 : 00100613;
	3429 : 20400593;
	342a : 00900513;
	342b : D70FE0EF;
	342c : 00414783;
	342d : 0017F793;
	342e : 00079663;
	342f : 00051463;
	3430 : 00100513;
	3431 : 01C12083;
	3432 : 01812403;
	3433 : 01412483;
	3434 : 02010113;
	3435 : 00008067;
	3436 : 00400693;
	3437 : F6D496E3;
	3438 : 01077693;
	3439 : 06068063;
	343a : 00000513;
	343b : 00000313;
	343c : 01000293;
	343d : 0340006F;
	343e : 04030663;
	343f : 000786A3;
	3440 : 00100513;
	3441 : F85FF06F;
	3442 : 00400693;
	3443 : F6D498E3;
	3444 : 06077693;
	3445 : 06000613;
	3446 : FEC692E3;
	3447 : 00600613;
	3448 : 00100313;
	3449 : 06000293;
	344a : 00514683;
	344b : 00C6F3B3;
	344c : FCC394E3;
	344d : 0056F6B3;
	344e : FC5690E3;
	344f : F40310E3;
	3450 : F00504E3;
	3451 : 00078623;
	3452 : 00100513;
	3453 : F09FF06F;
	3454 : FDC10113;
	3455 : 02112023;
	3456 : 00812E23;
	3457 : 00912C23;
	3458 : C35FE0EF;
	3459 : 00A12223;
	345a : C3DFE0EF;
	345b : 00050413;
	345c : C45FE0EF;
	345d : 00050493;
	345e : 00810693;
	345f : 00200613;
	3460 : 20600593;
	3461 : 00900513;
	3462 : C94FE0EF;
	3463 : 10051063;
	3464 : 00814703;
	3465 : 00275693;
	3466 : 0036F793;
	3467 : 00F12023;
	3468 : 00412783;
	3469 : 00200693;
	346a : 00377393;
	346b : 02D79263;
	346c : 00475613;
	346d : 00367613;
	346e : 00675713;
	346f : 00000693;
	3470 : 00000593;
	3471 : 00000313;
	3472 : 00000293;
	3473 : 0340006F;
	3474 : 00400693;
	3475 : 0CD79663;
	3476 : 00914683;
	3477 : 00475613;
	3478 : 00367613;
	3479 : 0026D593;
	347a : 0046D313;
	347b : 0036F293;
	347c : 00675713;
	347d : 0035F593;
	347e : 00337313;
	347f : 0066D693;
	3480 : 0FF2F793;
	3481 : 0062F463;
	3482 : 0FF37793;
	3483 : 0FF7F313;
	3484 : 00737463;
	3485 : 0FF3F793;
	3486 : 0FF7F313;
	3487 : 00C37463;
	3488 : 0FF67793;
	3489 : 00008637;
	348a : 23C60613;
	348b : 0887E063;
	348c : 00100793;
	348d : 00F601A3;
	348e : 00164783;
	348f : 06879E63;
	3490 : 00564783;
	3491 : 00178793;
	3492 : 0FF7F793;
	3493 : 00F602A3;
	3494 : 00058793;
	3495 : 00D5F463;
	3496 : 00068793;
	3497 : 00012583;
	3498 : 0FF7F693;
	3499 : 00B6F463;
	349a : 00014783;
	349b : 0FF7F693;
	349c : 00E6F463;
	349d : 00070793;
	349e : 0FF7F793;
	349f : 0497E463;
	34a0 : 00100793;
	34a1 : 00F60223;
	34a2 : 00960123;
	34a3 : 02012083;
	34a4 : 01C12403;
	34a5 : 01812483;
	34a6 : 02410113;
	34a7 : 00008067;
	34a8 : 00000713;
	34a9 : 00000613;
	34aa : F15FF06F;
	34ab : 000601A3;
	34ac : 00078413;
	34ad : F85FF06F;
	34ae : 000602A3;
	34af : 008600A3;
	34b0 : F91FF06F;
	34b1 : 00060223;
	34b2 : 00078493;
	34b3 : FBDFF06F;
	34b4 : FF410113;
	34b5 : 00812223;
	34b6 : 00008437;
	34b7 : 08C40793;
	34b8 : 00112423;
	34b9 : 000783A3;
	34ba : 00100713;
	34bb : 3E800593;
	34bc : 00000513;
	34bd : 00E78323;
	34be : 08C40413;
	34bf : BADFD0EF;
	34c0 : 00744783;
	34c1 : 00000513;
	34c2 : 00079863;
	34c3 : C91FD0EF;
	34c4 : FE0508E3;
	34c5 : 00100513;
	34c6 : 00812083;
	34c7 : 00412403;
	34c8 : 00C10113;
	34c9 : 00008067;
	34ca : FF410113;
	34cb : 02000513;
	34cc : 00112423;
	34cd : 8EDFD0EF;
	34ce : 3E800593;
	34cf : 00000513;
	34d0 : B1DFD0EF;
	34d1 : 00400513;
	34d2 : A8DFE0EF;
	34d3 : 00100513;
	34d4 : B11FE0EF;
	34d5 : 000087B7;
	34d6 : 23C7C503;
	34d7 : 00000593;
	34d8 : 9B5FF0EF;
	34d9 : 00812083;
	34da : 00C10113;
	34db : F65FF06F;
	34dc : FF010113;
	34dd : 00812423;
	34de : 00008437;
	34df : 23040793;
	34e0 : 00112623;
	34e1 : 00912223;
	34e2 : 0017C483;
	34e3 : 9C1FE0EF;
	34e4 : 23040413;
	34e5 : 0FF4F493;
	34e6 : 0AA4F863;
	34e7 : 00144503;
	34e8 : A25FE0EF;
	34e9 : 00244483;
	34ea : 9B1FE0EF;
	34eb : 0FF4F493;
	34ec : 0074F493;
	34ed : 08A4FE63;
	34ee : 00244503;
	34ef : 00757513;
	34f0 : A15FE0EF;
	34f1 : 000084B7;
	34f2 : B85FE0EF;
	34f3 : 04051263;
	34f4 : 889FF0EF;
	34f5 : 02051E63;
	34f6 : 23C48793;
	34f7 : 000780A3;
	34f8 : 00078123;
	34f9 : 000782A3;
	34fa : 000781A3;
	34fb : 00078223;
	34fc : EE1FF0EF;
	34fd : 00100513;
	34fe : A69FE0EF;
	34ff : 00100593;
	3500 : 00100513;
	3501 : 911FF0EF;
	3502 : 23C48413;
	3503 : 06050463;
	3504 : 00000493;
	3505 : 899FF0EF;
	3506 : 00050413;
	3507 : 00051663;
	3508 : 00100413;
	3509 : 40940433;
	350a : 00000513;
	350b : A35FE0EF;
	350c : 00C12083;
	350d : 00040513;
	350e : 00812403;
	350f : 00412483;
	3510 : 01010113;
	3511 : 00008067;
	3512 : 905FE0EF;
	3513 : F55FF06F;
	3514 : 909FE0EF;
	3515 : F6DFF06F;
	3516 : DA0FE0EF;
	3517 : 04051E63;
	3518 : D80FE0EF;
	3519 : 00100593;
	351a : 0A050863;
	351b : 00300513;
	351c : 0580006F;
	351d : 00000513;
	351e : DD8FE0EF;
	351f : 00050593;
	3520 : 00000513;
	3521 : 9D9FD0EF;
	3522 : 00000513;
	3523 : B55FF0EF;
	3524 : 00A12023;
	3525 : CBDFF0EF;
	3526 : 00012783;
	3527 : FA078EE3;
	3528 : 00544703;
	3529 : 00500793;
	352a : 06F70C63;
	352b : E25FF0EF;
	352c : ACDFF0EF;
	352d : FC1FF06F;
	352e : 00200513;
	352f : 9A5FE0EF;
	3530 : 00100593;
	3531 : 00400513;
	3532 : 84DFF0EF;
	3533 : 00000413;
	3534 : 00100513;
	3535 : D7CFE0EF;
	3536 : 00050593;
	3537 : 00000513;
	3538 : 97DFD0EF;
	3539 : 00100513;
	353a : AF9FF0EF;
	353b : 00A12023;
	353c : C61FF0EF;
	353d : 00012783;
	353e : 02078E63;
	353f : 00600793;
	3540 : 02F40063;
	3541 : 00140413;
	3542 : 0FF47413;
	3543 : DC5FF0EF;
	3544 : A6DFF0EF;
	3545 : FBDFF06F;
	3546 : 00200513;
	3547 : FADFF06F;
	3548 : F8CFF0EF;
	3549 : EE0516E3;
	354a : B31FE0EF;
	354b : E8050EE3;
	354c : EE1FF06F;
	354d : 00100493;
	354e : EDDFF06F;
	354f : FF410113;
	3550 : 00000513;
	3551 : 00112423;
	3552 : C10FE0EF;
	3553 : 00050A63;
	3554 : 00100513;
	3555 : 00812083;
	3556 : 00C10113;
	3557 : 00008067;
	3558 : A8CFE0EF;
	3559 : FE0516E3;
	355a : C24FE0EF;
	355b : FE0512E3;
	355c : 00100513;
	355d : BE4FE0EF;
	355e : FC051CE3;
	355f : DF5FF0EF;
	3560 : 00A03533;
	3561 : FD1FF06F;
	3562 : FF410113;
	3563 : 000087B7;
	3564 : 00112423;
	3565 : 24C78793;
	3566 : 00078B23;
	3567 : 01000513;
	3568 : 02078723;
	3569 : E44FD0EF;
	356a : 00812083;
	356b : 01000513;
	356c : 00C10113;
	356d : E50FD06F;
	356e : F7410113;
	356f : 08812223;
	3570 : 08112423;
	3571 : 00050413;
	3572 : FCCFE0EF;
	3573 : 015C06B7;
	3574 : 00400793;
	3575 : 15C68693;
	3576 : 1AF51A63;
	3577 : 00D12023;
	3578 : 00D12223;
	3579 : 00D12423;
	357a : 00D12623;
	357b : 00010793;
	357c : 01810713;
	357d : 00079823;
	357e : 00278793;
	357f : FEE79CE3;
	3580 : 00141713;
	3581 : 000087B7;
	3582 : 00870733;
	3583 : 00371713;
	3584 : 24C78793;
	3585 : 00E787B3;
	3586 : 0047D703;
	3587 : 1FD00593;
	3588 : 1FD00613;
	3589 : 00875713;
	358a : 02E11423;
	358b : 0067D703;
	358c : 1FD00693;
	358d : 00875713;
	358e : 02E11523;
	358f : 0087D703;
	3590 : 02011723;
	3591 : 00875713;
	3592 : 02E11623;
	3593 : 0047D703;
	3594 : 0FF77713;
	3595 : 02E11823;
	3596 : 0067D703;
	3597 : 0FF77713;
	3598 : 02E11923;
	3599 : 0087D703;
	359a : 0FF77713;
	359b : 02E11A23;
	359c : 08000713;
	359d : 02E11B23;
	359e : 00C7D703;
	359f : 00875713;
	35a0 : 02E11C23;
	35a1 : 00E7D703;
	35a2 : 00875713;
	35a3 : 02E11D23;
	35a4 : 0107D703;
	35a5 : 02011F23;
	35a6 : 00875713;
	35a7 : 02E11E23;
	35a8 : 00C7D703;
	35a9 : 0FF77713;
	35aa : 04E11023;
	35ab : 00E7D703;
	35ac : 0FF77713;
	35ad : 04E11123;
	35ae : 0107D703;
	35af : 0FF77713;
	35b0 : 04E11223;
	35b1 : 0147D703;
	35b2 : 0FF77713;
	35b3 : 04E11323;
	35b4 : 00A7D703;
	35b5 : 00875713;
	35b6 : 04E11423;
	35b7 : 0127D703;
	35b8 : 00875713;
	35b9 : 04E11523;
	35ba : 04011623;
	35bb : 0147D703;
	35bc : 00875713;
	35bd : 04E11723;
	35be : 00A7D703;
	35bf : 0FF77713;
	35c0 : 04E11823;
	35c1 : 0127D783;
	35c2 : 1FD00713;
	35c3 : 0FF7F793;
	35c4 : 04E11F23;
	35c5 : 04F11923;
	35c6 : 04012A23;
	35c7 : 04B11C23;
	35c8 : 04C11D23;
	35c9 : 04D11E23;
	35ca : 03000713;
	35cb : 000087B7;
	35cc : 27C78793;
	35cd : 2C041663;
	35ce : 01200693;
	35cf : 00D78223;
	35d0 : 0007A023;
	35d1 : 00E782A3;
	35d2 : 0027A423;
	35d3 : 9DDFD0EF;
	35d4 : 00300513;
	35d5 : F0CFE0EF;
	35d6 : 000087B7;
	35d7 : 08C78713;
	35d8 : 00870723;
	35d9 : 00100693;
	35da : 00D707A3;
	35db : 08C78793;
	35dc : 00100713;
	35dd : 00F7C683;
	35de : FEE68EE3;
	35df : 08812083;
	35e0 : 08412403;
	35e1 : 08C10113;
	35e2 : 00008067;
	35e3 : 000087B7;
	35e4 : 00200613;
	35e5 : 00D12023;
	35e6 : 24C78793;
	35e7 : 00141713;
	35e8 : 12C50663;
	35e9 : 00870733;
	35ea : 00371713;
	35eb : 00E787B3;
	35ec : 00012223;
	35ed : 00011423;
	35ee : 0047D703;
	35ef : 00875713;
	35f0 : 00E11523;
	35f1 : 0047D703;
	35f2 : 0FF77713;
	35f3 : 00E11623;
	35f4 : 00C7D703;
	35f5 : 00875713;
	35f6 : 00E11723;
	35f7 : 00C7D703;
	35f8 : 0FF77713;
	35f9 : 00E11823;
	35fa : 00A7D703;
	35fb : 00875713;
	35fc : 00E11923;
	35fd : 00A7D703;
	35fe : 00011B23;
	35ff : 00012C23;
	3600 : 0FF77713;
	3601 : 00E11A23;
	3602 : 0067D703;
	3603 : 00875713;
	3604 : 00E11E23;
	3605 : 0067D703;
	3606 : 0FF77713;
	3607 : 00E11F23;
	3608 : 00E7D703;
	3609 : 00875713;
	360a : 02E11023;
	360b : 00E7D703;
	360c : 0FF77713;
	360d : 02E11123;
	360e : 0127D703;
	360f : 00875713;
	3610 : 02E11223;
	3611 : 0127D703;
	3612 : 02012423;
	3613 : 02011623;
	3614 : 0FF77713;
	3615 : 02E11323;
	3616 : 0087D703;
	3617 : 00875713;
	3618 : 02E11723;
	3619 : 0087D703;
	361a : 0FF77713;
	361b : 02E11823;
	361c : 0107D703;
	361d : 00875713;
	361e : 02E11923;
	361f : 0107D703;
	3620 : 02011B23;
	3621 : 02012C23;
	3622 : 0FF77713;
	3623 : 02E11A23;
	3624 : 00800737;
	3625 : 02012E23;
	3626 : 04E12023;
	3627 : 04011223;
	3628 : 0147D703;
	3629 : 0FF77713;
	362a : 04E11323;
	362b : 0147D783;
	362c : 02700713;
	362d : 04011523;
	362e : 0087D793;
	362f : 04F11423;
	3630 : 1FD00793;
	3631 : 04F11623;
	3632 : E65FF06F;
	3633 : 00870733;
	3634 : 00371713;
	3635 : 00E787B3;
	3636 : 00D12223;
	3637 : 00012423;
	3638 : 00012623;
	3639 : 00012823;
	363a : 0047D703;
	363b : 00000593;
	363c : 00000613;
	363d : 00875713;
	363e : 00E11A23;
	363f : 0067D703;
	3640 : 00000693;
	3641 : 00875713;
	3642 : 00E11B23;
	3643 : 0047D703;
	3644 : 0FF77713;
	3645 : 00E11C23;
	3646 : 0067D703;
	3647 : 0FF77713;
	3648 : 00E11D23;
	3649 : 00C7D703;
	364a : 00875713;
	364b : 00E11E23;
	364c : 00E7D703;
	364d : 00875713;
	364e : 00E11F23;
	364f : 00C7D703;
	3650 : 0FF77713;
	3651 : 02E11023;
	3652 : 00E7D703;
	3653 : 0FF77713;
	3654 : 02E11123;
	3655 : 00A7D703;
	3656 : 00875713;
	3657 : 02E11223;
	3658 : 0127D703;
	3659 : 00875713;
	365a : 02E11323;
	365b : 00A7D703;
	365c : 0FF77713;
	365d : 02E11423;
	365e : 0127D703;
	365f : 02012623;
	3660 : 02012823;
	3661 : 0FF77713;
	3662 : 02E11523;
	3663 : 02012A23;
	3664 : 0087D703;
	3665 : 00875713;
	3666 : 02E11C23;
	3667 : 02011D23;
	3668 : 0087D703;
	3669 : 0FF77713;
	366a : 02E11E23;
	366b : 08000713;
	366c : 02E11F23;
	366d : 0107D703;
	366e : 04011123;
	366f : 00875713;
	3670 : 04E11023;
	3671 : 0107D703;
	3672 : 0FF77713;
	3673 : 04E11223;
	3674 : 0147D703;
	3675 : 04011423;
	3676 : 0FF77713;
	3677 : 04E11323;
	3678 : 0147D783;
	3679 : 00000713;
	367a : 04012623;
	367b : 0087D793;
	367c : 04F11523;
	367d : 1FD00793;
	367e : 04F11823;
	367f : D15FF06F;
	3680 : 01300693;
	3681 : 00D78223;
	3682 : 0007A023;
	3683 : 00E782A3;
	3684 : 0027A423;
	3685 : F14FD0EF;
	3686 : 00400513;
	3687 : D39FF06F;
	3688 : 00000513;
	3689 : C3CFE06F;
	368a : FF010113;
	368b : 00812423;
	368c : 00112623;
	368d : 00912223;
	368e : 00050413;
	368f : 06050C63;
	3690 : 08000793;
	3691 : 02000493;
	3692 : 00048513;
	3693 : 00F12023;
	3694 : BACFD0EF;
	3695 : 00012783;
	3696 : 00078513;
	3697 : 9C4FD0EF;
	3698 : 06400593;
	3699 : 00000513;
	369a : C40FD0EF;
	369b : 00200593;
	369c : 00048513;
	369d : AB8FD0EF;
	369e : 04050463;
	369f : 00141713;
	36a0 : 000087B7;
	36a1 : 00870733;
	36a2 : 00371713;
	36a3 : 24C78793;
	36a4 : 00E787B3;
	36a5 : 00100713;
	36a6 : 00E78B23;
	36a7 : 00000513;
	36a8 : 00C12083;
	36a9 : 00812403;
	36aa : 00412483;
	36ab : 01010113;
	36ac : 00008067;
	36ad : 04000793;
	36ae : 01000493;
	36af : F8DFF06F;
	36b0 : CDCFD0EF;
	36b1 : FA0504E3;
	36b2 : 00000513;
	36b3 : B94FE0EF;
	36b4 : 00100513;
	36b5 : FCDFF06F;
	36b6 : FF010113;
	36b7 : 00812423;
	36b8 : 00912223;
	36b9 : 00050413;
	36ba : 00112623;
	36bb : 00058493;
	36bc : 08000513;
	36bd : 00041463;
	36be : 04000513;
	36bf : 00C12023;
	36c0 : 930FD0EF;
	36c1 : 00141713;
	36c2 : 000087B7;
	36c3 : 008705B3;
	36c4 : 24C78693;
	36c5 : 00359593;
	36c6 : 00B686B3;
	36c7 : 0166C683;
	36c8 : 00012603;
	36c9 : 24C78793;
	36ca : 00C6E633;
	36cb : 02060063;
	36cc : 000086B7;
	36cd : 08C68613;
	36ce : 00860723;
	36cf : 00960823;
	36d0 : 08C68693;
	36d1 : 0106C603;
	36d2 : FE061EE3;
	36d3 : 00870733;
	36d4 : 00371713;
	36d5 : 00E787B3;
	36d6 : 00078B23;
	36d7 : 00C12083;
	36d8 : 00812403;
	36d9 : 00412483;
	36da : 01010113;
	36db : 00008067;
	36dc : 00151713;
	36dd : 00A70733;
	36de : 000087B7;
	36df : 00371713;
	36e0 : 24C78793;
	36e1 : 00E787B3;
	36e2 : 0167C503;
	36e3 : 00008067;
	36e4 : 00151713;
	36e5 : 00A70733;
	36e6 : 000087B7;
	36e7 : 00371713;
	36e8 : 24C78793;
	36e9 : 00E787B3;
	36ea : 0147D503;
	36eb : 00655513;
	36ec : 00157513;
	36ed : 00008067;
	36ee : 00008737;
	36ef : 00000693;
	36f0 : 00000793;
	36f1 : 08070713;
	36f2 : 00700613;
	36f3 : 00D705B3;
	36f4 : 0025C583;
	36f5 : 00168693;
	36f6 : 00F5C7B3;
	36f7 : FEC698E3;
	36f8 : 00974703;
	36f9 : 00178513;
	36fa : 0FF57513;
	36fb : 40E50533;
	36fc : 00A03533;
	36fd : 00008067;
	36fe : FF410113;
	36ff : 00100513;
	3700 : 00112423;
	3701 : 870FD0EF;
	3702 : 000087B7;
	3703 : 08078793;
	3704 : 00050C63;
	3705 : 00100713;
	3706 : 00E78023;
	3707 : 00812083;
	3708 : 00C10113;
	3709 : 00008067;
	370a : 00078023;
	370b : FF1FF06F;
	370c : 0000C7B7;
	370d : 10078693;
	370e : 00008737;
	370f : 02D72C23;
	3710 : 20078693;
	3711 : 00008737;
	3712 : 02D72A23;
	3713 : 30078693;
	3714 : 00008737;
	3715 : 02D72823;
	3716 : 40078693;
	3717 : 00008737;
	3718 : 02D72623;
	3719 : 50078693;
	371a : 00008737;
	371b : 02D72423;
	371c : 60078693;
	371d : 00008737;
	371e : FF410113;
	371f : 02D72223;
	3720 : 70078793;
	3721 : 00008737;
	3722 : 00812223;
	3723 : 02F72023;
	3724 : 00008437;
	3725 : 0000D7B7;
	3726 : 80078793;
	3727 : 00112423;
	3728 : 00008737;
	3729 : 00912023;
	372a : 08040493;
	372b : 00F72E23;
	372c : 000480A3;
	372d : EDDFC0EF;
	372e : F41FF0EF;
	372f : 978FD0EF;
	3730 : DDCFD0EF;
	3731 : C50FD0EF;
	3732 : B70FD0EF;
	3733 : EA9FD0EF;
	3734 : D6CFD0EF;
	3735 : 828FE0EF;
	3736 : 8B1FF0EF;
	3737 : F45FE0EF;
	3738 : CF4FE0EF;
	3739 : 00100513;
	373a : F39FC0EF;
	373b : 00200513;
	373c : F31FC0EF;
	373d : D693A5B7;
	373e : 40058593;
	373f : 00100513;
	3740 : 9A8FD0EF;
	3741 : 00100793;
	3742 : 00F48523;
	3743 : 08040413;
	3744 : 000086B7;
	3745 : 00C68793;
	3746 : 0057C703;
	3747 : 00C68493;
	3748 : 04070263;
	3749 : 00400513;
	374a : 000482A3;
	374b : F05FC0EF;
	374c : 00000593;
	374d : 00600513;
	374e : 8CCFE0EF;
	374f : 00000613;
	3750 : 00300593;
	3751 : 00000513;
	3752 : D91FF0EF;
	3753 : 00000613;
	3754 : 00300593;
	3755 : 00100513;
	3756 : D81FF0EF;
	3757 : 00040C23;
	3758 : 00040CA3;
	3759 : 00144703;
	375a : 06070263;
	375b : 0044C703;
	375c : 00070863;
	375d : 00400513;
	375e : 00048223;
	375f : EA5FC0EF;
	3760 : 0064C703;
	3761 : 02070663;
	3762 : 00048323;
	3763 : ABCFE0EF;
	3764 : 02050063;
	3765 : ACDFD0EF;
	3766 : B08FE0EF;
	3767 : 00050A63;
	3768 : 00400513;
	3769 : E8DFC0EF;
	376a : 00400513;
	376b : E75FC0EF;
	376c : 01444783;
	376d : 00078C63;
	376e : 00400513;
	376f : 00040A23;
	3770 : E71FC0EF;
	3771 : 00400513;
	3772 : E59FC0EF;
	3773 : 03944783;
	3774 : 00079663;
	3775 : 03A44783;
	3776 : F2078CE3;
	3777 : 02040CA3;
	3778 : 02040D23;
	3779 : 02040DA3;
	377a : 02040E23;
	377b : 02042503;
	377c : 02442583;
	377d : 02844603;
	377e : 02940693;
	377f : 821FD0EF;
	3780 : 00100793;
	3781 : 00051663;
	3782 : 02F40DA3;
	3783 : F05FF06F;
	3784 : 02F40E23;
	3785 : EFDFF06F;
	3786 : 00200713;
	3787 : 00E50A63;
	3788 : 00300713;
	3789 : 00E50863;
	378a : 00100713;
	378b : 00E51863;
	378c : DF1FC06F;
	378d : 00400513;
	378e : FF9FF06F;
	378f : 00008067;
	3790 : 00200713;
	3791 : 00E50A63;
	3792 : 00300713;
	3793 : 00E50863;
	3794 : 00100713;
	3795 : 00E51863;
	3796 : DD9FC06F;
	3797 : 00400513;
	3798 : FF9FF06F;
	3799 : 00008067;
	379a : FF410113;
	379b : 00112423;
	379c : 00812223;
	379d : 96CFD0EF;
	379e : 00200513;
	379f : 97CFD0EF;
	37a0 : 00400513;
	37a1 : 974FD0EF;
	37a2 : 01000513;
	37a3 : 96CFD0EF;
	37a4 : 02000513;
	37a5 : 964FD0EF;
	37a6 : 04000513;
	37a7 : 00008437;
	37a8 : 958FD0EF;
	37a9 : 08040413;
	37aa : DB5FD0EF;
	37ab : 914FD0EF;
	37ac : 00050663;
	37ad : 00800513;
	37ae : D89FC0EF;
	37af : 00100513;
	37b0 : 8DCFD0EF;
	37b1 : FE0502E3;
	37b2 : 00A44783;
	37b3 : 02078063;
	37b4 : 00400513;
	37b5 : 000400A3;
	37b6 : D59FC0EF;
	37b7 : 00100593;
	37b8 : 00900513;
	37b9 : F21FD0EF;
	37ba : FC1FF06F;
	37bb : 00A44783;
	37bc : D693A5B7;
	37bd : 40058593;
	37be : 00178793;
	37bf : 0FF7F793;
	37c0 : 00100513;
	37c1 : 00F40523;
	37c2 : FA1FC0EF;
	37c3 : F9DFF06F;
	37c4 : FF410113;
	37c5 : 00112423;
	37c6 : B44FE0EF;
	37c7 : 9BDFE0EF;
	37c8 : FF9FF06F;
	37c9 : FF010113;
	37ca : 00112623;
	37cb : 00812423;
	37cc : 00912223;
	37cd : A48FE0EF;
	37ce : 000086B7;
	37cf : 08068793;
	37d0 : 0187C703;
	37d1 : 08068493;
	37d2 : 04070463;
	37d3 : 00048C23;
	37d4 : 01A4C403;
	37d5 : 0FF47413;
	37d6 : 00040513;
	37d7 : C15FF0EF;
	37d8 : 00050E63;
	37d9 : 00040513;
	37da : AB9FF0EF;
	37db : 00000613;
	37dc : 00200593;
	37dd : 00040513;
	37de : B61FF0EF;
	37df : 00040513;
	37e0 : AA9FF0EF;
	37e1 : 0A051C63;
	37e2 : 00040513;
	37e3 : E2CFF0EF;
	37e4 : 0194C703;
	37e5 : 02070463;
	37e6 : 00048CA3;
	37e7 : 01A4C503;
	37e8 : 0FF57513;
	37e9 : 00A12023;
	37ea : A79FF0EF;
	37eb : 00012503;
	37ec : 00000613;
	37ed : 00200593;
	37ee : B21FF0EF;
	37ef : 01D4C703;
	37f0 : 00070863;
	37f1 : 00048EA3;
	37f2 : 00100713;
	37f3 : 00E48FA3;
	37f4 : 01E4C703;
	37f5 : 00070463;
	37f6 : 00048F23;
	37f7 : 0174C703;
	37f8 : 00070663;
	37f9 : 00048BA3;
	37fa : B40FF0EF;
	37fb : 85CFE0EF;
	37fc : F40504E3;
	37fd : 00300593;
	37fe : 03800513;
	37ff : D99FC0EF;
	3800 : F2050CE3;
	3801 : 00800513;
	3802 : C6DFC0EF;
	3803 : 04051263;
	3804 : 00000593;
	3805 : 00200513;
	3806 : DEDFD0EF;
	3807 : 00000613;
	3808 : 00300593;
	3809 : 00000513;
	380a : AB1FF0EF;
	380b : 00000613;
	380c : 00300593;
	380d : 00100513;
	380e : 02C0006F;
	380f : 00100613;
	3810 : 00100593;
	3811 : 00040513;
	3812 : A91FF0EF;
	3813 : F45FF06F;
	3814 : 01000513;
	3815 : C21FC0EF;
	3816 : 00051A63;
	3817 : 00000613;
	3818 : 00100593;
	3819 : A75FF0EF;
	381a : ED1FF06F;
	381b : 02000513;
	381c : C05FC0EF;
	381d : EC0512E3;
	381e : 00000613;
	381f : 00100593;
	3820 : FB5FF06F;
	3821 : 0102FFB5;
	3822 : 0103BF21;
	3823 : 01047F45;
	3824 : 01054705;
	3825 : 01063F30;
	3826 : 01073C00;
	3827 : 01087F0C;
	3828 : 0109FF30;
	3829 : 010A7F04;
	382a : 010BE100;
	382b : 010CFF01;
	382c : 010DFF00;
	382d : 010EFF00;
	382e : 010FFF00;
	382f : 01103D15;
	3830 : 01117000;
	3831 : 0118C0C0;
	3832 : 011AE080;
	3833 : 011BC000;
	3834 : 011CE000;
	3835 : 011DE000;
	3836 : 011F6000;
	3837 : 0102FFAA;
	3838 : 0103BF21;
	3839 : 01047F35;
	383a : 01054705;
	383b : 01063F34;
	383c : 01073C00;
	383d : 01087F0B;
	383e : 0109FF28;
	383f : 010A7F04;
	3840 : 010BE100;
	3841 : 010CFF01;
	3842 : 010DFF00;
	3843 : 010EFF00;
	3844 : 010FFF00;
	3845 : 01103D15;
	3846 : 01117000;
	3847 : 0118C0C0;
	3848 : 011AE080;
	3849 : 011BC000;
	384a : 011CE000;
	384b : 011DE000;
	384c : 011F6000;
	384d : 0102FFAA;
	384e : 0103BF21;
	384f : 01047F35;
	3850 : 01054705;
	3851 : 01063F34;
	3852 : 01073C00;
	3853 : 01087F0A;
	3854 : 0109FF28;
	3855 : 010A7F04;
	3856 : 010BE100;
	3857 : 010CFF01;
	3858 : 010DFF00;
	3859 : 010EFF00;
	385a : 010FFF00;
	385b : 01103D15;
	385c : 01117000;
	385d : 0118C0C0;
	385e : 011AE080;
	385f : 011BC000;
	3860 : 011CE000;
	3861 : 011DE000;
	3862 : 011F6000;
	3863 : 0102FFA3;
	3864 : 0103BF21;
	3865 : 01047F34;
	3866 : 01054704;
	3867 : 01063F34;
	3868 : 01073C00;
	3869 : 01087F09;
	386a : 0109FF1E;
	386b : 010A7F04;
	386c : 010BE100;
	386d : 010CFF01;
	386e : 010DFF00;
	386f : 010EFF00;
	3870 : 010FFF00;
	3871 : 01103D15;
	3872 : 01117000;
	3873 : 0118C0C0;
	3874 : 011AE080;
	3875 : 011BC000;
	3876 : 011CE000;
	3877 : 011DE000;
	3878 : 011F6000;
	3879 : 0132F7B6;
	387a : 0133E380;
	387b : 0134F782;
	387c : 0135FF03;
	387d : 0136FF0A;
	387e : 0137FF0F;
	387f : 0138FF82;
	3880 : 0139FF21;
	3881 : 013AFF2B;
	3882 : 013BFF18;
	3883 : 013CFD71;
	3884 : 013DFF00;
	3885 : 013E7F00;
	3886 : 0132F7B2;
	3887 : 0133E380;
	3888 : 0134F7C2;
	3889 : 0135FF4E;
	388a : 0136FF0C;
	388b : 0137FF0F;
	388c : 0138FF82;
	388d : 0139FF23;
	388e : 013AFF23;
	388f : 013BFF14;
	3890 : 013CFD71;
	3891 : 013DFF00;
	3892 : 013E7F00;
	3893 : 0132F7B2;
	3894 : 0133E380;
	3895 : 0134F7C2;
	3896 : 0135FF4E;
	3897 : 0136FF0C;
	3898 : 0137FF0F;
	3899 : 0138FF82;
	389a : 0139FF23;
	389b : 013AFF1B;
	389c : 013BFF14;
	389d : 013CFD71;
	389e : 013DFF00;
	389f : 013E7F00;
	38a0 : 0132F7B6;
	38a1 : 0133E380;
	38a2 : 0134F7C2;
	38a3 : 0135FF0F;
	38a4 : 0136FF0A;
	38a5 : 0137FF0B;
	38a6 : 0138FF82;
	38a7 : 0139FF21;
	38a8 : 013AFF1B;
	38a9 : 013BFF1E;
	38aa : 013CFD71;
	38ab : 013DFF00;
	38ac : 013E7F00;
	38ad : 100014B0;
	38ae : 100014B0;
	38af : 00000760;
	38b0 : 00003B88;
	38b1 : 000002B0;
	38b2 : 00003620;
	38b3 : 00000000;
	38b4 : 00000000;
	38b5 : 00000000;
	38b6 : 00000000;
	38b7 : 00000000;
	38b8 : 00000000;
	38b9 : 00000000;
	38ba : 00000000;
	38bb : 00000000;
	38bc : 00000000;
	38bd : 00000000;
	38be : 00000000;
	38bf : 00000000;
	38c0 : 00000000;
	38c1 : 00000000;
	38c2 : 00000000;
	38c3 : 00000000;
	38c4 : 00000000;
	38c5 : 00000000;
	38c6 : 00000000;
	38c7 : 00000000;
	38c8 : 00000000;
	38c9 : 00000000;
	38ca : 00000000;
	38cb : 00000000;
	38cc : 00000000;
	38cd : 00000000;
	38ce : 00000000;
	38cf : 00000000;
	38d0 : 00000000;
	38d1 : 00000000;
	38d2 : 00000000;
	38d3 : 00000000;
	38d4 : 00000000;
	38d5 : 00000000;
	38d6 : 00000000;
	38d7 : 00000000;
	38d8 : 00000000;
	38d9 : 00000000;
	38da : 00000000;
	38db : 00000000;
	38dc : 00000000;
	38dd : 00000000;
	38de : 00000000;
	38df : 00000000;
	38e0 : 00000000;
	38e1 : 00000000;
	38e2 : 00000000;
	38e3 : 00000000;
	38e4 : 00000000;
	38e5 : 00000000;
	38e6 : 00000000;
	38e7 : 00000000;
	38e8 : 00000000;
	38e9 : 00000000;
	38ea : 00000000;
	38eb : 00000000;
	38ec : 00000000;
	38ed : 00000000;
	38ee : 00000000;
	38ef : 00000000;
	38f0 : 00000000;
	38f1 : 00000000;
	38f2 : 00000000;
	38f3 : 00000000;
	38f4 : 00000000;
	38f5 : 00000000;
	38f6 : 00000000;
	38f7 : 00000000;
	38f8 : 00000000;
	38f9 : 00000000;
	38fa : 00000000;
	38fb : 00000000;
	38fc : 00000000;
	38fd : 00000000;
	38fe : 00000000;
	38ff : 00000000;
	3900 : 00000000;
	3901 : 00000000;
	3902 : 00000000;
	3903 : 00000000;
	3904 : 00000000;
	3905 : 00000000;
	3906 : 00000000;
	3907 : 00000000;
	3908 : 00000000;
	3909 : 00000000;
	390a : 00000000;
	390b : 00000000;
	390c : 00000000;
	390d : 00000000;
	390e : 00000000;
	390f : 00000000;
	3910 : 00000000;
	3911 : 00000000;
	3912 : 00000000;
	3913 : 00000000;
	3914 : 00000000;
	3915 : 00000000;
	3916 : 00000000;
	3917 : 00000000;
	3918 : 00000000;
	3919 : 00000000;
	391a : 00000000;
	391b : 00000000;
	391c : 00000000;
	391d : 00000000;
	391e : 00000000;
	391f : 00000000;
	3920 : 00000000;
	3921 : 00000000;
	3922 : 00000000;
	3923 : 00000000;
	3924 : 00000000;
	3925 : 00000000;
	3926 : 00000000;
	3927 : 00000000;
	3928 : 00000000;
	3929 : 00000000;
	392a : 00000000;
	392b : 00000000;
	392c : 00000000;
	392d : 00000000;
	392e : 00000000;
	392f : 00000000;
	3930 : 00000000;
	3931 : 00000000;
	3932 : 00000000;
	3933 : 00000000;
	3934 : 00000000;
	3935 : 00000000;
	3936 : 00000000;
	3937 : 00000000;
	3938 : 00000000;
	3939 : 00000000;
	393a : 00000000;
	393b : 00000000;
	393c : 00000000;
	393d : 00000000;
	393e : 00000000;
	393f : 00000000;
	3940 : 00000000;
	3941 : 00000000;
	3942 : 00000000;
	3943 : 00000000;
	3944 : 00000000;
	3945 : 00000000;
	3946 : 00000000;
	3947 : 00000000;
	3948 : 00000000;
	3949 : 00000000;
	394a : 00000000;
	394b : 00000000;
	394c : 00000000;
	394d : 00000000;
	394e : 00000000;
	394f : 00000000;
	3950 : 00000000;
	3951 : 00000000;
	3952 : 00000000;
	3953 : 00000000;
	3954 : 00000000;
	3955 : 00000000;
	3956 : 00000000;
	3957 : 00000000;
	3958 : 00000000;
	3959 : 00000000;
	395a : 00000000;
	395b : 00000000;
	395c : 00000000;
	395d : 00000000;
	395e : 00000000;
	395f : 00000000;
	3960 : 00000000;
	3961 : 00000000;
	3962 : 00000000;
	3963 : 00000000;
	3964 : 00000000;
	3965 : 00000000;
	3966 : 00000000;
	3967 : 00000000;
	3968 : 00000000;
	3969 : 00000000;
	396a : 00000000;
	396b : 00000000;
	396c : 00000000;
	396d : 00000000;
	396e : 00000000;
	396f : 00000000;
	3970 : 00000000;
	3971 : 00000000;
	3972 : 00000000;
	3973 : 00000000;
	3974 : 00000000;
	3975 : 00000000;
	3976 : 00000000;
	3977 : 00000000;
	3978 : 00000000;
	3979 : 00000000;
	397a : 00000000;
	397b : 00000000;
	397c : 00000000;
	397d : 00000000;
	397e : 00000000;
	397f : 00000000;
	3980 : 00000000;
	3981 : 00000000;
	3982 : 00000000;
	3983 : 00000000;
	3984 : 00000000;
	3985 : 00000000;
	3986 : 00000000;
	3987 : 00000000;
	3988 : 00000000;
	3989 : 00000000;
	398a : 00000000;
	398b : 00000000;
	398c : 00000000;
	398d : 00000000;
	398e : 00000000;
	398f : 00000000;
	3990 : 00000000;
	3991 : 00000000;
	3992 : 00000000;
	3993 : 00000000;
	3994 : 00000000;
	3995 : 00000000;
	3996 : 00000000;
	3997 : 00000000;
	3998 : 00000000;
	3999 : 00000000;
	399a : 00000000;
	399b : 00000000;
	399c : 00000000;
	399d : 00000000;
	399e : 00000000;
	399f : 00000000;
	39a0 : 00000000;
	39a1 : 00000000;
	39a2 : 00000000;
	39a3 : 00000000;
	39a4 : 00000000;
	39a5 : 00000000;
	39a6 : 00000000;
	39a7 : 00000000;
	39a8 : 00000000;
	39a9 : 00000000;
	39aa : 00000000;
	39ab : 00000000;
	39ac : 00000000;
	39ad : 00000000;
	39ae : 00000000;
	39af : 00000000;
	39b0 : 00000000;
	39b1 : 00000000;
	39b2 : 00000000;
	39b3 : 00000000;
	39b4 : 00000000;
	39b5 : 00000000;
	39b6 : 00000000;
	39b7 : 00000000;
	39b8 : 00000000;
	39b9 : 00000000;
	39ba : 00000000;
	39bb : 00000000;
	39bc : 00000000;
	39bd : 00000000;
	39be : 00000000;
	39bf : 00000000;
	39c0 : 00000000;
	39c1 : 00000000;
	39c2 : 00000000;
	39c3 : 00000000;
	39c4 : 00000000;
	39c5 : 00000000;
	39c6 : 00000000;
	39c7 : 00000000;
	39c8 : 00000000;
	39c9 : 00000000;
	39ca : 00000000;
	39cb : 00000000;
	39cc : 00000000;
	39cd : 00000000;
	39ce : 00000000;
	39cf : 00000000;
	39d0 : 00000000;
	39d1 : 00000000;
	39d2 : 00000000;
	39d3 : 00000000;
	39d4 : 00000000;
	39d5 : 00000000;
	39d6 : 00000000;
	39d7 : 00000000;
	39d8 : 00000000;
	39d9 : 00000000;
	39da : 00000000;
	39db : 00000000;
	39dc : 00000000;
	39dd : 00000000;
	39de : 00000000;
	39df : 00000000;
	39e0 : 00000000;
	39e1 : 00000000;
	39e2 : 00000000;
	39e3 : 00000000;
	39e4 : 00000000;
	39e5 : 00000000;
	39e6 : 00000000;
	39e7 : 00000000;
	39e8 : 00000000;
	39e9 : 00000000;
	39ea : 00000000;
	39eb : 00000000;
	39ec : 00000000;
	39ed : 00000000;
	39ee : 00000000;
	39ef : 00000000;
	39f0 : 00000000;
	39f1 : 00000000;
	39f2 : 00000000;
	39f3 : 00000000;
	39f4 : 00000000;
	39f5 : 00000000;
	39f6 : 00000000;
	39f7 : 00000000;
	39f8 : 00000000;
	39f9 : 00000000;
	39fa : 00000000;
	39fb : 00000000;
	39fc : 00000000;
	39fd : 00000000;
	39fe : 00000000;
	39ff : 00000000;
	3a00 : 00000000;
	3a01 : 00000000;
	3a02 : 00000000;
	3a03 : 00000000;
	3a04 : 00000000;
	3a05 : 00000000;
	3a06 : 00000000;
	3a07 : 00000000;
	3a08 : 00000000;
	3a09 : 00000000;
	3a0a : 00000000;
	3a0b : 00000000;
	3a0c : 00000000;
	3a0d : 00000000;
	3a0e : 00000000;
	3a0f : 00000000;
	3a10 : 00000000;
	3a11 : 00000000;
	3a12 : 00000000;
	3a13 : 00000000;
	3a14 : 00000000;
	3a15 : 00000000;
	3a16 : 00000000;
	3a17 : 00000000;
	3a18 : 00000000;
	3a19 : 00000000;
	3a1a : 00000000;
	3a1b : 00000000;
	3a1c : 00000000;
	3a1d : 00000000;
	3a1e : 00000000;
	3a1f : 00000000;
	3a20 : 00000000;
	3a21 : 00000000;
	3a22 : 00000000;
	3a23 : 00000000;
	3a24 : 00000000;
	3a25 : 00000000;
	3a26 : 00000000;
	3a27 : 00000000;
	3a28 : 00000000;
	3a29 : 00000000;
	3a2a : 00000000;
	3a2b : 00000000;
	3a2c : 00000000;
	3a2d : 00000000;
	3a2e : 00000000;
	3a2f : 00000000;
	3a30 : 00000000;
	3a31 : 00000000;
	3a32 : 00000000;
	3a33 : 00000000;
	3a34 : 00000000;
	3a35 : 00000000;
	3a36 : 00000000;
	3a37 : 00000000;
	3a38 : 00000000;
	3a39 : 00000000;
	3a3a : 00000000;
	3a3b : 00000000;
	3a3c : 00000000;
	3a3d : 00000000;
	3a3e : 00000000;
	3a3f : 00000000;
	3a40 : 00000000;
	3a41 : 00000000;
	3a42 : 00000000;
	3a43 : 00000000;
	3a44 : 00000000;
	3a45 : 00000000;
	3a46 : 00000000;
	3a47 : 00000000;
	3a48 : 00000000;
	3a49 : 00000000;
	3a4a : 00000000;
	3a4b : 00000000;
	3a4c : 00000000;
	3a4d : 00000000;
	3a4e : 00000000;
	3a4f : 00000000;
	3a50 : 00000000;
	3a51 : 00000000;
	3a52 : 00000000;
	3a53 : 00000000;
	3a54 : 00000000;
	3a55 : 00000000;
	3a56 : 00000000;
	3a57 : 00000000;
	3a58 : 00000000;
	3a59 : 00000000;
	3a5a : 00000000;
	3a5b : 00000000;
	3a5c : 00000000;
	3a5d : 00000000;
	3a5e : 00000000;
	3a5f : 00000000;
	3a60 : 00000000;
	3a61 : 00000000;
	3a62 : 00000000;
	3a63 : 00000000;
	3a64 : 00000000;
	3a65 : 00000000;
	3a66 : 00000000;
	3a67 : 00000000;
	3a68 : 00000000;
	3a69 : 00000000;
	3a6a : 00000000;
	3a6b : 00000000;
	3a6c : 00000000;
	3a6d : 00000000;
	3a6e : 00000000;
	3a6f : 00000000;
	3a70 : 00000000;
	3a71 : 00000000;
	3a72 : 00000000;
	3a73 : 00000000;
	3a74 : 00000000;
	3a75 : 00000000;
	3a76 : 00000000;
	3a77 : 00000000;
	3a78 : 00000000;
	3a79 : 00000000;
	3a7a : 00000000;
	3a7b : 00000000;
	3a7c : 00000000;
	3a7d : 00000000;
	3a7e : 00000000;
	3a7f : 00000000;
	3a80 : 00000000;
	3a81 : 00000000;
	3a82 : 00000000;
	3a83 : 00000000;
	3a84 : 00000000;
	3a85 : 00000000;
	3a86 : 00000000;
	3a87 : 00000000;
	3a88 : 00000000;
	3a89 : 00000000;
	3a8a : 00000000;
	3a8b : 00000000;
	3a8c : 00000000;
	3a8d : 00000000;
	3a8e : 00000000;
	3a8f : 00000000;
	3a90 : 00000000;
	3a91 : 00000000;
	3a92 : 00000000;
	3a93 : 00000000;
	3a94 : 00000000;
	3a95 : 00000000;
	3a96 : 00000000;
	3a97 : 00000000;
	3a98 : 00000000;
	3a99 : 00000000;
	3a9a : 00000000;
	3a9b : 00000000;
	3a9c : 00000000;
	3a9d : 00000000;
	3a9e : 00000000;
	3a9f : 00000000;
	3aa0 : 00000000;
	3aa1 : 00000000;
	3aa2 : 00000000;
	3aa3 : 00000000;
	3aa4 : 00000000;
	3aa5 : 00000000;
	3aa6 : 00000000;
	3aa7 : 00000000;
	3aa8 : 00000000;
	3aa9 : 00000000;
	3aaa : 00000000;
	3aab : 00000000;
	3aac : 00000000;
	3aad : 00000000;
	3aae : 00000000;
	3aaf : 00000000;
	3ab0 : 00000000;
	3ab1 : 00000000;
	3ab2 : 00000000;
	3ab3 : 00000000;
	3ab4 : 00000000;
	3ab5 : 00000000;
	3ab6 : 00000000;
	3ab7 : 00000000;
	3ab8 : 00000000;
	3ab9 : 00000000;
	3aba : 00000000;
	3abb : 00000000;
	3abc : 00000000;
	3abd : 00000000;
	3abe : 00000000;
	3abf : 00000000;
	3ac0 : 00000000;
	3ac1 : 00000000;
	3ac2 : 00000000;
	3ac3 : 00000000;
	3ac4 : 00000000;
	3ac5 : 00000000;
	3ac6 : 00000000;
	3ac7 : 00000000;
	3ac8 : 00000000;
	3ac9 : 00000000;
	3aca : 00000000;
	3acb : 00000000;
	3acc : 00000000;
	3acd : 00000000;
	3ace : 00000000;
	3acf : 00000000;
	3ad0 : 00000000;
	3ad1 : 00000000;
	3ad2 : 00000000;
	3ad3 : 00000000;
	3ad4 : 00000000;
	3ad5 : 00000000;
	3ad6 : 00000000;
	3ad7 : 00000000;
	3ad8 : 00000000;
	3ad9 : 00000000;
	3ada : 00000000;
	3adb : 00000000;
	3adc : 00000000;
	3add : 00000000;
	3ade : 00000000;
	3adf : 00000000;
	3ae0 : 00000000;
	3ae1 : 00000000;
	3ae2 : 00000000;
	3ae3 : 00000000;
	3ae4 : 00000000;
	3ae5 : 00000000;
	3ae6 : 00000000;
	3ae7 : 00000000;
	3ae8 : 00000000;
	3ae9 : 00000000;
	3aea : 00000000;
	3aeb : 00000000;
	3aec : 00000000;
	3aed : 00000000;
	3aee : 00000000;
	3aef : 00000000;
	3af0 : 00000000;
	3af1 : 00000000;
	3af2 : 00000000;
	3af3 : 00000000;
	3af4 : 00000000;
	3af5 : 00000000;
	3af6 : 00000000;
	3af7 : 00000000;
	3af8 : 00000000;
	3af9 : 00000000;
	3afa : 00000000;
	3afb : 00000000;
	3afc : 00000000;
	3afd : 00000000;
	3afe : 00000000;
	3aff : 00000000;
	3b00 : 00000000;
	3b01 : 00000000;
	3b02 : 00000000;
	3b03 : 00000000;
	3b04 : 00000000;
	3b05 : 00000000;
	3b06 : 00000000;
	3b07 : 00000000;
	3b08 : 00000000;
	3b09 : 00000000;
	3b0a : 00000000;
	3b0b : 00000000;
	3b0c : 00000000;
	3b0d : 00000000;
	3b0e : 00000000;
	3b0f : 00000000;
	3b10 : 00000000;
	3b11 : 00000000;
	3b12 : 00000000;
	3b13 : 00000000;
	3b14 : 00000000;
	3b15 : 00000000;
	3b16 : 00000000;
	3b17 : 00000000;
	3b18 : 00000000;
	3b19 : 00000000;
	3b1a : 00000000;
	3b1b : 00000000;
	3b1c : 00000000;
	3b1d : 00000000;
	3b1e : 00000000;
	3b1f : 00000000;
	3b20 : 00000000;
	3b21 : 00000000;
	3b22 : 00000000;
	3b23 : 00000000;
	3b24 : 00000000;
	3b25 : 00000000;
	3b26 : 00000000;
	3b27 : 00000000;
	3b28 : 00000000;
	3b29 : 00000000;
	3b2a : 00000000;
	3b2b : 00000000;
	3b2c : 00000000;
	3b2d : 00000000;
	3b2e : 00000000;
	3b2f : 00000000;
	3b30 : 00000000;
	3b31 : 00000000;
	3b32 : 00000000;
	3b33 : 00000000;
	3b34 : 00000000;
	3b35 : 00000000;
	3b36 : 00000000;
	3b37 : 00000000;
	3b38 : 00000000;
	3b39 : 00000000;
	3b3a : 00000000;
	3b3b : 00000000;
	3b3c : 00000000;
	3b3d : 00000000;
	3b3e : 00000000;
	3b3f : 00000000;
	3b40 : 00000000;
	3b41 : 00000000;
	3b42 : 00000000;
	3b43 : 00000000;
	3b44 : 00000000;
	3b45 : 00000000;
	3b46 : 00000000;
	3b47 : 00000000;
	3b48 : 00000000;
	3b49 : 00000000;
	3b4a : 00000000;
	3b4b : 00000000;
	3b4c : 00000000;
	3b4d : 00000000;
	3b4e : 00000000;
	3b4f : 00000000;
	3b50 : 00000000;
	3b51 : 00000000;
	3b52 : 00000000;
	3b53 : 00000000;
	3b54 : 00000000;
	3b55 : 00000000;
	3b56 : 00000000;
	3b57 : 00000000;
	3b58 : 00000000;
	3b59 : 00000000;
	3b5a : 00000000;
	3b5b : 00000000;
	3b5c : 00000000;
	3b5d : 00000000;
	3b5e : 00000000;
	3b5f : 00000000;
	3b60 : 00000000;
	3b61 : 00000000;
	3b62 : 00000000;
	3b63 : 00000000;
	3b64 : 00000000;
	3b65 : 00000000;
	3b66 : 00000000;
	3b67 : 00000000;
	3b68 : 00000000;
	3b69 : 00000000;
	3b6a : 00000000;
	3b6b : 00000000;
	3b6c : 00000000;
	3b6d : 00000000;
	3b6e : 00000000;
	3b6f : 00000000;
	3b70 : 00000000;
	3b71 : 00000000;
	3b72 : 00000000;
	3b73 : 00000000;
	3b74 : 00000000;
	3b75 : 00000000;
	3b76 : 00000000;
	3b77 : 00000000;
	3b78 : 00000000;
	3b79 : 00000000;
	3b7a : 00000000;
	3b7b : 00000000;
	3b7c : 00000000;
	3b7d : 00000000;
	3b7e : 00000000;
	3b7f : 00000000;
	3b80 : 00000000;
	3b81 : 00000000;
	3b82 : 00000000;
	3b83 : 00000000;
	3b84 : 00000000;
	3b85 : 00000000;
	3b86 : 00000000;
	3b87 : 00000000;
	3b88 : 00000000;
	3b89 : 00000000;
	3b8a : 00000000;
	3b8b : 00000000;
	3b8c : 00000000;
	3b8d : 00000000;
	3b8e : 00000000;
	3b8f : 00000000;
	3b90 : 00000000;
	3b91 : 00000000;
	3b92 : 00000000;
	3b93 : 00000000;
	3b94 : 00000000;
	3b95 : 00000000;
	3b96 : 00000000;
	3b97 : 00000000;
	3b98 : 00000000;
	3b99 : 00000000;
	3b9a : 00000000;
	3b9b : 00000000;
	3b9c : 00000000;
	3b9d : 00000000;
	3b9e : 00000000;
	3b9f : 00000000;
	3ba0 : 00000000;
	3ba1 : 00000000;
	3ba2 : 00000000;
	3ba3 : 00000000;
	3ba4 : 00000000;
	3ba5 : 00000000;
	3ba6 : 00000000;
	3ba7 : 00000000;
	3ba8 : 00000000;
	3ba9 : 00000000;
	3baa : 00000000;
	3bab : 00000000;
	3bac : 00000000;
	3bad : 00000000;
	3bae : 00000000;
	3baf : 00000000;
	3bb0 : 00000000;
	3bb1 : 00000000;
	3bb2 : 00000000;
	3bb3 : 00000000;
	3bb4 : 00000000;
	3bb5 : 00000000;
	3bb6 : 00000000;
	3bb7 : 00000000;
	3bb8 : 00000000;
	3bb9 : 00000000;
	3bba : 00000000;
	3bbb : 00000000;
	3bbc : 00000000;
	3bbd : 00000000;
	3bbe : 00000000;
	3bbf : 00000000;
	3bc0 : 00000000;
	3bc1 : 00000000;
	3bc2 : 00000000;
	3bc3 : 00000000;
	3bc4 : 00000000;
	3bc5 : 00000000;
	3bc6 : 00000000;
	3bc7 : 00000000;
	3bc8 : 00000000;
	3bc9 : 00000000;
	3bca : 00000000;
	3bcb : 00000000;
	3bcc : 00000000;
	3bcd : 00000000;
	3bce : 00000000;
	3bcf : 00000000;
	3bd0 : 00000000;
	3bd1 : 00000000;
	3bd2 : 00000000;
	3bd3 : 00000000;
	3bd4 : 00000000;
	3bd5 : 00000000;
	3bd6 : 00000000;
	3bd7 : 00000000;
	3bd8 : 00000000;
	3bd9 : 00000000;
	3bda : 00000000;
	3bdb : 00000000;
	3bdc : 00000000;
	3bdd : 00000000;
	3bde : 00000000;
	3bdf : 00000000;
	3be0 : 00000000;
	3be1 : 00000000;
	3be2 : 00000000;
	3be3 : 00000000;
	3be4 : 00000000;
	3be5 : 00000000;
	3be6 : 00000000;
	3be7 : 00000000;
	3be8 : 00000000;
	3be9 : 00000000;
	3bea : 00000000;
	3beb : 00000000;
	3bec : 00000000;
	3bed : 00000000;
	3bee : 00000000;
	3bef : 00000000;
	3bf0 : 00000000;
	3bf1 : 00000000;
	3bf2 : 00000000;
	3bf3 : 00000000;
	3bf4 : 00000000;
	3bf5 : 00000000;
	3bf6 : 00000000;
	3bf7 : 00000000;
	3bf8 : 00000000;
	3bf9 : 00000000;
	3bfa : 00000000;
	3bfb : 00000000;
	3bfc : 00000000;
	3bfd : 00000000;
	3bfe : 00000000;
	3bff : 00000000;
	3c00 : 00000000;
	3c01 : 00000000;
	3c02 : 00000000;
	3c03 : 00000000;
	3c04 : 00000000;
	3c05 : 00000000;
	3c06 : 00000000;
	3c07 : 00000000;
	3c08 : 00000000;
	3c09 : 00000000;
	3c0a : 00000000;
	3c0b : 00000000;
	3c0c : 00000000;
	3c0d : 00000000;
	3c0e : 00000000;
	3c0f : 00000000;
	3c10 : 00000000;
	3c11 : 00000000;
	3c12 : 00000000;
	3c13 : 00000000;
	3c14 : 00000000;
	3c15 : 00000000;
	3c16 : 00000000;
	3c17 : 00000000;
	3c18 : 00000000;
	3c19 : 00000000;
	3c1a : 00000000;
	3c1b : 00000000;
	3c1c : 00000000;
	3c1d : 00000000;
	3c1e : 00000000;
	3c1f : 00000000;
	3c20 : 00000000;
	3c21 : 00000000;
	3c22 : 00000000;
	3c23 : 00000000;
	3c24 : 00000000;
	3c25 : 00000000;
	3c26 : 00000000;
	3c27 : 00000000;
	3c28 : 00000000;
	3c29 : 00000000;
	3c2a : 00000000;
	3c2b : 00000000;
	3c2c : 00000000;
	3c2d : 00000000;
	3c2e : 00000000;
	3c2f : 00000000;
	3c30 : 00000000;
	3c31 : 00000000;
	3c32 : 00000000;
	3c33 : 00000000;
	3c34 : 00000000;
	3c35 : 00000000;
	3c36 : 00000000;
	3c37 : 00000000;
	3c38 : 00000000;
	3c39 : 00000000;
	3c3a : 00000000;
	3c3b : 00000000;
	3c3c : 00000000;
	3c3d : 00000000;
	3c3e : 00000000;
	3c3f : 00000000;
	3c40 : 00000000;
	3c41 : 00000000;
	3c42 : 00000000;
	3c43 : 00000000;
	3c44 : 00000000;
	3c45 : 00000000;
	3c46 : 00000000;
	3c47 : 00000000;
	3c48 : 00000000;
	3c49 : 00000000;
	3c4a : 00000000;
	3c4b : 00000000;
	3c4c : 00000000;
	3c4d : 00000000;
	3c4e : 00000000;
	3c4f : 00000000;
	3c50 : 00000000;
	3c51 : 00000000;
	3c52 : 00000000;
	3c53 : 00000000;
	3c54 : 00000000;
	3c55 : 00000000;
	3c56 : 00000000;
	3c57 : 00000000;
	3c58 : 00000000;
	3c59 : 00000000;
	3c5a : 00000000;
	3c5b : 00000000;
	3c5c : 00000000;
	3c5d : 00000000;
	3c5e : 00000000;
	3c5f : 00000000;
	3c60 : 00000000;
	3c61 : 00000000;
	3c62 : 00000000;
	3c63 : 00000000;
	3c64 : 00000000;
	3c65 : 00000000;
	3c66 : 00000000;
	3c67 : 00000000;
	3c68 : 00000000;
	3c69 : 00000000;
	3c6a : 00000000;
	3c6b : 00000000;
	3c6c : 00000000;
	3c6d : 00000000;
	3c6e : 00000000;
	3c6f : 00000000;
	3c70 : 00000000;
	3c71 : 00000000;
	3c72 : 00000000;
	3c73 : 00000000;
	3c74 : 00000000;
	3c75 : 00000000;
	3c76 : 00000000;
	3c77 : 00000000;
	3c78 : 00000000;
	3c79 : 00000000;
	3c7a : 00000000;
	3c7b : 00000000;
	3c7c : 00000000;
	3c7d : 00000000;
	3c7e : 00000000;
	3c7f : 00000000;
	3c80 : 00000000;
	3c81 : 00000000;
	3c82 : 00000000;
	3c83 : 00000000;
	3c84 : 00000000;
	3c85 : 00000000;
	3c86 : 00000000;
	3c87 : 00000000;
	3c88 : 00000000;
	3c89 : 00000000;
	3c8a : 00000000;
	3c8b : 00000000;
	3c8c : 00000000;
	3c8d : 00000000;
	3c8e : 00000000;
	3c8f : 00000000;
	3c90 : 00000000;
	3c91 : 00000000;
	3c92 : 00000000;
	3c93 : 00000000;
	3c94 : 00000000;
	3c95 : 00000000;
	3c96 : 00000000;
	3c97 : 00000000;
	3c98 : 00000000;
	3c99 : 00000000;
	3c9a : 00000000;
	3c9b : 00000000;
	3c9c : 00000000;
	3c9d : 00000000;
	3c9e : 00000000;
	3c9f : 00000000;
	3ca0 : 00000000;
	3ca1 : 00000000;
	3ca2 : 00000000;
	3ca3 : 00000000;
	3ca4 : 00000000;
	3ca5 : 00000000;
	3ca6 : 00000000;
	3ca7 : 00000000;
	3ca8 : 00000000;
	3ca9 : 00000000;
	3caa : 00000000;
END;
