//Mon Mar 30 15:07:15 2026
@0000
00000000
00000000
00000000
00000000
00000000
00006325
5044434D
30353136
666F203A
74657366
7825203A
64202D20
3A617461
0A782520
00000000
5044434D
30303036
52207C20
73697665
3A6E6F69
00000020
00003143
6E6B6E55
206E776F
29782528
00000000
43207C20
69666E6F
25203A67
00000A78
5044434D
30303036
666F203A
74657366
7825203A
64202D20
3A617461
0A782520
00000000
746E6554
3A617669
44434D20
35313650
65722030
20746573
6F727265
000D0A72
746E6554
3A617669
44434D20
30303650
65722030
20746573
6F727265
000D0A72
31504454
52203234
73696765
20726574
706D7564
0000000A
61307830
25203A20
00000A78
30317830
25203A20
00000A78
31317830
25203A20
00000A78
32317830
25203A20
00000A78
33317830
25203A20
00000A78
746E6554
20617669
74697277
44492065
0000000A
34315044
2E2E5852
0000002E
31325044
2E2E5852
0000002E
41505044
58525353
002E2E2E
34315044
2E2E5854
0000002E
31325044
2E2E5854
0000002E
54504445
2E2E2E58
00000000
494D4448
58543132
002E2E2E
494D4448
58523132
002E2E2E
20434D46
2E766552
62204320
6472616F
002E2E2E
20434D46
2E766552
62204420
6472616F
002E2E2E
20434D46
2E766552
62204520
6472616F
002E2E2E
6E6B6E55
206E776F
6974706F
00006E6F
000A6B6F
746E6554
20617669
20434D46
72616F62
00203A64
2E766552
000A4320
2E766552
000A4420
2E766552
000A4520
6E6B6E55
0A6E776F
00000000
20746F6E
6E756F66
000A2164
746E6554
20617669
74737953
43206D65
72746E6F
656C6C6F
65762072
6F697372
6425206E
0A64252E
00000000
746E6554
20617669
746F6C73
3A642520
00000020
34315044
000A5854
31325044
000A5854
34315044
000A5852
31325044
000A5852
41505044
58525353
0000000A
494D4448
58543132
0000000A
494D4448
58523132
0000000A
54504445
00000A58
6E6B6E75
0A6E776F
00000000
74706D65
00000A79
746E6554
3A617669
636F4C20
6974206B
756F656D
00000A74
50202D2D
72205948
72656665
65636E65
6F6C6320
63206B63
69666E6F
72652067
20726F72
00202D2D
56202D2D
6F656469
66657220
6E657265
63206563
6B636F6C
6E6F6320
20676966
6F727265
2D2D2072
00000020
4D202D2D
36504443
20303531
666E6F63
65206769
726F7272
202D2D20
00000000
4D202D2D
36504443
20303030
666E6F63
65206769
726F7272
202D2D20
00000000
54202D2D
3153444D
20343032
666E6F63
65206769
726F7272
202D2D20
00000000
55202D2D
6F6E6B6E
48502077
61632059
2D206472
0000202D
54202D2D
34315044
6F632032
6769666E
72726520
2D20726F
0000202D
54202D2D
30325044
63203430
69666E6F
72652067
20726F72
00202D2D
54202D2D
32315044
63203430
69666E6F
72652067
20726F72
00202D2D
746E6554
3A617669
736E7520
6F707075
64657472
59485020
66657220
6E657265
63206563
6B636F6C
0000000A
00002F98
00002FE4
000030E0
000030E0
000030E0
000030E0
000030E0
000030E0
000030E0
000030E0
000030E0
000030E0
00003098
000030E0
000030E0
00003008
000030E0
000030E0
000030E0
000030E0
000030E0
000030E0
000030E0
000030E0
000030E0
000030E0
000030E0
000030E0
000030E0
000030E0
00003074
000030E0
000030E0
000030E0
000030E0
000030E0
000030E0
000030E0
000030E0
000030E0
000030E0
000030E0
000030E0
000030E0
000030E0
000030E0
000030E0
000030E0
000030E0
000030E0
000030E0
0000302C
00003050
00003440
00003450
00003490
00003490
00003490
00003490
00003490
00003490
00003490
00003490
00003490
00003490
00003480
00003490
00003490
00003460
00003490
00003490
00003490
00003490
00003490
00003490
00003490
00003490
00003490
00003490
00003490
00003490
00003490
00003490
00003470
00003490
00003490
00003490
00003490
00003490
00003490
00003490
00003490
00003490
00003490
00003490
00003490
00003490
00003490
00003490
00003490
00003490
00003490
00003490
00003490
00003420
00003430
00003FF0
00003C84
00003CD4
00003D20
00003D70
00003DC0
00003E10
00003E60
00003EB0
00003FF0
00003F00
00003F54
00003FA0
00004DB4
00004DBC
00004DC4
00004DCC
00004DD4
00004DDC
00004DE4
00004DEC
00004DF4
00004E04
00004DFC
00004E0C
00005CB0
00005CD0
00005CDC
00005CB8
00005CB8
00005CF8
00005CB8
00005CB8
00005CB8
00005CB8
00005CB8
00005CB8
00005CB8
00005CB8
00005CB8
00005CB8
00005D68
00005D7C
00005D94
00005CB8
00005CB8
00005CB8
00005CB8
00005CB8
00005CB8
00005CB8
00005CB8
00005CB8
00005CB8
00005CB8
00005CB8
00005CB8
00005CB8
00005CB8
00005CB8
00005DC4
00005CB8
00005DAC
00005CB8
00005CB8
00005CB8
00005CB8
00005CB8
00005CB8
00005CB8
00005CB8
00005CB8
00005CB8
00005CB8
00005DEC
00005E2C
00005CB8
00005CB8
00005CB8
00005CB8
00005CB8
00005CB8
00005CB8
00005CB8
00005CB8
00005CB8
00005CB8
00005CB8
00005CB8
00005E64
00005E9C
00005CB8
00005CB8
00005EBC
00005ED4
00005CB8
00005CB8
00005CB8
00005CB8
00005CB8
00005CB8
00005CB8
00005CB8
00005CB8
00005CB8
00005CB8
00005CB8
00005CB8
00005CB8
00005CB8
00005CB8
00005CB8
00005CB8
00005CB8
00005CB8
00005CB8
00005CB8
00005CB8
00005CB8
00005CB8
00005CB8
00005CB8
00005CB8
00005EF0
00005F2C
00005CB8
00005CB8
00005FC8
00005CB8
00005CB8
00005CB8
00005CB8
00005CB8
00005CB8
00005CB8
00005CB8
00005CB8
000060E0
00006164
000061B8
00006214
00005CB8
00005CB8
00005CB8
00005CB8
00005CB8
00005CB8
00005CB8
00005CB8
00005CB8
00005CB8
00005CB8
00005CB8
00005CB8
00005CB8
00006230
58545044
0000203A
20445048
67756C70
0000000A
20445048
736C7570
00000A65
20445048
6C706E75
000A6775
58525044
0000203A
3A776809
2E642520
7C206425
00000020
203A7773
252E6425
00000A64
74736D09
7825203A
0000000A
6F697009
7825203A
0000000A
64706809
6425203A
0000000A
6B6E6C09
3A70755F
20642520
0000207C
5F6B6E6C
5F746361
656E616C
25203A73
207C2064
00000000
5F6B6E6C
5F746361
65746172
6425203A
0000000A
64697609
3A70755F
0A642520
00000000
69617254
676E696E
00000020
73736170
000A6465
6C696166
000A6465
74615209
00203A65
32362E31
70624720
00000073
20372E32
73706247
00000000
20342E35
73706247
00000000
20312E38
73706247
00000000
6E6B6E75
006E776F
4C207C20
73656E61
6425203A
0000000A
6C6F5609
65676174
69777320
6C20676E
6C657665
6425203A
00000000
50207C20
652D6572
6168706D
20736973
6576656C
25203A6C
00000A64
6B6E694C
0A707520
00000000
6B6E694C
776F6420
207C206E
00000000
20594850
6F727265
00000A72
6B6E694C
206F6E20
636F6C63
00000A6B
20524443
73736F6C
20666F20
6B636F6C
0000000A
61726353
656C626D
6F6C2072
6F207373
6F6C2066
000A6B63
69617254
676E696E
72726520
000A726F
65646956
7265206F
0A726F72
00000000
0A647068
00000000
656C6449
0000000A
656D6954
74756F20
76652820
65206C61
72697078
0A296465
00000000
65646956
7473206F
6D616572
20642520
00000000
000A7075
6E776F64
00207C20
63206F4E
6B636F6C
0000000A
65646976
6577206F
6420746E
0A6E776F
00000000
656C6469
0000000A
58525044
534D203A
00000A41
69764D09
203A2064
00006425
4E207C20
20646976
6425203A
0000000A
6F744809
206C6174
6425203A
00000000
48207C20
72617473
203A2074
00006425
48207C20
74646977
3A202068
00642520
48207C20
3A207773
0A642520
00000000
6F745609
206C6174
6425203A
00000000
56207C20
72617473
203A2074
00006425
56207C20
67696568
3A207468
00642520
56207C20
3A207773
0A642520
00000000
43504209
25203A20
00000064
43207C20
726F6C6F
63617073
203A2065
00000000
0A424752
00000000
43624359
34342072
00000A34
43624359
32342072
00000A32
43624359
32342072
00000A30
58525044
5044203A
7C204443
00000020
74697257
00000065
64616552
00000020
41207C20
65726464
203A7373
00007825
4C207C20
74676E65
25203A68
00000064
44207C20
3A617461
00000020
00207825
75626564
25203A67
00000A78
6D6F430A
646E616D
00000A73
2D2D2D2D
2D2D2D2D
0000000A
445F5F0A
5F585450
00000A5F
202D2071
676E6950
0000000A
202D2065
74617453
000A7375
202D2072
64616552
49444520
00000A44
202D2075
64616552
43504420
00000A44
202D2069
74697257
50442065
000A4443
445F5F0A
5F585250
00000A5F
202D2061
676E6950
0000000A
202D2064
74617453
000A7375
202D2066
0A445048
00000000
565F5F0A
5F5F4254
0000000A
202D206C
74617453
000A7375
4F5F5F0A
61726570
6E6F6974
000A5F5F
202D207A
6F6C6F43
72616272
0000000A
202D2078
73736150
7268542D
6867756F
0000000A
202D2063
20746553
65205852
0A646964
00000000
46494609
00000A4F
6F6C0909
203A6B63
000A6425
616D0909
6F772078
3A736472
0A642520
00000000
696D0909
6F77206E
3A736472
0A642520
00000000
6F6C4309
72206B63
766F6365
0A797265
00000000
72650909
3A726F72
00000020
0000002D
616D0909
72652078
3A726F72
00000020
696D0909
7265206E
3A726F72
00000020
75730909
00203A6D
6F630909
0000203A
65724609
6E657571
000A7963
58540909
6E696C20
6C63206B
206B636F
71657266
636E6575
25203A79
00000A64
58520909
6E696C20
6C63206B
206B636F
71657266
636E6575
25203A79
00000A64
69760909
206F6564
636F6C63
7266206B
65757165
3A79636E
0A642520
00000000
6174530A
63207472
726F6C6F
0A726162
00000000
44206F4E
69732050
64206B6E
63697665
73692065
6E6F6320
7463656E
000A6465
20746553
65646976
6C63206F
206B636F
71657266
636E6575
25203A79
486B2064
00000A7A
3A425456
61745320
74207472
20747365
74746170
0A6E7265
00000000
58545044
6553203A
534D2074
74732041
6D616572
0A642520
00000000
58545044
7453203A
20747261
65646976
7473206F
6D616572
2E642520
00202E2E
656C6553
76207463
6F656469
73657220
74756C6F
3A6E6F69
0000000A
2D203120
38323120
20782030
70303237
000A3035
2D203220
38323120
20782030
70303237
000A3036
2D203320
32393120
20782030
30383031
0A303570
00000000
2D203420
32393120
20782030
30383031
0A303670
00000000
2D203520
36353220
20782030
30343431
0A303570
00000000
2D203620
36353220
20782030
30343431
0A303670
00000000
2D203720
34383320
20782030
30363132
0A303570
00000000
2D203820
34383320
20782030
30363132
0A303670
00000000
2D203920
32313520
20782030
30383832
0A303670
00000000
2D206120
38363720
20782030
30323334
0A303370
00000000
656C6553
63207463
726F6C6F
70656420
0A3A6874
00000000
2D203120
62203820
000A6370
2D203220
20303120
0A637062
00000000
58545044
6F43203A
20726F6C
74706564
25203A68
00000A64
58545044
6553203A
534D2074
00000A41
58545044
7453203A
20747261
65646976
2E2E2E6F
00000000
44206F4E
69732050
64206B6E
63697665
73692065
6E6F6320
7463656E
0A2E6465
00000000
58545044
6E696C20
7369206B
746F6E20
2E707520
0000000A
58525044
6E696C20
7369206B
746F6E20
2E707520
0000000A
73736150
7268742D
6867756F
746F6E20
70757320
74726F70
69206465
534D206E
000A2E54
6174530A
70207472
2D737361
6F726874
0A686775
00000000
3A425456
64697620
70206F65
65736572
6F6E2074
75732074
726F7070
0A646574
00000000
3A425456
61747320
63207472
6B636F6C
63657220
7265766F
00000A79
58545044
7453203A
7620706F
6F656469
202E2E2E
00000000
58545044
7453203A
20747261
65646976
2E2E2E6F
00000020
3A425456
4F434420
69727720
65206574
726F7272
0000000A
656C6553
52207463
44452058
76204449
6F656469
73657220
74756C6F
3A6E6F69
0000000A
2D203120
38323120
20782030
70303237
35204020
0A7A4830
00000000
2D203220
32393120
20782030
30383031
20402070
7A483035
0000000A
2D203320
36353220
20782030
30343431
20402070
7A483035
0000000A
2D203420
34383320
20782030
30363132
20402070
7A483035
0000000A
2D203020
6C6C4120
0000000A
58525044
7257203A
20657469
44494445
002E2E2E
67676F54
4820656C
000A4450
5450440A
52203A58
20646165
64696465
6441202E
73657264
64253D73
654C202C
6874676E
2064253D
202E2E2E
00000000
61746144
00000A3A
5450440A
44203A58
20444350
6552207C
00006461
4341090A
207C204B
61746144
0000003A
20782520
00000000
414E090A
000A4B43
5450440A
44203A58
20444350
7257207C
00657469
4341090A
00000A4B
00000A0A
20202020
20205F5F
20202020
5F5F2020
5F202020
2020205F
205F5F5F
205F5F5F
205F5F5F
205F5F20
00000A20
7C202020
20295F5F
205C2F20
5F5F7C20
5F7C2029
7C20295F
20205F5F
20207C20
20207C20
5C20202F
00000A20
7C202020
20202020
5C7E7E2F
20207C20
207C205C
7C205C20
205F5F5F
20207C20
20207C20
2F5F5F5C
00000A20
70736944
5079616C
2074726F
65666572
636E6572
65642065
6E676973
2E317620
00000A30
20296328
31323032
32202D20
20363230
50207962
65727261
206F7474
2E562E42
0000000A
2E777777
72726170
6F747465
6D6F632E
0000000A
2072614D
32203033
00363230
65746144
2527203A
000A2773
303A3531
35313A37
00000000
656D6954
2527203A
000A2773
72616F42
4C203A64
69747461
4C206563
4E504346
00000A58
65786950
7020736C
63207265
6B636F6C
6425203A
0000000A
73746942
72657020
6D6F6320
656E6F70
203A746E
000A6425
746E6554
20617669
666E6F63
2E2E6769
0000202E
74696E49
696C6169
4420657A
20585450
2E4D4F52
00002E2E
656E6F64
0000000A
74696E49
696C6169
4420657A
20585450
2E4D4152
00002E2E
74696E49
696C6169
4420657A
20585250
2E4D4F52
00002E2E
74696E49
696C6169
4420657A
20585250
2E4D4152
00002E2E
5450440A
50203A58
2E676E69
00002E2E
58545044
6F43203A
6769666E
002E2E2E
5250440A
50203A58
2E676E69
00002E2E
58525044
6F43203A
6769666E
002E2E2E
58525044
5048203A
2E2E2E44
00000000
58545044
6950203A
2E2E676E
0000002E
58545044
7453203A
73757461
0000000A
5450440A
4D203A58
73205453
0A706F74
00000000
5450440A
4D203A58
73205453
74726174
0000000A
58545044
534D203A
6B6F2054
0000000A
58545044
534D203A
6F6C2054
20636967
20746F6E
62616E65
0A64656C
00000000
58545044
534D203A
6F6E2054
75732074
726F7070
20646574
73207962
0A6B6E69
00000000
58545044
534D203A
72652054
0A726F72
00000000
58525044
6950203A
2E2E676E
0000002E
58525044
7453203A
73757461
0000000A
58525044
5048203A
00000A44
2D203120
706E7520
0A67756C
00000000
2D203220
756C7020
00000A67
2D203320
6C757020
000A6573
58525044
6B6F203A
0000000A
58525044
7265203A
0A726F72
00000000
3A425456
61745320
0A737574
00000000
6C6F430A
6162726F
00000A72
7361500A
68542D73
67756F72
00000A68
6E6B6E55
206E776F
6D6D6F63
0A646E61
00000000
34333231
38373635
00000000
00006B78
00006AA0
00006AB8
00006AD0
00006AE8
00006B00
00006B30
00006B18
00006B48
00006B60
00007B70
00007B60
00007B68
00007B28
00007ABC
00007AC4
00007B18
00007B20
00007B28
00007B28
00007B28
00007B28
00007B28
00007B28
00007B28
00007B28
00007B28
00007B28
00007B28
00007B28
00007B28
00007B28
00007B28
00007B28
00007B28
00007B28
00007B28
00007B28
00007B28
00007B28
00007B28
00007B28
00007B28
00007B28
00007B28
00007B28
00007B28
00007B28
00007B28
00007B28
00007B28
00007B28
00007B28
00007B28
00007B28
00007B28
00007B28
00007B28
00007B38
00008C6C
00008D78
00008D6C
00008CA4
00008B54
00008CBC
00008D78
00008D78
00008C64
00008D78
00008D78
00008D38
00008D78
00008D78
00008D78
00008D78
00008B1C
00008B9C
00008D78
00008BA4
00008C5C
00008D78
00008D78
00008D5C
00008D78
00008D48
3A594850
4D4D4C20
65722049
74206461
6F656D69
000A7475
000090F8
000090F8
000090D8
00009100
000090E0
000090E8
000090F0
0000947C
0000947C
00009430
00009490
00009440
00009454
00009468
00009490
3B9ACA00
05F5E100
00989680
000F4240
000186A0
00002710
000003E8
00000064
0000000A
00000001
3B9ACA00
05F5E100
00989680
000F4240
000186A0
00002710
000003E8
00000064
0000000A
00000001
FFFFFF00
00FFFFFF
4D475442
12345678
04011808
781E35A5
AEF51D3A
25B3354F
0054500D
C0D10000
01010101
01010101
01010101
E8080101
70F23000
58B0805A
0000008A
1E000000
78007404
503CA0A5
488A50B8
00000000
1D011E00
D052BC00
28B8201E
00004055
1E000000
FC000000
72615000
74746572
5044206F
CF01200A
410C0302
04040923
00000183
18803A02
402D3871
00452C58
00215458
00001E00
00000000
00000000
00000000
00000000
00000000
00000000
00000000
00000000
00000000
00000000
00000000
00000000
00000000
00000000
00000000
00000000
00000000
00000000
00000000
00000000
00000000
00000000
00000000
58000000
00000000
00000000
00000000
00000000
00000000
00000000
00000000
00000000
00000000
00000000
00000000
00000000
00000000
00000000
00000000
00000000
00000000
00000000
00000000
00000000
00000000
00000000
00000000
00000000
00000000
00000000
00000000
00000000
00000000
00000000
00000000
00000000
00000000
00000000
00000000
00000000
00000000
00000000
00000000
00000000
00000000
00000000
00000000
00000000
00000000
00000000
00000000
00000000
00000000
00000000
00000000
00000000
00000000
00000000
00000000
00000000
00000000
00000000
00000000
00000000
00000000
00000000
00000000
00000000
00000000
00000000
00000000
00000000
00000000
00000000
00000000
00000000
00000000
00000000
00000000
00000000
00000000
00000000
00000000
00001B24
00001A50
00001A88
00001B08
00001A10
00001880
00001880
00001880
00001880
00001880
00001880
00001880
00001880
00001880
00001880
00001880
00001B20
00000000
00000000
00000000
00000000
00000000
00000000
00000000
00000000
00000000
00000000
00000000
00000000
00000000
00000000
00000000
00000000
00000000
00000000
00000000
00000000
00000000
00000000
00000000
00000000
00000000
00000000
00000000
00000000
00000000
00000000
00000000
00000000
00000000
00000000
00000000
00000000
00000000
00000000
00000000
00000000
00000000
00000000
00000000
00000000
00000000
00000000
00000000
00000000
00000000
00000000
00000000
00000000
00000000
00000000
00000000
00000000
00000000
00000000
00000000
00000000
00000000
00000000
00000000
00000000
00000000
00000000
00000000
00000000
00000000
00000000
00000000
00000000
00000000
00000000
00000000
00000000
00000000
00000000
00000000
00000000
00000000
00000000
00000000
00000000
00000000
00000000
00000000
00000000
00000000
00000000
00000000
00000000
0000137C
000013A4
00001404
00001438
00001458
00001474
00001490
000014AC
000014C8
00001330
00001330
00001330
00001330
00001330
00001330
00001330
00001330
000014E4
000018E8
0000195C
0000196C
0000197C
0000198C
0000199C
000019AC
000019BC
000019CC
000019DC
000019EC
000019FC
00001950
00001950
00001A0C
00001950
00001B60
00001ADC
000018D8
00001AEC
00001B18
00001B20
00001950
00001B38
00001B38
00001A2C
00001A3C
00001A4C
00001A5C
00001A6C
00001A7C
00001A8C
00001A9C
00001AAC
00001950
00001950
00001950
00001950
00001950
00001950
00001950
00001950
00001ABC
000018E8
0000195C
0000196C
0000197C
0000198C
0000199C
000019AC
000019BC
000019CC
000019DC
000019EC
000019FC
00001950
00001950
00001A0C
00001950
00001950
00001950
00001950
00001950
00001950
00001950
00001950
00001950
00001950
00001950
00001950
00001950
00001950
00001950
00001950
00001950
00001950
00001A1C
00002388
00002358
00002420
000025EC
000023E0
000025EC
000025EC
000025EC
000025EC
000025EC
000025EC
000025EC
000025EC
000024A8
00002490
000024B8
00002EB8
00002ECC
00002EE0
00002EF8
00002F0C
00002F20
00003630
000035E0
000035F8
000035F8
00003618
00003630
000035F8
000035F8
000035F8
00003630
00003640
000035F8
000035F8
00003630
00003630
00003630
00003658
00030201
00040000
00020301
00000000
00000000
00000000
00000000
00000000
00000000
00000000
00000000
00000000
00000000
00000000
00000000
00000000
00000000
00000000
00000000
00000000
00000000
00000000
00000000
00000000
00000000
00000000
00000000
00000000
00000000
00000000
00000000
00000000
00000000
00000000
00000000
00000000
00000000
00000000
00000000
00000000
00000000
00000000
00000000
00000000
00000000
00000000
00000000
00000000
00000000
00000000
00000000
00000000
00000000
00000000
00000000
00000000
00000000
00000000
00000000
00000000
00000000
00000000
00000000
00000000
00000000
00000000
00000000
00000000
00000000
00000000
00000000
00000000
00000000
00000000
00000000
00000000
00000000
00000000
00000000
00000000
00000000
00000000
00000000
00000000
00000000
00000000
00000000
00000000
00000000
00000000
00000000
00000000
00000000
00000000
00000000
00000000
00000000
00000000
00000000
00000000
00000000
00000000
00000000
00000000
00000000
00000000
00000000
00000000
00000000
00000000
00000000
00000000
00000000
00000000
00000000
00000000
00000000
00000000
00000000
00000000
00000000
00000000
00000000
00000000
00000000
00000000
00000000
00000000
00000000
00000000
00000000
00000000
00000000
00000000
00000000
00000000
00000000
00000000
00000000
00000000
00000000
00000000
00000000
00000000
00000000
00000000
00000000
00000000
00000000
00000000
00000000
00000000
00000000
00000000
00000000
00000000
00000000
00000000
00000000
00000000
00000000
00000000
00000000
00000000
00000000
00000000
00000000
00000000
00000000
00000000
00000000
00000000
00000000
00000000
00000000
00000000
00000000
00000000
00000000
00000000
00000000
00000000
00000000
00000000
00000000
00000000
00000000
00000000
00000000
00000000
00000000
00000000
00000000
00000000
00000000
00000000
00000000
00000000
00000000
00000000
00000000
00000000
00000000
00000000
00000000
00000000
00000000
00000000
00000000
00000000
00000000
00000000
00000000
00000000
00000000
00000000
00000000
00000000
00000000
00000000
00000000
00000000
00000000
00000000
00000000
00000000
00000000
00000000
00000000
00000000
00000000
00000000
00000000
00000000
00000000
00000000
00000000
00000000
00000000
00000000
00000000
00000000
00000000
00000000
00000000
00000000
00000000
00000000
00000000
00000000
00000000
00000000
00000000
00000000
00000000
00000000
00000000
00000000
00000000
00000000
00000000
00000000
00000000
00000000
00000000
00000000
00000000
00000000
00000000
00000000
00000000
00000000
00000000
00000000
00000000
00000000
00000000
00000000
00000000
00000000
00000000
00000000
00000000
00000000
00000000
00000000
00000000
00000000
00000000
00000000
00000000
00000000
00000000
00000000
00000000
00000000
00000000
00000000
00000000
00000000
00000000
00000000
00000000
00000000
00000000
00000000
00000000
00000000
00000000
00000000
00000000
00000000
00000000
00000000
00000000
00000000
00000000
00000000
00000000
00000000
00000000
00000000
00000000
00000000
00000000
00000000
00000000
00000000
00000000
00000000
00000000
00000000
00000000
00000000
00000000
00000000
00000000
00000000
00000000
00000000
00000000
00000000
00000000
00000000
00000000
00000000
00000000
00000000
00000000
00000000
00000000
00000000
00000000
00000000
00000000
00000000
00000000
00000000
00000000
00000000
00000000
00000000
00000000
00000000
00000000
00000033
00000001
00000010
00000002
0000004A
00000003
00000020
00000004
00000032
00000005
00000002
00000006
00000000
00000007
00000000
00000008
00000004
00000009
00000000
0000000A
00000030
0000000B
00000000
0000000C
00000000
0000000D
00000000
0000000E
00000000
0000000F
00000000
00000010
00000000
00000011
00000000
00000012
00000019
00000013
0000009A
00000014
00000000
00000015
00000000
00000016
00000000
00000017
00000000
00000018
00000000
00000019
00000000
0000001A
00000000
0000001B
000000F0
0000001C
00000000
0000001D
00000000
0000001E
00000000
0000001F
00000000
00000020
00000000
00000021
00000000
00000022
00000000
00000023
00000000
00000024
00000000
00000025
00000000
00000026
00000000
00000027
00000000
00000028
00000000
00000029
00000000
0000002A
00000000
0000002B
00000000
0000002C
00000000
0000002D
00000000
0000002E
00000000
0000002F
00000000
00000030
00000003
00000031
00000001
00000032
00000000
00000033
00000000
00000034
00000001
00000035
00000000
00000036
00000000
00000037
00000000
00000038
00000000
00000039
00000000
0000003A
00000000
0000003B
00000000
0000003C
00000000
0000003D
00000000
0000003E
00000000
0000003F
00000000
00000040
00000003
00000041
00000001
00000042
00000000
00000043
00000000
00000044
00000001
00000045
00000000
00000046
00000000
00000047
00000000
00000048
00000000
00000049
00000000
0000004A
00000000
0000004B
00000000
0000004C
00000000
0000004D
00000000
0000004E
00000000
0000004F
00000000
00000050
00000003
00000051
00000001
00000052
00000000
00000053
00000000
00000054
00000001
00000055
00000000
00000056
00000000
00000057
00000000
00000058
00000000
00000059
00000000
0000005A
00000000
0000005B
00000000
0000005C
00000000
0000005D
00000000
0000005E
00000000
0000005F
00000000
00000060
00000001
00000061
00000001
00000062
00000000
00000063
00000000
00000064
00000000
00000065
00000000
00000066
00000010
00000067
00000000
00000068
00000000
00000069
00000000
0000006A
00000000
0000006B
00000000
0000006C
00000000
0000006D
00000000
0000006E
00000000
0000006F
00000000
00000070
00000000
00000071
00000000
00000072
00000000
00000073
00000000
00000074
00000000
00000075
00000000
00000076
00000000
00000077
00000000
00000078
00000000
00000079
00000000
0000007A
00000000
0000007B
00000000
0000007C
00000000
0000007D
00000000
0000007E
00000000
0000007F
00000000
00000080
00000001
00000081
00000001
00000082
00000000
00000083
00000000
00000084
00000000
00000085
00000000
00000086
00000010
00000087
00000000
00000088
00000000
00000089
00000000
0000008A
00000000
0000008B
00000000
0000008C
00000000
0000008D
00000000
0000008E
00000000
0000008F
00000000
00000090
00000000
00000091
00000000
00000092
00000000
00000093
00000000
00000094
00000000
00000095
00000000
00000096
00000000
00000097
00000000
00000098
00000000
00000099
00000000
0000009A
00000000
0000009B
00000000
0000009C
00000000
0000009D
00000000
0000009E
00000000
0000009F
00000000
000000A0
00000082
000000A1
00000083
000000A2
00000036
000000A3
00000000
000000A4
00000000
000000A5
00000038
000000A6
00000042
000000A7
0000005B
000000A8
00000010
000000A9
00000011
000000AA
00000000
000000AB
00000000
000000AC
000000FF
000000AD
000000FF
000000AE
000000FF
000000AF
0000001F
000000B0
00000000
000000B1
00000000
000000B2
00000000
000000B3
00000000
000000B4
00000000
000000B5
00000000
000000B6
00000000
000000B7
00000000
000000B8
00000000
000000B9
00000000
000000BA
00000080
000000BB
00000000
000000BC
00000000
000000BD
00000000
000000BE
00000000
000000BF
00000000
000000C0
00000090
000000C1
00000001
000000C2
00000000
000000C3
00000000
000000C4
00000000
000000C5
00000000
000000C6
00000000
000000C7
00000000
000000C8
00000000
000000C9
00000000
000000CA
00000000
000000CB
00000000
000000CC
00000055
000000CD
00000001
000000CE
000000FF
000000CF
00000000
000000D0
0000001F
000000D1
00000000
000000D2
00000000
000000D3
00000000
000000D4
00000000
000000D5
00000000
000000D6
00000000
000000D7
00000000
000000D8
00000000
000000D9
00000000
000000DA
00000000
000000DB
00000000
000000DC
00000001
000000DD
00000000
000000DE
00000000
000000DF
00000000
000000E0
0000004A
000000E1
0000001E
000000E2
00000000
000000E3
00000000
000000E4
00000020
000000E5
00000000
000000E6
00000000
000000E7
00000000
000000E8
00000000
000000E9
00000000
000000EA
00000004
000000EB
00000000
000000EC
00000000
000000ED
00000000
000000EE
00000000
000000EF
00000000
000000F0
0000000B
000000F1
00000001
000000F2
00000000
000000F3
00000000
000000F4
00000044
000000F5
00000000
000000F6
00000000
000000F7
00000000
000000F8
0000000D
000000F9
0000004D
000000FA
00000001
000000FB
00000000
000000FC
00000000
000000FD
00000000
000000FE
00000000
000000FF
00000000
00000100
00000069
00000101
00000000
00000102
0000000B
00000103
000000A7
00000104
000000B4
00000105
00000003
00000106
00000000
00000107
00000000
00000108
0000002C
00000109
00000080
0000010A
00000008
0000010B
00000066
0000010C
000000B4
0000010D
00000003
0000010E
00000000
0000010F
00000000
00000110
0000002C
00000111
00000080
00000112
00000008
00000113
00000066
00000114
000000B4
00000115
00000003
00000116
00000000
00000117
00000000
00000118
00000069
00000119
00000000
0000011A
0000000B
0000011B
0000006C
0000011C
000000B4
0000011D
00000003
0000011E
00000000
0000011F
00000000
00000120
00000000
00000121
00000000
00000122
00000070
00000123
00000000
00000124
00000000
00000125
00000000
00000126
00000070
00000127
00000000
00000128
00000000
00000129
00000000
0000012A
00000000
0000012B
00000000
0000012C
00000000
0000012D
00000000
0000012E
00000000
0000012F
00000000
00000130
00000010
00000131
0000002F
00000132
00000000
00000133
00000002
00000134
00000000
00000135
00000002
00000136
00000000
00000137
00000000
00000138
00000000
00000139
00000000
0000013A
00000000
0000013B
00000000
0000013C
00000000
0000013D
00000000
0000013E
00000000
0000013F
00000000
00000140
00000021
00000141
00000006
00000142
00000044
00000143
00000009
00000144
00000005
00000145
00000000
00000146
00000000
00000147
00000000
00000148
00000000
00000149
00000000
0000014A
00000000
0000014B
00000000
0000014C
00000000
0000014D
00000000
0000014E
00000000
0000014F
00000000
00000150
0000008F
00000151
0000002F
00000152
00000003
00000153
00000002
00000154
000000BC
00000155
00000000
00000156
00000023
00000157
0000000D
00000158
00000044
00000159
0000003E
0000015A
00000064
0000015B
00000027
0000015C
00000006
0000015D
0000001F
0000015E
00000045
0000015F
0000000F
00000160
00000004
00000161
00000000
00000162
00000000
00000163
0000007A
00000164
00000080
00000165
00000001
00000166
00000088
00000167
00000000
00000168
00000000
00000169
00000000
0000016A
00000000
0000016B
00000025
0000016C
00000001
0000016D
00000000
0000016E
00000001
0000016F
00000009
00000170
00000000
00000171
00000000
00000172
00000000
00000173
00000000
00000174
00000000
00000175
00000000
00000176
00000000
00000177
00000000
00000178
00000000
00000179
00000000
0000017A
00000000
0000017B
00000000
0000017C
00000000
0000017D
00000000
0000017E
00000000
0000017F
00000000
00000180
00000000
00000181
00000000
00000182
00000000
00000183
00000000
00000184
00000000
00000185
00000000
00000186
00000000
00000187
00000000
00000188
00000000
00000189
00000000
0000018A
00000000
0000018B
00000000
0000018C
00000000
0000018D
00000000
0000018E
00000000
0000018F
00000000
00000190
00000000
00000191
00000000
00000192
00000000
00000193
00000000
00000194
00000000
00000195
00000000
00000196
00000000
00000197
00000000
00000198
00000000
00000199
00000000
0000019A
00000000
0000019B
00000000
0000019C
00000000
0000019D
00000000
0000019E
00000000
0000019F
00000000
000001A0
0000002C
000001A1
0000003B
000001A2
00000000
000001A3
00000077
000001A4
00000070
000001A5
00000080
000001A6
00000001
000001A7
00000000
000001A8
00000000
000001A9
00000008
000001AA
00000000
000001AB
00000000
000001AC
00000000
000001AD
00000000
000001AE
00000000
000001AF
00000000
000001B0
00000000
000001B1
00000000
000001B2
00000000
000001B3
00000000
000001B4
000000F0
000001B5
00000000
000001B6
000000D0
000001B7
00000003
000001B8
00000000
000001B9
00000000
000001BA
00000000
000001BB
00000000
000001BC
000000BA
000001BD
00000000
000001BE
00000000
000001BF
00000000
000001C0
0000001A
000001C1
000000A6
000001C2
0000000F
000001C3
00000047
000001C4
00000024
000001C5
00000000
000001C6
00000024
000001C7
00000000
000001C8
00000000
000001C9
00000011
000001CA
00000020
000001CB
00000012
000001CC
0000000B
000001CD
00000010
000001CE
00000002
000001CF
00000030
000001D0
00000000
000001D1
00000000
000001D2
00000000
000001D3
00000000
000001D4
00000000
000001D5
00000000
000001D6
00000000
000001D7
00000000
000001D8
00000000
000001D9
00000000
000001DA
00000000
000001DB
00000000
000001DC
00000000
000001DD
00000000
000001DE
00000000
000001DF
00000000
00000000
00000033
00000001
00000010
00000002
0000004A
00000003
00000020
00000004
00000032
00000005
00000002
00000006
00000000
00000007
00000000
00000008
00000004
00000009
00000000
0000000A
00000030
0000000B
00000000
0000000C
00000000
0000000D
00000000
0000000E
00000000
0000000F
00000000
00000010
00000000
00000011
00000000
00000012
00000019
00000013
0000009A
00000014
00000000
00000015
00000000
00000016
00000000
00000017
00000000
00000018
00000000
00000019
00000000
0000001A
00000000
0000001B
000000F0
0000001C
00000000
0000001D
00000000
0000001E
00000000
0000001F
00000000
00000020
00000000
00000021
00000000
00000022
00000000
00000023
00000000
00000024
00000000
00000025
00000000
00000026
00000000
00000027
00000000
00000028
00000000
00000029
00000000
0000002A
00000000
0000002B
00000000
0000002C
00000000
0000002D
00000000
0000002E
00000000
0000002F
00000000
00000030
00000003
00000031
00000001
00000032
00000000
00000033
00000000
00000034
00000001
00000035
00000000
00000036
00000000
00000037
00000000
00000038
00000000
00000039
00000000
0000003A
00000000
0000003B
00000000
0000003C
00000000
0000003D
00000000
0000003E
00000000
0000003F
00000000
00000040
00000003
00000041
00000001
00000042
00000000
00000043
00000000
00000044
00000001
00000045
00000000
00000046
00000000
00000047
00000000
00000048
00000000
00000049
00000000
0000004A
00000000
0000004B
00000000
0000004C
00000000
0000004D
00000000
0000004E
00000000
0000004F
00000000
00000050
00000003
00000051
00000001
00000052
00000000
00000053
00000000
00000054
00000001
00000055
00000000
00000056
00000000
00000057
00000000
00000058
00000000
00000059
00000000
0000005A
00000000
0000005B
00000000
0000005C
00000000
0000005D
00000000
0000005E
00000000
0000005F
00000000
00000060
00000001
00000061
00000001
00000062
00000000
00000063
00000000
00000064
00000000
00000065
00000000
00000066
00000010
00000067
00000000
00000068
00000000
00000069
00000000
0000006A
00000000
0000006B
00000000
0000006C
00000000
0000006D
00000000
0000006E
00000000
0000006F
00000000
00000070
00000000
00000071
00000000
00000072
00000000
00000073
00000000
00000074
00000000
00000075
00000000
00000076
00000000
00000077
00000000
00000078
00000000
00000079
00000000
0000007A
00000000
0000007B
00000000
0000007C
00000000
0000007D
00000000
0000007E
00000000
0000007F
00000000
00000080
00000001
00000081
00000001
00000082
00000000
00000083
00000000
00000084
00000000
00000085
00000000
00000086
00000010
00000087
00000000
00000088
00000000
00000089
00000000
0000008A
00000000
0000008B
00000000
0000008C
00000000
0000008D
00000000
0000008E
00000000
0000008F
00000000
00000090
00000000
00000091
00000000
00000092
00000000
00000093
00000000
00000094
00000000
00000095
00000000
00000096
00000000
00000097
00000000
00000098
00000000
00000099
00000000
0000009A
00000000
0000009B
00000000
0000009C
00000000
0000009D
00000000
0000009E
00000000
0000009F
00000000
000000A0
00000082
000000A1
00000083
000000A2
00000036
000000A3
00000000
000000A4
00000000
000000A5
00000038
000000A6
00000042
000000A7
0000005B
000000A8
00000010
000000A9
00000011
000000AA
00000000
000000AB
00000000
000000AC
000000FF
000000AD
000000FF
000000AE
000000FF
000000AF
0000001F
000000B0
00000000
000000B1
00000000
000000B2
00000000
000000B3
00000000
000000B4
00000000
000000B5
00000000
000000B6
00000000
000000B7
00000000
000000B8
00000000
000000B9
00000000
000000BA
00000080
000000BB
00000000
000000BC
00000000
000000BD
00000000
000000BE
00000000
000000BF
00000000
000000C0
00000090
000000C1
00000001
000000C2
00000000
000000C3
00000000
000000C4
00000000
000000C5
00000000
000000C6
00000000
000000C7
00000000
000000C8
00000000
000000C9
00000000
000000CA
00000000
000000CB
00000000
000000CC
00000055
000000CD
00000001
000000CE
000000FF
000000CF
00000000
000000D0
0000001F
000000D1
00000000
000000D2
00000000
000000D3
00000000
000000D4
00000000
000000D5
00000000
000000D6
00000000
000000D7
00000000
000000D8
00000000
000000D9
00000000
000000DA
00000000
000000DB
00000000
000000DC
00000001
000000DD
00000000
000000DE
00000000
000000DF
00000000
000000E0
0000004A
000000E1
0000001E
000000E2
00000000
000000E3
00000000
000000E4
00000020
000000E5
00000000
000000E6
00000000
000000E7
00000000
000000E8
00000000
000000E9
00000000
000000EA
00000004
000000EB
00000000
000000EC
00000000
000000ED
00000000
000000EE
00000000
000000EF
00000000
000000F0
0000000B
000000F1
00000001
000000F2
00000000
000000F3
00000000
000000F4
00000044
000000F5
00000000
000000F6
00000000
000000F7
00000000
000000F8
0000000D
000000F9
0000004D
000000FA
00000001
000000FB
00000000
000000FC
00000000
000000FD
00000000
000000FE
00000000
000000FF
00000000
00000100
00000069
00000101
00000000
00000102
0000000B
00000103
000000A7
00000104
000000B4
00000105
00000003
00000106
00000000
00000107
00000000
00000108
00000028
00000109
00000080
0000010A
00000008
0000010B
00000066
0000010C
000000B4
0000010D
00000003
0000010E
00000000
0000010F
00000000
00000110
00000028
00000111
00000080
00000112
00000008
00000113
00000066
00000114
000000B4
00000115
00000003
00000116
00000000
00000117
00000000
00000118
00000069
00000119
00000000
0000011A
0000000B
0000011B
0000006C
0000011C
000000B4
0000011D
00000003
0000011E
00000000
0000011F
00000000
00000120
00000000
00000121
00000000
00000122
00000070
00000123
00000000
00000124
00000000
00000125
00000000
00000126
00000070
00000127
00000000
00000128
00000000
00000129
00000000
0000012A
00000000
0000012B
00000000
0000012C
00000000
0000012D
00000000
0000012E
00000000
0000012F
00000000
00000130
00000010
00000131
0000002F
00000132
00000000
00000133
00000002
00000134
00000000
00000135
00000002
00000136
00000000
00000137
00000000
00000138
00000000
00000139
00000000
0000013A
00000000
0000013B
00000000
0000013C
00000000
0000013D
00000000
0000013E
00000000
0000013F
00000000
00000140
00000021
00000141
00000006
00000142
00000044
00000143
00000009
00000144
00000005
00000145
00000000
00000146
00000000
00000147
00000000
00000148
00000000
00000149
00000000
0000014A
00000000
0000014B
00000000
0000014C
00000000
0000014D
00000000
0000014E
00000000
0000014F
00000000
00000150
00000061
00000151
00000000
00000152
000000F5
00000153
00000006
00000154
000000BC
00000155
00000000
00000156
00000023
00000157
0000000D
00000158
00000044
00000159
0000003E
0000015A
00000064
0000015B
00000027
0000015C
00000006
0000015D
0000001F
0000015E
00000045
0000015F
0000000F
00000160
00000004
00000161
00000000
00000162
00000000
00000163
0000007A
00000164
00000080
00000165
00000001
00000166
00000088
00000167
00000000
00000168
00000000
00000169
00000000
0000016A
00000000
0000016B
00000025
0000016C
00000001
0000016D
00000000
0000016E
00000001
0000016F
00000009
00000170
00000000
00000171
00000000
00000172
00000000
00000173
00000000
00000174
00000000
00000175
00000000
00000176
00000000
00000177
00000000
00000178
00000000
00000179
00000000
0000017A
00000000
0000017B
00000000
0000017C
00000000
0000017D
00000000
0000017E
00000000
0000017F
00000000
00000180
00000000
00000181
00000000
00000182
00000000
00000183
00000000
00000184
00000000
00000185
00000000
00000186
00000000
00000187
00000000
00000188
00000000
00000189
00000000
0000018A
00000000
0000018B
00000000
0000018C
00000000
0000018D
00000000
0000018E
00000000
0000018F
00000000
00000190
00000000
00000191
00000000
00000192
00000000
00000193
00000000
00000194
00000000
00000195
00000000
00000196
00000000
00000197
00000000
00000198
00000000
00000199
00000000
0000019A
00000000
0000019B
00000000
0000019C
00000000
0000019D
00000000
0000019E
00000000
0000019F
00000000
000001A0
0000002C
000001A1
0000003B
000001A2
00000000
000001A3
00000077
000001A4
00000070
000001A5
00000080
000001A6
00000001
000001A7
00000000
000001A8
00000000
000001A9
00000008
000001AA
00000000
000001AB
00000000
000001AC
00000000
000001AD
00000000
000001AE
00000000
000001AF
00000000
000001B0
00000000
000001B1
00000000
000001B2
00000000
000001B3
00000000
000001B4
000000F0
000001B5
00000000
000001B6
000000D0
000001B7
00000003
000001B8
00000000
000001B9
00000000
000001BA
00000000
000001BB
00000000
000001BC
000000BA
000001BD
00000000
000001BE
00000000
000001BF
00000000
000001C0
0000001A
000001C1
000000A6
000001C2
0000000F
000001C3
00000047
000001C4
00000024
000001C5
00000000
000001C6
00000024
000001C7
00000000
000001C8
00000000
000001C9
00000011
000001CA
00000020
000001CB
00000012
000001CC
0000000B
000001CD
00000010
000001CE
00000002
000001CF
00000030
000001D0
00000000
000001D1
00000000
000001D2
00000000
000001D3
00000000
000001D4
00000000
000001D5
00000000
000001D6
00000000
000001D7
00000000
000001D8
00000000
000001D9
00000000
000001DA
00000000
000001DB
00000000
000001DC
00000000
000001DD
00000000
000001DE
00000000
000001DF
00000000
00000000
00000033
00000001
00000010
00000002
0000004A
00000003
00000030
00000004
00000032
00000005
00000002
00000006
00000000
00000007
00000000
00000008
00000004
00000009
00000000
0000000A
00000030
0000000B
00000000
0000000C
00000000
0000000D
00000000
0000000E
00000000
0000000F
00000000
00000010
00000000
00000011
00000000
00000012
00000019
00000013
0000009A
00000014
00000000
00000015
00000000
00000016
00000000
00000017
00000000
00000018
00000000
00000019
00000000
0000001A
00000000
0000001B
000000F0
0000001C
00000000
0000001D
00000000
0000001E
00000000
0000001F
00000000
00000020
00000000
00000021
00000000
00000022
00000000
00000023
00000000
00000024
00000000
00000025
00000000
00000026
00000000
00000027
00000000
00000028
00000000
00000029
00000000
0000002A
00000000
0000002B
00000000
0000002C
00000000
0000002D
00000000
0000002E
00000000
0000002F
00000000
00000030
00000003
00000031
00000001
00000032
00000000
00000033
00000000
00000034
00000001
00000035
00000000
00000036
00000000
00000037
00000000
00000038
00000000
00000039
00000000
0000003A
00000000
0000003B
00000000
0000003C
00000000
0000003D
00000000
0000003E
00000000
0000003F
00000000
00000040
00000003
00000041
00000001
00000042
00000000
00000043
00000000
00000044
00000001
00000045
00000000
00000046
00000000
00000047
00000000
00000048
00000000
00000049
00000000
0000004A
00000000
0000004B
00000000
0000004C
00000000
0000004D
00000000
0000004E
00000000
0000004F
00000000
00000050
00000003
00000051
00000001
00000052
00000000
00000053
00000000
00000054
00000001
00000055
00000000
00000056
00000000
00000057
00000000
00000058
00000000
00000059
00000000
0000005A
00000000
0000005B
00000000
0000005C
00000000
0000005D
00000000
0000005E
00000000
0000005F
00000000
00000060
00000001
00000061
00000001
00000062
00000000
00000063
00000000
00000064
00000000
00000065
00000000
00000066
00000010
00000067
00000000
00000068
00000000
00000069
00000000
0000006A
00000000
0000006B
00000000
0000006C
00000000
0000006D
00000000
0000006E
00000000
0000006F
00000000
00000070
00000000
00000071
00000000
00000072
00000000
00000073
00000000
00000074
00000000
00000075
00000000
00000076
00000000
00000077
00000000
00000078
00000000
00000079
00000000
0000007A
00000000
0000007B
00000000
0000007C
00000000
0000007D
00000000
0000007E
00000000
0000007F
00000000
00000080
00000001
00000081
00000001
00000082
00000000
00000083
00000000
00000084
00000000
00000085
00000000
00000086
00000010
00000087
00000000
00000088
00000000
00000089
00000000
0000008A
00000000
0000008B
00000000
0000008C
00000000
0000008D
00000000
0000008E
00000000
0000008F
00000000
00000090
00000000
00000091
00000000
00000092
00000000
00000093
00000000
00000094
00000000
00000095
00000000
00000096
00000000
00000097
00000000
00000098
00000000
00000099
00000000
0000009A
00000000
0000009B
00000000
0000009C
00000000
0000009D
00000000
0000009E
00000000
0000009F
00000000
000000A0
00000000
000000A1
00000083
000000A2
00000036
000000A3
00000000
000000A4
00000000
000000A5
00000038
000000A6
00000042
000000A7
0000005B
000000A8
00000010
000000A9
00000011
000000AA
00000000
000000AB
00000000
000000AC
000000FF
000000AD
000000FF
000000AE
000000FF
000000AF
0000001F
000000B0
00000000
000000B1
00000000
000000B2
00000000
000000B3
00000000
000000B4
00000000
000000B5
00000000
000000B6
00000000
000000B7
00000000
000000B8
00000000
000000B9
00000000
000000BA
00000080
000000BB
00000000
000000BC
00000000
000000BD
00000000
000000BE
00000000
000000BF
00000000
000000C0
00000090
000000C1
00000001
000000C2
00000000
000000C3
00000000
000000C4
00000000
000000C5
00000000
000000C6
00000000
000000C7
00000000
000000C8
00000000
000000C9
00000000
000000CA
00000000
000000CB
00000000
000000CC
00000055
000000CD
00000001
000000CE
000000FF
000000CF
00000000
000000D0
0000001F
000000D1
00000000
000000D2
00000000
000000D3
00000000
000000D4
00000000
000000D5
00000000
000000D6
00000000
000000D7
00000000
000000D8
00000000
000000D9
00000000
000000DA
00000000
000000DB
00000000
000000DC
00000001
000000DD
00000000
000000DE
00000000
000000DF
00000000
000000E0
0000004A
000000E1
0000001E
000000E2
00000000
000000E3
00000000
000000E4
00000020
000000E5
00000000
000000E6
00000000
000000E7
00000000
000000E8
00000000
000000E9
00000000
000000EA
00000004
000000EB
00000000
000000EC
00000000
000000ED
00000000
000000EE
00000000
000000EF
00000000
000000F0
0000000B
000000F1
00000001
000000F2
00000000
000000F3
00000000
000000F4
00000044
000000F5
00000000
000000F6
00000000
000000F7
00000000
000000F8
0000000D
000000F9
0000004D
000000FA
00000001
000000FB
00000000
000000FC
00000000
000000FD
00000000
000000FE
00000000
000000FF
00000000
00000100
00000076
00000101
00000081
00000102
00000008
00000103
000000A7
00000104
000000B4
00000105
00000003
00000106
00000000
00000107
00000000
00000108
00000022
00000109
00000080
0000010A
00000008
0000010B
00000066
0000010C
000000B4
0000010D
00000003
0000010E
00000000
0000010F
00000000
00000110
00000022
00000111
00000080
00000112
00000008
00000113
00000066
00000114
000000B4
00000115
00000003
00000116
00000000
00000117
00000000
00000118
00000069
00000119
00000000
0000011A
0000000B
0000011B
0000006C
0000011C
000000B4
0000011D
00000003
0000011E
00000000
0000011F
00000000
00000120
00000000
00000121
00000000
00000122
00000050
00000123
00000000
00000124
00000000
00000125
00000000
00000126
00000070
00000127
00000000
00000128
00000000
00000129
00000000
0000012A
00000000
0000012B
00000000
0000012C
00000000
0000012D
00000000
0000012E
00000000
0000012F
00000000
00000130
00000010
00000131
0000002F
00000132
00000000
00000133
00000002
00000134
00000000
00000135
00000002
00000136
00000000
00000137
00000000
00000138
00000000
00000139
00000000
0000013A
00000000
0000013B
00000000
0000013C
00000000
0000013D
00000000
0000013E
00000000
0000013F
00000000
00000140
00000021
00000141
00000001
00000142
00000044
00000143
00000009
00000144
00000005
00000145
00000000
00000146
00000000
00000147
00000000
00000148
00000000
00000149
00000000
0000014A
00000000
0000014B
00000000
0000014C
00000000
0000014D
00000000
0000014E
00000000
0000014F
00000000
00000150
00000000
00000151
00000000
00000152
00000000
00000153
00000000
00000154
000000BB
00000155
00000000
00000156
00000023
00000157
0000000D
00000158
00000044
00000159
0000003E
0000015A
00000064
0000015B
00000027
0000015C
00000006
0000015D
0000001F
0000015E
00000045
0000015F
0000000F
00000160
00000004
00000161
00000000
00000162
00000000
00000163
0000007A
00000164
00000080
00000165
00000001
00000166
00000088
00000167
00000000
00000168
00000000
00000169
00000000
0000016A
00000000
0000016B
00000025
0000016C
00000001
0000016D
00000000
0000016E
00000001
0000016F
00000009
00000170
00000000
00000171
00000000
00000172
00000000
00000173
00000000
00000174
00000000
00000175
00000000
00000176
00000000
00000177
00000000
00000178
00000000
00000179
00000000
0000017A
00000000
0000017B
00000000
0000017C
00000000
0000017D
00000000
0000017E
00000000
0000017F
00000000
00000180
00000000
00000181
00000000
00000182
00000000
00000183
00000000
00000184
00000000
00000185
00000000
00000186
00000000
00000187
00000000
00000188
00000000
00000189
00000000
0000018A
00000000
0000018B
00000000
0000018C
00000000
0000018D
00000000
0000018E
00000000
0000018F
00000000
00000190
00000008
00000191
00000000
00000192
00000000
00000193
00000000
00000194
00000000
00000195
00000000
00000196
00000000
00000197
00000000
00000198
00000000
00000199
00000000
0000019A
00000000
0000019B
00000000
0000019C
00000000
0000019D
00000000
0000019E
00000000
0000019F
00000000
000001A0
0000002C
000001A1
0000003B
000001A2
00000000
000001A3
00000077
000001A4
00000070
000001A5
00000080
000001A6
00000001
000001A7
00000000
000001A8
00000000
000001A9
00000008
000001AA
00000000
000001AB
00000000
000001AC
00000000
000001AD
00000000
000001AE
00000000
000001AF
00000000
000001B0
00000000
000001B1
00000000
000001B2
00000000
000001B3
00000000
000001B4
000000F0
000001B5
00000000
000001B6
000000D0
000001B7
00000003
000001B8
00000000
000001B9
00000000
000001BA
00000000
000001BB
00000000
000001BC
000000BA
000001BD
00000000
000001BE
00000000
000001BF
00000000
000001C0
0000001A
000001C1
000000A6
000001C2
0000000F
000001C3
00000047
000001C4
00000024
000001C5
00000000
000001C6
00000024
000001C7
00000000
000001C8
00000000
000001C9
00000011
000001CA
00000020
000001CB
00000012
000001CC
0000000B
000001CD
00000010
000001CE
00000002
000001CF
00000030
000001D0
00000000
000001D1
00000000
000001D2
00000000
000001D3
00000000
000001D4
00000000
000001D5
00000000
000001D6
00000000
000001D7
00000000
000001D8
00000000
000001D9
00000000
000001DA
00000000
000001DB
00000000
000001DC
00000000
000001DD
00000000
000001DE
00000000
000001DF
00000000
00000000
00000033
00000001
00000010
00000002
0000004A
00000003
00000020
00000004
00000032
00000005
00000002
00000006
00000000
00000007
00000000
00000008
00000004
00000009
00000000
0000000A
00000030
0000000B
00000000
0000000C
00000000
0000000D
00000000
0000000E
00000000
0000000F
00000000
00000010
00000000
00000011
00000000
00000012
00000019
00000013
0000009A
00000014
00000000
00000015
00000000
00000016
00000000
00000017
00000000
00000018
00000000
00000019
00000000
0000001A
00000000
0000001B
000000F0
0000001C
00000000
0000001D
00000000
0000001E
00000000
0000001F
00000000
00000020
00000000
00000021
00000000
00000022
00000000
00000023
00000000
00000024
00000000
00000025
00000000
00000026
00000000
00000027
00000000
00000028
00000000
00000029
00000000
0000002A
00000000
0000002B
00000000
0000002C
00000000
0000002D
00000000
0000002E
00000000
0000002F
00000000
00000030
00000003
00000031
00000001
00000032
00000000
00000033
00000000
00000034
00000001
00000035
00000000
00000036
00000000
00000037
00000000
00000038
00000000
00000039
00000000
0000003A
00000000
0000003B
00000000
0000003C
00000000
0000003D
00000000
0000003E
00000000
0000003F
00000000
00000040
00000003
00000041
00000001
00000042
00000000
00000043
00000000
00000044
00000001
00000045
00000000
00000046
00000000
00000047
00000000
00000048
00000000
00000049
00000000
0000004A
00000000
0000004B
00000000
0000004C
00000000
0000004D
00000000
0000004E
00000000
0000004F
00000000
00000050
00000003
00000051
00000001
00000052
00000000
00000053
00000000
00000054
00000001
00000055
00000000
00000056
00000000
00000057
00000000
00000058
00000000
00000059
00000000
0000005A
00000000
0000005B
00000000
0000005C
00000000
0000005D
00000000
0000005E
00000000
0000005F
00000000
00000060
00000001
00000061
00000001
00000062
00000000
00000063
00000000
00000064
00000000
00000065
00000000
00000066
00000010
00000067
00000000
00000068
00000000
00000069
00000000
0000006A
00000000
0000006B
00000000
0000006C
00000000
0000006D
00000000
0000006E
00000000
0000006F
00000000
00000070
00000000
00000071
00000000
00000072
00000000
00000073
00000000
00000074
00000000
00000075
00000000
00000076
00000000
00000077
00000000
00000078
00000000
00000079
00000000
0000007A
00000000
0000007B
00000000
0000007C
00000000
0000007D
00000000
0000007E
00000000
0000007F
00000000
00000080
00000001
00000081
00000001
00000082
00000000
00000083
00000000
00000084
00000000
00000085
00000000
00000086
00000010
00000087
00000000
00000088
00000000
00000089
00000000
0000008A
00000000
0000008B
00000000
0000008C
00000000
0000008D
00000000
0000008E
00000000
0000008F
00000000
00000090
00000000
00000091
00000000
00000092
00000000
00000093
00000000
00000094
00000000
00000095
00000000
00000096
00000000
00000097
00000000
00000098
00000000
00000099
00000000
0000009A
00000000
0000009B
00000000
0000009C
00000000
0000009D
00000000
0000009E
00000000
0000009F
00000000
000000A0
00000082
000000A1
00000080
000000A2
00000036
000000A3
00000000
000000A4
00000000
000000A5
00000038
000000A6
00000042
000000A7
0000005B
000000A8
00000010
000000A9
00000011
000000AA
00000000
000000AB
00000000
000000AC
000000FF
000000AD
000000FF
000000AE
000000FF
000000AF
0000001F
000000B0
00000000
000000B1
00000000
000000B2
00000000
000000B3
00000000
000000B4
00000000
000000B5
00000000
000000B6
00000000
000000B7
00000000
000000B8
00000000
000000B9
00000000
000000BA
00000080
000000BB
00000000
000000BC
00000000
000000BD
00000000
000000BE
00000000
000000BF
00000000
000000C0
00000090
000000C1
00000001
000000C2
00000000
000000C3
00000000
000000C4
00000000
000000C5
00000000
000000C6
00000000
000000C7
00000000
000000C8
00000000
000000C9
00000000
000000CA
00000000
000000CB
00000000
000000CC
00000055
000000CD
00000001
000000CE
000000FF
000000CF
00000000
000000D0
0000001F
000000D1
00000000
000000D2
00000000
000000D3
00000000
000000D4
00000000
000000D5
00000000
000000D6
00000000
000000D7
00000000
000000D8
00000000
000000D9
00000000
000000DA
00000000
000000DB
00000000
000000DC
00000001
000000DD
00000000
000000DE
00000000
000000DF
00000000
000000E0
0000004A
000000E1
0000001E
000000E2
00000000
000000E3
00000081
000000E4
00000022
000000E5
00000000
000000E6
0000005C
000000E7
0000008F
000000E8
00000000
000000E9
00000000
000000EA
00000004
000000EB
00000000
000000EC
00000000
000000ED
00000000
000000EE
00000000
000000EF
00000000
000000F0
0000000B
000000F1
00000001
000000F2
00000000
000000F3
00000000
000000F4
00000044
000000F5
00000000
000000F6
00000000
000000F7
00000000
000000F8
0000000D
000000F9
0000004D
000000FA
00000001
000000FB
00000000
000000FC
00000000
000000FD
00000000
000000FE
00000000
000000FF
00000000
00000100
00000069
00000101
00000000
00000102
0000000B
00000103
000000A7
00000104
000000B4
00000105
00000003
00000106
00000000
00000107
00000000
00000108
00000027
00000109
00000080
0000010A
00000008
0000010B
00000066
0000010C
000000B4
0000010D
00000003
0000010E
00000000
0000010F
00000000
00000110
00000027
00000111
00000080
00000112
00000008
00000113
00000066
00000114
000000B4
00000115
00000003
00000116
00000000
00000117
00000000
00000118
00000069
00000119
00000000
0000011A
0000000B
0000011B
0000006C
0000011C
000000B4
0000011D
00000003
0000011E
00000000
0000011F
00000000
00000120
00000000
00000121
00000000
00000122
00000070
00000123
00000000
00000124
00000000
00000125
00000000
00000126
00000070
00000127
00000000
00000128
00000000
00000129
00000000
0000012A
00000000
0000012B
00000000
0000012C
00000000
0000012D
00000000
0000012E
00000000
0000012F
00000000
00000130
00000010
00000131
0000002F
00000132
00000000
00000133
00000002
00000134
00000000
00000135
00000002
00000136
00000000
00000137
00000000
00000138
00000000
00000139
00000000
0000013A
00000000
0000013B
00000000
0000013C
00000000
0000013D
00000000
0000013E
00000000
0000013F
00000000
00000140
00000021
00000141
00000006
00000142
00000044
00000143
00000009
00000144
00000005
00000145
00000000
00000146
00000000
00000147
00000000
00000148
00000000
00000149
00000000
0000014A
00000000
0000014B
00000000
0000014C
00000000
0000014D
00000000
0000014E
00000000
0000014F
00000000
00000150
000000CD
00000151
000000CC
00000152
000000CC
00000153
00000004
00000154
000000D2
00000155
00000000
00000156
00000023
00000157
0000000D
00000158
00000044
00000159
0000003E
0000015A
00000064
0000015B
00000027
0000015C
00000006
0000015D
0000001F
0000015E
00000045
0000015F
0000000F
00000160
00000004
00000161
00000000
00000162
00000000
00000163
0000007A
00000164
00000080
00000165
00000001
00000166
00000088
00000167
00000000
00000168
00000000
00000169
00000000
0000016A
00000000
0000016B
00000025
0000016C
00000001
0000016D
00000000
0000016E
00000001
0000016F
00000009
00000170
00000000
00000171
00000000
00000172
00000000
00000173
00000000
00000174
00000000
00000175
00000000
00000176
00000000
00000177
00000000
00000178
00000000
00000179
00000000
0000017A
00000000
0000017B
00000000
0000017C
00000000
0000017D
00000000
0000017E
00000000
0000017F
00000000
00000180
00000000
00000181
00000000
00000182
00000000
00000183
00000000
00000184
00000000
00000185
00000000
00000186
00000000
00000187
00000000
00000188
00000000
00000189
00000000
0000018A
00000000
0000018B
00000000
0000018C
00000000
0000018D
00000000
0000018E
00000000
0000018F
00000000
00000190
00000000
00000191
00000000
00000192
00000000
00000193
00000000
00000194
00000000
00000195
00000000
00000196
00000000
00000197
00000000
00000198
00000000
00000199
00000000
0000019A
00000000
0000019B
00000000
0000019C
00000000
0000019D
00000000
0000019E
00000000
0000019F
00000000
000001A0
0000002C
000001A1
0000003B
000001A2
00000000
000001A3
00000077
000001A4
00000070
000001A5
00000080
000001A6
00000001
000001A7
00000000
000001A8
00000000
000001A9
00000008
000001AA
00000000
000001AB
00000000
000001AC
00000000
000001AD
00000000
000001AE
00000000
000001AF
00000000
000001B0
00000000
000001B1
00000000
000001B2
00000000
000001B3
00000000
000001B4
000000F0
000001B5
00000000
000001B6
000000D0
000001B7
00000003
000001B8
00000000
000001B9
00000000
000001BA
00000000
000001BB
00000000
000001BC
000000BA
000001BD
00000000
000001BE
00000000
000001BF
00000000
000001C0
0000001A
000001C1
000000A6
000001C2
0000000F
000001C3
00000047
000001C4
00000024
000001C5
00000000
000001C6
00000024
000001C7
00000000
000001C8
00000000
000001C9
00000011
000001CA
00000020
000001CB
00000012
000001CC
0000000B
000001CD
00000010
000001CE
00000002
000001CF
00000030
000001D0
00000000
000001D1
00000000
000001D2
00000000
000001D3
00000000
000001D4
00000000
000001D5
00000000
000001D6
00000000
000001D7
00000000
000001D8
00000000
000001D9
00000000
000001DA
00000000
000001DB
00000000
000001DC
00000000
000001DD
00000000
000001DE
00000000
000001DF
00000000
00000000
00000033
00000001
00000010
00000002
0000004A
00000003
00000030
00000004
00000032
00000005
00000002
00000006
00000000
00000007
00000000
00000008
00000004
00000009
00000000
0000000A
00000030
0000000B
00000000
0000000C
00000000
0000000D
00000000
0000000E
00000000
0000000F
00000000
00000010
00000000
00000011
00000000
00000012
00000019
00000013
0000009A
00000014
00000000
00000015
00000000
00000016
00000000
00000017
00000000
00000018
00000000
00000019
00000000
0000001A
00000000
0000001B
000000F0
0000001C
00000000
0000001D
00000000
0000001E
00000000
0000001F
00000000
00000020
00000000
00000021
00000000
00000022
00000000
00000023
00000000
00000024
00000000
00000025
00000000
00000026
00000000
00000027
00000000
00000028
00000000
00000029
00000000
0000002A
00000000
0000002B
00000000
0000002C
00000000
0000002D
00000000
0000002E
00000000
0000002F
00000000
00000030
00000003
00000031
00000001
00000032
00000000
00000033
00000000
00000034
00000001
00000035
00000000
00000036
00000000
00000037
00000000
00000038
00000000
00000039
00000000
0000003A
00000000
0000003B
00000000
0000003C
00000000
0000003D
00000000
0000003E
00000000
0000003F
00000000
00000040
00000003
00000041
00000001
00000042
00000000
00000043
00000000
00000044
00000001
00000045
00000000
00000046
00000000
00000047
00000000
00000048
00000000
00000049
00000000
0000004A
00000000
0000004B
00000000
0000004C
00000000
0000004D
00000000
0000004E
00000000
0000004F
00000000
00000050
00000003
00000051
00000001
00000052
00000000
00000053
00000000
00000054
00000001
00000055
00000000
00000056
00000000
00000057
00000000
00000058
00000000
00000059
00000000
0000005A
00000000
0000005B
00000000
0000005C
00000000
0000005D
00000000
0000005E
00000000
0000005F
00000000
00000060
00000001
00000061
00000001
00000062
00000000
00000063
00000000
00000064
00000000
00000065
00000000
00000066
00000010
00000067
00000000
00000068
00000000
00000069
00000000
0000006A
00000000
0000006B
00000000
0000006C
00000000
0000006D
00000000
0000006E
00000000
0000006F
00000000
00000070
00000000
00000071
00000000
00000072
00000000
00000073
00000000
00000074
00000000
00000075
00000000
00000076
00000000
00000077
00000000
00000078
00000000
00000079
00000000
0000007A
00000000
0000007B
00000000
0000007C
00000000
0000007D
00000000
0000007E
00000000
0000007F
00000000
00000080
00000001
00000081
00000001
00000082
00000000
00000083
00000000
00000084
00000000
00000085
00000000
00000086
00000010
00000087
00000000
00000088
00000000
00000089
00000000
0000008A
00000000
0000008B
00000000
0000008C
00000000
0000008D
00000000
0000008E
00000000
0000008F
00000000
00000090
00000000
00000091
00000000
00000092
00000000
00000093
00000000
00000094
00000000
00000095
00000000
00000096
00000000
00000097
00000000
00000098
00000000
00000099
00000000
0000009A
00000000
0000009B
00000000
0000009C
00000000
0000009D
00000000
0000009E
00000000
0000009F
00000000
000000A0
00000000
000000A1
00000080
000000A2
00000036
000000A3
00000000
000000A4
00000000
000000A5
00000038
000000A6
00000042
000000A7
0000005B
000000A8
00000010
000000A9
00000011
000000AA
00000000
000000AB
00000000
000000AC
000000FF
000000AD
000000FF
000000AE
000000FF
000000AF
0000001F
000000B0
00000000
000000B1
00000000
000000B2
00000000
000000B3
00000000
000000B4
00000000
000000B5
00000000
000000B6
00000000
000000B7
00000000
000000B8
00000000
000000B9
00000000
000000BA
00000080
000000BB
00000000
000000BC
00000000
000000BD
00000000
000000BE
00000000
000000BF
00000000
000000C0
00000090
000000C1
00000001
000000C2
00000000
000000C3
00000000
000000C4
00000000
000000C5
00000000
000000C6
00000000
000000C7
00000000
000000C8
00000000
000000C9
00000000
000000CA
00000000
000000CB
00000000
000000CC
00000055
000000CD
00000001
000000CE
000000FF
000000CF
00000000
000000D0
0000001F
000000D1
00000000
000000D2
00000000
000000D3
00000000
000000D4
00000000
000000D5
00000000
000000D6
00000000
000000D7
00000000
000000D8
00000000
000000D9
00000000
000000DA
00000000
000000DB
00000000
000000DC
00000001
000000DD
00000000
000000DE
00000000
000000DF
00000000
000000E0
0000004A
000000E1
0000001E
000000E2
00000000
000000E3
00000081
000000E4
00000022
000000E5
00000000
000000E6
0000005C
000000E7
0000008F
000000E8
00000000
000000E9
00000000
000000EA
00000004
000000EB
00000000
000000EC
00000000
000000ED
00000000
000000EE
00000000
000000EF
00000000
000000F0
0000000B
000000F1
00000001
000000F2
00000000
000000F3
00000000
000000F4
00000044
000000F5
00000000
000000F6
00000000
000000F7
00000000
000000F8
0000000D
000000F9
0000004D
000000FA
00000001
000000FB
00000000
000000FC
00000000
000000FD
00000000
000000FE
00000000
000000FF
00000000
00000100
0000007D
00000101
00000080
00000102
00000008
00000103
000000A7
00000104
000000B4
00000105
00000003
00000106
00000000
00000107
00000000
00000108
0000004B
00000109
00000080
0000010A
00000008
0000010B
00000066
0000010C
000000B4
0000010D
00000003
0000010E
00000000
0000010F
00000000
00000110
0000004B
00000111
00000080
00000112
00000008
00000113
00000066
00000114
000000B4
00000115
00000003
00000116
00000000
00000117
00000000
00000118
00000069
00000119
00000000
0000011A
0000000B
0000011B
0000006C
0000011C
000000B4
0000011D
00000003
0000011E
00000000
0000011F
00000000
00000120
00000000
00000121
00000000
00000122
00000050
00000123
00000000
00000124
00000000
00000125
00000000
00000126
00000070
00000127
00000000
00000128
00000000
00000129
00000000
0000012A
00000000
0000012B
00000000
0000012C
00000000
0000012D
00000000
0000012E
00000000
0000012F
00000000
00000130
00000010
00000131
0000002F
00000132
00000000
00000133
00000002
00000134
00000000
00000135
00000002
00000136
00000000
00000137
00000000
00000138
00000000
00000139
00000000
0000013A
00000000
0000013B
00000000
0000013C
00000000
0000013D
00000000
0000013E
00000000
0000013F
00000000
00000140
00000021
00000141
00000001
00000142
00000044
00000143
00000009
00000144
00000005
00000145
00000000
00000146
00000000
00000147
00000000
00000148
00000000
00000149
00000000
0000014A
00000000
0000014B
00000000
0000014C
00000000
0000014D
00000000
0000014E
00000000
0000014F
00000000
00000150
00000000
00000151
00000000
00000152
00000000
00000153
00000004
00000154
000000CA
00000155
00000000
00000156
00000001
00000157
00000005
00000158
00000077
00000159
00000000
0000015A
00000004
0000015B
000000B7
0000015C
00000006
0000015D
0000001F
0000015E
00000045
0000015F
0000000F
00000160
00000004
00000161
00000000
00000162
00000000
00000163
0000007A
00000164
00000080
00000165
00000001
00000166
00000088
00000167
00000000
00000168
00000000
00000169
00000000
0000016A
00000000
0000016B
00000025
0000016C
00000001
0000016D
00000000
0000016E
00000001
0000016F
00000009
00000170
00000000
00000171
00000000
00000172
00000000
00000173
00000000
00000174
00000000
00000175
00000000
00000176
00000000
00000177
00000000
00000178
00000000
00000179
00000000
0000017A
00000000
0000017B
00000000
0000017C
00000000
0000017D
00000000
0000017E
00000000
0000017F
00000000
00000180
00000000
00000181
00000000
00000182
00000000
00000183
00000000
00000184
00000000
00000185
00000000
00000186
00000000
00000187
00000000
00000188
00000000
00000189
00000000
0000018A
00000000
0000018B
00000000
0000018C
00000000
0000018D
00000000
0000018E
00000000
0000018F
00000000
00000190
00000008
00000191
00000000
00000192
00000000
00000193
00000000
00000194
00000000
00000195
00000000
00000196
00000000
00000197
00000000
00000198
00000000
00000199
00000000
0000019A
00000000
0000019B
00000000
0000019C
00000000
0000019D
00000000
0000019E
00000000
0000019F
00000000
000001A0
0000002C
000001A1
0000003B
000001A2
00000000
000001A3
00000077
000001A4
00000070
000001A5
00000080
000001A6
00000001
000001A7
00000000
000001A8
00000000
000001A9
00000008
000001AA
00000000
000001AB
00000000
000001AC
00000000
000001AD
00000000
000001AE
00000000
000001AF
00000000
000001B0
00000000
000001B1
00000000
000001B2
00000000
000001B3
00000000
000001B4
000000F0
000001B5
00000000
000001B6
000000D0
000001B7
00000003
000001B8
00000000
000001B9
00000000
000001BA
00000000
000001BB
00000000
000001BC
000000BA
000001BD
00000000
000001BE
00000000
000001BF
00000000
000001C0
0000001A
000001C1
000000A6
000001C2
0000000F
000001C3
00000047
000001C4
00000024
000001C5
00000000
000001C6
00000024
000001C7
00000000
000001C8
00000000
000001C9
00000011
000001CA
00000020
000001CB
00000012
000001CC
0000000B
000001CD
00000010
000001CE
00000002
000001CF
00000030
000001D0
00000000
000001D1
00000000
000001D2
00000000
000001D3
00000000
000001D4
00000000
000001D5
00000000
000001D6
00000000
000001D7
00000000
000001D8
00000000
000001D9
00000000
000001DA
00000000
000001DB
00000000
000001DC
00000000
000001DD
00000000
000001DE
00000000
000001DF
00000000
0100006F
0500006F
0940006F
0D80006F
00000093
00009137
00000193
00000213
00000293
00000313
00000393
00000413
00000493
00000513
00000593
00000613
00000693
00000713
00000793
3A9030EF
0000006F
00000093
00009137
F0010113
00000193
00000213
00000293
00000313
00000393
00000413
00000493
00000513
00000593
00000613
00000693
00000713
00000793
4BD030EF
0000006F
00000093
00009137
E0010113
00000193
00000213
00000293
00000313
00000393
00000413
00000493
00000513
00000593
00000613
00000693
00000713
00000793
525030EF
0000006F
00000093
00009137
D0010113
00000193
00000213
00000293
00000313
00000393
00000413
00000493
00000513
00000593
00000613
00000693
00000713
00000793
4F1030EF
0000006F
000087B7
00C78793
0007A023
0007A223
000087B7
0307A683
000017B7
23478793
0006A703
00100513
01075713
00F71863
00300793
00F6A223
00000513
00008067
000087B7
0307A783
0007A503
01051513
01055513
00008067
000087B7
0307A783
00251513
0047A703
00E56533
00A7A223
00008067
000087B7
0307A783
00A51513
0047A703
00E56533
00A7A223
00008067
000087B7
0307A783
00A7AC23
00008067
000087B7
0307A783
00A7AE23
00008067
000087B7
0307A783
02A7A023
00008067
000087B7
0307A783
02B7A423
02A7A223
00008067
000087B7
0307A783
00C7A503
00008067
000087B7
0307A783
00C7A783
00A7F533
00A03533
00008067
000087B7
0307A783
00A7AC23
00A7AE23
00008067
FF410113
00912023
000084B7
0304A783
00112423
00812223
0087A783
0017F793
04078C63
00050413
5CC000EF
0304A703
000087B7
00C78793
01072603
0007A683
00040513
00412403
00C6E6B3
00D7A023
01472603
0047A683
00812083
00012483
00C6E6B3
00D7A223
00100793
00F72423
00C10113
5AC0006F
00812083
00412403
00012483
00C10113
00008067
FF010113
00912223
000084B7
00C48493
0004A783
00812423
00112623
00A7F7B3
00050413
00000513
02078663
00058513
00B12023
534000EF
0004A783
00012503
FFF44413
00F47433
0084A023
548000EF
00100513
00C12083
00812403
00412483
01010113
00008067
FF010113
00912223
000084B7
00C48493
0044A783
00812423
00112623
00A7F7B3
00050413
00000513
02078663
00058513
00B12023
4CC000EF
0044A783
00012503
FFF44413
00F47433
0084A223
4E0000EF
00100513
00C12083
00812403
00412483
01010113
00008067
000087B7
00C78793
0007A703
FFF54513
00E57533
00A7A023
00008067
000087B7
00C78793
0047A703
FFF54513
00E57533
00A7A223
00008067
000087B7
02C7A783
00300713
00000513
00E7A023
000087B7
00078023
00078793
000780A3
00008067
000087B7
02C7A783
02051C63
00B7A623
00400713
0007A683
00D76733
00E7A023
000087B7
00078793
00A78533
00050023
00054783
FE078EE3
00050023
00008067
00B7A823
00800713
FCDFF06F
000087B7
02C7A783
02051663
00B7A623
00400713
0007A683
00D76733
00E7A023
000087B7
00078793
00F50533
00050023
00008067
00B7A823
00800713
FD9FF06F
02050E63
00400693
00800793
00008737
02C72703
FFF7C793
00072603
00C7F7B3
00F72023
000087B7
00078793
00D72223
00F50533
00050023
00008067
00200693
00400793
FC9FF06F
000087B7
02C7A703
00472783
0107F693
00068E63
01000693
00D72223
000086B7
00068693
00100613
00C68123
0027F693
00068C63
00200693
00D72223
00100613
000086B7
00C68023
0047F793
00078E63
00400793
00F72223
000087B7
00078793
00100713
00E780A3
00008067
000087B7
00078793
00A787B3
0007C703
0FF77513
00070663
00078023
00100513
00008067
000087B7
00078793
0027C703
0FF77513
00070663
00078123
00100513
00008067
000087B7
0287A783
00100713
00000513
00E7A023
00008067
000087B7
0287A783
00A7A023
00008067
000087B7
0287A783
00A7A223
00008067
000087B7
0287A783
0087A503
00008067
000087B7
0287A783
00A7A423
00008067
000087B7
0247A783
00F00713
00000513
00E7A223
00008067
000087B7
0247A683
00008737
10000793
00F6A623
78470713
00000793
00274603
00C7E863
1FF00793
00F6A623
00008067
00F70633
00364603
00178793
0FF7F793
0FF67613
00C6A623
FD5FF06F
000087B7
0247A783
00A7AA23
00008067
000087B7
0247A503
FF810113
00812223
00912023
00100793
00F52423
00852703
00000693
00008337
00875713
00F77713
10000293
1FF00393
00100413
00E69A63
00412403
00012483
00810113
00008067
7A830793
0007C783
7A830613
FE078AE3
01052783
1FF7F793
00579663
00060123
FF1FF06F
00779A63
00168693
008600A3
0FF6F693
FB9FF06F
00264583
0FF7F793
00158493
0FF4F493
00960123
00B605B3
00F581A3
FBDFF06F
000087B7
7CC78793
00078623
00000513
00008067
000087B7
0187A683
00100793
00F6A023
000087B7
7CC78613
00564583
00464703
00062603
7CC78793
00871713
00B76733
00061663
00008637
00C76733
00020637
00C76733
00E6A423
00010537
00000713
0057C603
00C76C63
0007A603
00100713
08E60263
0006A023
00008067
0007A583
00000613
00059A63
0087A603
00171593
00B60633
00065603
0057C583
FFF58593
00B71463
00A66633
00170713
00C6A423
0FF77713
FADFF06F
0046A603
00267593
00059663
00467613
FE0618E3
00C6A583
0087A603
00171513
00170713
00A60633
00B61023
0FF77713
0057C603
FCC766E3
F85FF06F
00000713
FF1FF06F
000087B7
0187A783
0047A783
0017F793
00078A63
000087B7
7CC78793
00100713
00E78623
00008067
000087B7
0147A783
00100713
00000513
00E7A023
00008067
00100793
00A79533
000087B7
0147A703
0FF57693
0FF57513
00A72223
00472783
00F6F7B3
FE078AE3
00008067
000087B7
0147A703
00100793
00A797B3
0FF7F793
00F72423
00008067
000087B7
01C7A783
00300713
00000513
00E7A023
000087B7
7DC78793
00078EA3
00008067
000087B7
7DC78713
01D74703
00000613
7DC78793
00071663
00000513
00008067
00008737
01C72683
00078EA3
0046A703
00877713
FE0702E3
00C6A703
00475593
00F5F593
00B7A023
01071713
000F05B7
00B77733
00E7A423
00C6A703
000105B7
0087A503
FFF58593
00871713
00B77733
00A76733
00E7A423
00C6A703
0087A583
0FF77713
00B76733
00E7A423
0046A703
10077713
02070E63
00078623
0007A583
00800713
04E59A63
00000713
00D78793
0FF77593
04C5FC63
00C6A583
00E78533
00170713
0FF5F593
00B50023
FE5FF06F
00C6A703
01000613
00170713
00070593
0FF77713
00E67463
01000593
0FF5F613
00B78623
FA9FF06F
0007A703
FA0708E3
0007A583
00400713
FAE580E3
00100513
00008067
000087B7
01C7A783
10000713
0007A423
0007A423
0007A423
0007A423
00E7A423
00008737
7DC70693
0006A603
00800693
7DC70713
00D60863
00072603
00900693
04D61863
00472683
00469693
00D7A423
00C74683
06069663
10000693
00D7A423
0007A683
0046E693
00D7A023
00070EA3
01D74683
FE068EE3
00070EA3
0047A503
00155513
00154513
00157513
00008067
00472683
00669693
FB5FF06F
00D70633
00D64603
00168693
0FF6F693
0FF67613
00C7A423
00C74603
FEC6E2E3
F9DFF06F
00000693
FF1FF06F
000087B7
01C7A683
0046A783
0017F793
00078C63
00100713
000087B7
00E6A223
7DC78793
00E78EA3
00008067
FF410113
00812223
00008437
7DC40793
0087A703
00112423
03000793
7DC40413
02F71663
00C44783
00078663
00D44503
0F8010EF
00042223
00040623
00812083
00412403
00C10113
00008067
00842703
05000793
00F71C63
00C44783
FC078CE3
00D44503
0D0010EF
FCDFF06F
00100793
00F42223
FC5FF06F
FF410113
00812223
00008437
7DC40793
0087A683
00112423
05000713
02E69C63
7DC40413
00C44783
00078463
0B4010EF
00042703
00100793
00F71463
068010EF
00042223
00812083
00412403
00C10113
00008067
00100713
00E7A223
00078623
FE5FF06F
00008637
31860793
01400693
00D78023
00D780A3
FC400713
00E78123
F8000713
00E781A3
00100713
00E78223
01D00593
00B782A3
00E78323
F8100313
006783A3
00200593
00B78423
02D00513
00A784A3
00400513
00A78523
000785A3
00678623
000786A3
00D78723
00A787A3
00078823
000788A3
00078923
000789A3
00078A23
00078AA3
00078B23
00078BA3
00078C23
00078CA3
00078D23
00E78DA3
00078E23
00078EA3
00078F23
00B78FA3
02E78023
00800713
02E780A3
01000693
00000713
00E78633
02060123
00170713
FED71AE3
02078923
FE000693
02D789A3
04C00693
02D78A23
04400693
02D78AA3
07000693
02D78B23
03100693
02D78BA3
02E00693
02D78C23
03400693
02D78CA3
02078D23
02E78DA3
F8300713
02E78E23
00100713
02E78EA3
02078F23
02078FA3
04078023
040780A3
00000693
01000613
02068713
00171713
00E78733
00071123
00168693
FEC696E3
00008067
00008737
31870793
00078AA3
00078BA3
00078E23
00078F23
00078C23
00078CA3
00078D23
31870713
00000793
01000693
00F70633
02060123
00178793
FED79AE3
00008067
00200713
00050793
02E50663
02100713
04E50663
00100713
00100513
06E79063
000087B7
31878793
00B780A3
00000513
00008067
000087B7
31878793
00B78123
0027C703
04076713
00E78123
0027C703
08076713
00E78123
FD5FF06F
000087B7
00100713
31878793
00E59663
00B786A3
FBDFF06F
000786A3
FB5FF06F
00008067
000087B7
31878793
00F7C503
00757513
00008067
000087B7
31878793
00E7C503
00008067
000087B7
31878793
00F7C503
00757513
FFE50513
00153513
00008067
000087B7
31878793
00F7C503
00757513
FFC50513
00153513
00008067
000087B7
31878793
0107C783
00600713
00000513
0077F793
FFF78793
0FF7F793
00F76A63
00008737
24C70713
00F707B3
0007C503
00008067
FF410113
00112423
FC1FF0EF
00812083
FFF50513
00153513
00C10113
00008067
FF410113
00112423
FA1FF0EF
00812083
00253513
00154513
00C10113
00008067
FF410113
00112423
F81FF0EF
00812083
00153513
00C10113
00008067
000087B7
31878793
0117C503
00357513
00008067
000087B7
31878793
0117C503
00355513
00357513
00008067
000087B7
31878793
0117C503
00457513
00008067
000087B7
31878793
0117C503
02057513
00008067
000087B7
2B078793
00C7C583
0107C503
0147C603
00D7C683
00151513
0117C703
00261613
0157C783
00C56533
00B56533
00469693
00D56533
00571713
00E56533
00679793
00F56533
0FF57513
00008067
000087B7
2B078793
00E7C583
0127C503
0167C603
00F7C683
00151513
0137C703
00261613
0177C783
00C56533
00B56533
00469693
00D56533
00571713
00E56533
00679793
00F56533
0FF57513
00008067
000087B7
31878793
01D7C503
000087B7
2B078793
0187C783
00F56533
00008067
00008737
2B070713
01B74783
01A74683
00279793
0FF7F793
00D7E7B3
01B74683
00279793
0FF7F793
01A74503
00D7E7B3
00279793
0FF7F793
00A7E533
00008067
000087B7
31878793
01D7C703
00050863
08076713
00E78EA3
00008067
07F77713
FF5FF06F
000087B7
31878793
00D7C503
00157513
00008067
000087B7
31878793
0177C503
00157513
00008067
000087B7
31878793
01C7C703
01076713
00E78E23
00008067
000087B7
31878793
01E7C703
00176713
00E78F23
00008067
000087B7
31878793
01E7C703
00276713
00E78F23
00008067
000087B7
31878793
0157C503
01057513
00008067
000087B7
31878793
0117C503
00357513
00008067
E05FF06F
000087B7
31878793
01F7C503
00757513
FFF50513
00153513
00008067
000087B7
31878793
01F7C503
00008067
FF410113
00812223
00112423
00050413
6D5000EF
04050463
00845413
01041413
000086B7
01045413
00000713
31868693
01000613
02070793
00179793
00F687B3
0027D583
00B41663
0027D783
02079063
00170713
FEC710E3
00000513
00812083
00412403
00C10113
00008067
00100513
FEDFF06F
FF010113
00112623
00812423
00912223
F4CFF0EF
24050CE3
000087B7
7DC78713
00072603
00800693
7DC78413
46D61663
00872603
2FF00693
02C6F663
00872603
3FF00693
02C6E063
00072223
00070623
00812403
00C12083
00412483
01010113
811FF06F
00842683
00001737
00E6EE63
00842683
1FF70713
00D76863
00042223
00040623
FCDFF06F
00842683
02F00713
04D77663
00842683
03F00713
04D76063
00842603
000086B7
31868693
0FF67613
00000713
00C686B3
00C44603
FCC770E3
00E40633
00D64603
00170713
0FF77713
0FF67613
02C68123
FE1FF06F
00842503
EADFF0EF
0A050063
00842703
000087B7
26478693
00E6A823
00C44703
26478493
0FF77713
00E68A23
00000713
0144C683
02D76863
00100713
02E482A3
020483A3
0FA00593
00000513
02048423
9D8FF0EF
0274C703
02070663
00042223
F15FF06F
00E406B3
00D6C683
00E48633
00170713
0FF6F693
00D60AA3
0FF77713
FB1FF06F
0284C703
00070863
00100713
00E42223
EE1FF06F
00000513
A80FF0EF
FA050AE3
FE9FF06F
00042223
00000493
00842703
0FF4F793
00F12023
11100613
02E66863
0FF00613
04E67663
F0070713
01100613
04E66063
000087B7
00271713
03478613
00C70733
00072703
00070067
20100613
26C70663
02E66463
1C100613
22C70463
1C200613
22C70E63
1C000613
1EC70E63
00100713
00E42223
0840006F
60000613
26C70063
00002637
00360613
22C70863
2C000613
FCC71EE3
00940733
00D74583
00008737
31870713
01E74603
FFF5C593
00B67633
00C70F23
0440006F
00940733
00D74603
00008737
31870713
0FF67613
00C70723
299000EF
449000EF
11D010EF
01C0006F
00940733
00D74603
00008737
31870713
0FF67613
00C707A3
00842703
00012783
00148493
00170713
00E42423
00442603
00C44583
00178713
0FF77713
00B77463
EE0604E3
00442703
00100693
DCD718E3
00012783
00F406A3
00E40623
D91FF06F
00940733
00D74603
00008737
31870713
0FF67613
00C70823
A55FF0EF
F6051EE3
39D000EF
00200713
F00504E3
075010EF
F89FF06F
00940733
00D74603
00008737
31870713
0FF67613
00C708A3
07D010EF
F69FF06F
00940733
00D74603
00008737
31870713
0FF67613
00C70923
F4DFF06F
00940733
00D74603
00008737
31870713
0FF67613
00C709A3
F31FF06F
00940733
00D74603
00008737
31870713
0FF67613
00C70A23
F15FF06F
00940733
00D74603
00008737
31870713
0FF67613
00C70AA3
EF9FF06F
00940733
00D74603
00008737
31870713
0FF67613
00C70B23
EDDFF06F
00940733
00D74603
00008737
31870713
0FF67613
00C70BA3
2B5000EF
EA050EE3
000087B7
31878713
01774703
00100513
00177713
00071463
00000513
1F9000EF
E99FF06F
00940733
00D74603
00008737
31870713
0FF67613
00C70C23
E7DFF06F
00940733
00D74603
00008737
31870713
0FF67613
00C70CA3
E61FF06F
00940733
00D74603
00008737
31870713
0FF67613
00C70D23
E45FF06F
00940733
00D74583
00008737
31870713
01C74603
FFF5C593
00B67633
00C70E23
E21FF06F
00940733
00D74603
00008737
31870713
0FF67613
00C70FA3
00008737
26470713
00100613
00C701A3
5F8000EF
F0CFF0EF
658010EF
DE9FF06F
00042603
00900693
58D61863
00042223
00842683
02F00713
06D77263
00842683
03F00713
04D76C63
00842583
00008537
00000693
00F5F593
31850513
00C44603
00D58733
0FF77713
00C6EA63
00442683
00200713
B6E692E3
B91FF06F
00E50733
02274703
00D40633
00168693
0FF77713
00E606A3
0FF6F693
FC5FF06F
00842683
3FF00713
04D77A63
00842683
40F00713
04D76463
00842583
00008537
00000693
00F5F593
31850513
00C44603
00D58733
0FF77713
F8C6FCE3
00E50733
03274703
00D40633
00168693
0FF77713
00E606A3
0FF6F693
FD5FF06F
00842603
00001737
3FF70693
00C6F863
00842683
5FF70713
0AD77263
00842503
00000493
9F9FF0EF
24050863
00842683
000084B7
26448713
00D72823
00C44683
0FA00593
00000513
0FF6F693
00D70A23
00100693
02D70323
020703A3
02070423
26448493
D31FE0EF
0274C703
04070C63
00042223
00000713
0144C683
EED77CE3
00E486B3
0156C683
00E40633
00170713
0FF6F693
00D606A3
0FF77713
FDDFF06F
00E406B3
00170713
000686A3
0FF77713
00C44683
FED766E3
EBDFF06F
00000713
FF1FF06F
0284C703
0FF77793
00070863
00100713
00E42223
E9DFF06F
00000513
00F12023
DA5FE0EF
00012783
F6050EE3
00C44703
00E7E663
00042223
E79FF06F
00F40733
00178793
000706A3
0FF7F793
FE1FF06F
FFFFE6B7
E0068693
00D70733
01000693
16E6EE63
000087B7
00271713
07C78693
00D70733
00072703
00070067
E0070713
00700693
14E6EC63
000086B7
00271713
0C068693
00D70733
00072703
00070067
F0070713
01100693
12E6EA63
000086B7
00271713
0E068693
00D70733
00072703
00070067
000086B7
00271713
12868693
00D70733
00072703
00070067
1C000693
0ED71E63
00008737
31870713
01874703
08C0006F
60000693
2CD70A63
04E6E263
20700693
02E6E263
1FF00693
F6E6E8E3
1C200693
0CD71463
00008737
31870713
01A74703
0580006F
2C000693
0AD71863
00008737
31870713
01E74703
0400006F
000026B7
21068613
08E66A63
1FF68613
F0E660E3
00268613
28C70263
00368693
06D71E63
00008737
31870713
01C74703
00C0006F
00008737
31874703
0FF77713
009406B3
00E686A3
00842703
00148493
00170713
00E42423
00442683
00C44603
0FF4F713
0016B693
00C73733
00D77733
D00700E3
00842703
1C100693
18D70E63
F2E6EAE3
11100693
F0E6EAE3
0FF00693
ECE6E8E3
02100693
EEE6F6E3
00940733
000706A3
FA5FF06F
00008737
31870713
00174703
F89FF06F
00008737
31870713
00274703
F79FF06F
00008737
31870713
00374703
F69FF06F
00008737
31870713
00474703
F59FF06F
00008737
31870713
00574703
F49FF06F
00008737
31870713
00674703
F39FF06F
00008737
31870713
00774703
F29FF06F
00008737
31870713
00874703
F19FF06F
00008737
31870713
00974703
F09FF06F
00008737
31870713
00A74703
EF9FF06F
00008737
31870713
00B74703
EE9FF06F
00008737
31870713
00C74703
ED9FF06F
00008737
31870713
00D74703
EC9FF06F
00008737
31870713
00E74703
EB9FF06F
00008737
31870713
00F74703
EA9FF06F
00008737
31870713
01074703
E99FF06F
00008737
31870713
01174703
E89FF06F
00008737
31870713
01274703
E79FF06F
00008737
31870713
01374703
E69FF06F
00008737
31870713
01474703
E59FF06F
00008737
31870713
01574703
E49FF06F
00008737
31870713
01674703
E39FF06F
00008737
31870713
01774703
E29FF06F
00008737
31870713
01974703
E19FF06F
00008737
31870713
01B74703
E09FF06F
1A8010EF
00050C63
1EC010EF
20C010EF
00051663
00200713
00E42223
BD8FF0EF
00940733
00A706A3
DE9FF06F
C18FF0EF
FF1FF06F
C60FF0EF
00940733
00A706A3
00000513
CB0FF0EF
DC9FF06F
C68FF0EF
FD1FF06F
00008737
31870713
01F74703
DA5FF06F
00008737
31870713
02074703
D95FF06F
00008737
31870713
02174703
D85FF06F
00072783
00078863
00072683
00400793
00F69663
F21FE0EF
E08FF06F
00072683
00100793
00F68863
00072703
00500793
DEF71863
F79FE0EF
DE8FF06F
00C12083
00812403
00412483
01010113
00008067
000087B7
38078023
00008067
000087B7
38A78023
00008067
000087B7
38078793
0007C703
00871713
00E79123
0027D703
00E56533
00A79123
00008067
000085B7
00008637
00000793
7DC58593
38060613
00C5C703
00E7E463
00008067
00265703
00170693
01069693
0106D693
00D61123
00E60733
00474703
00F586B3
00178793
0FF77713
00E686A3
0FF7F793
FC5FF06F
000087B7
00478793
0007A023
00078223
000782A3
00078323
000087B7
0207A783
00100713
00E7A023
00008067
000087B7
00478793
00078223
000782A3
00008737
00078323
26470713
00074683
02068663
000086B7
0206A603
0007A023
00062683
0026E693
00D62023
00070023
00100713
00E78223
00008067
00174683
02068663
000086B7
0206A583
00100613
00C7A023
0005A683
0046E693
00D5A023
000700A3
00C782A3
00008067
00274683
02068263
000086B7
0206A603
00062683
0086E693
00D62023
00070123
00100713
00E78323
00008067
000087B7
0047A503
FFF50513
00153513
00008067
000087B7
00478793
0057C503
00A03533
00008067
000087B7
00478793
0047C503
00A03533
00008067
000087B7
00478793
0067C503
00A03533
00008067
000087B7
0207A703
00072783
0087E793
00F72023
00008067
FF410113
00112423
00812223
81DFE0EF
00157793
06078E63
00257793
00050413
00078A63
00100513
C88FE0EF
00200513
809FE0EF
00447793
00078863
F04FE0EF
00400513
FF4FE0EF
02047793
00078863
C9DFE0EF
02000513
FE0FE0EF
04047793
00078863
859FE0EF
04000513
FCCFE0EF
08047413
00040E63
4D5010EF
00412403
00812083
08000513
00C10113
FACFE06F
00812083
00412403
00C10113
00008067
000087B7
30C78793
0007A023
00078223
000782A3
00078323
000783A3
00078423
00008067
000107B7
FF010113
01F78793
00F12023
00112623
F39FE0EF
00400793
04F51E63
00215783
0067E793
00F11123
00215783
0087E793
00F11123
990FF0EF
00050663
01000793
00F11123
000087B7
7CC78793
01000713
00E78223
0007A023
00200713
00E782A3
0027A423
84DFE0EF
00C12083
01010113
00008067
ED5FE0EF
00200793
00F51863
00215783
0047E793
F9DFF06F
EBDFE0EF
00100793
F8F51AE3
00215783
0027E793
F85FF06F
000087B7
00100713
30C78793
00E783A3
000087B7
26478793
00E78523
F3DFF06F
FF010113
000087B7
00112623
7CC78793
01000713
00E78223
00E11023
0007A023
00200713
00A03533
00451513
00E782A3
00A11123
0027A423
FB4FE0EF
00C12083
01010113
00008067
FF010113
06000793
00F11023
000087B7
00112623
7CC78793
01000713
00E78223
FF650513
0007A023
00200713
00153513
00551513
00E782A3
00A11123
0027A423
F64FE0EF
00C12083
01010113
00008067
000087B7
30C78793
0077C503
00008067
000087B7
30C78793
0057C503
00008067
000087B7
30C78793
0067C503
00008067
000087B7
30C78793
00100713
00E78223
00008067
FF410113
02000513
00112423
9CCFE0EF
00812083
00800513
00C10113
B88FE06F
FF410113
00812223
00912023
00058413
00112423
00050493
FC9FF0EF
00008737
30C70793
0077C783
0087E5B3
30C70413
00058863
000087B7
26478793
009784A3
00744783
00078863
3CD000EF
00100513
F7DFE0EF
C71FE0EF
000403A3
00812083
00412403
00012483
00C10113
00008067
02000513
934FE06F
FF010113
00812423
00008437
30C40413
00042783
00912223
00112623
00100493
06978E63
00200713
0CE78A63
02079463
00444783
04078A63
00040223
000402A3
00040323
CE1FE0EF
00844783
00A79863
009402A3
00042023
0300006F
00040423
F09FF0EF
000087B7
26478793
000185B7
00078623
6A058593
00000513
009785A3
B38FE0EF
00942023
00C12083
00812403
00412483
01010113
00008067
00008737
26470713
00C74703
00070E63
00F12023
F49FF0EF
00012783
00F402A3
00040423
F95FF06F
00008737
25874703
FA071EE3
00000513
00F12023
BD4FE0EF
FA0506E3
E89FF0EF
00012783
00100593
00100513
00F40323
E95FF0EF
F5DFF06F
00300593
00800513
938FE0EF
00050663
009402A3
FADFF06F
B98FE0EF
F60508E3
02000513
820FE0EF
00100593
00200513
E5DFF0EF
00940323
F21FF06F
000087B7
26478793
00078023
000780A3
00078123
00078323
000783A3
00078423
000781A3
00078223
000782A3
000784A3
00078523
000785A3
00078623
000786A3
00078723
000787A3
020782A3
02078323
020783A3
02078423
040784A3
04078523
000087B7
7A878793
000780A3
00100713
00E78023
000087B7
78478793
000780A3
00E78023
00008067
00008737
7A870693
00100613
00C68023
0016C783
38078E63
7A870713
00070023
000700A3
00374583
01200513
0FF5F793
04B56463
00200693
06F6F463
FFD78793
0FF7F793
00F00693
04F6EC63
000086B7
00279793
1B068693
00D787B3
0007A783
FF410113
00812223
00008437
00112423
78440413
00078067
07300593
02F5EA63
07100693
2AF6E263
00008737
02400693
78470713
1ED78663
04200693
20D78463
000087B7
78478793
000781A3
1E40006F
07500593
22B78063
08000693
FED792E3
00474783
00574583
00674603
00879793
00008537
00F5E5B3
0FF67613
00000793
38050513
00F586B3
01069693
0FF7F313
0106D693
1CC36063
000087B7
78478793
00100713
00E781A3
1880006F
00474683
00574583
00200713
0FF6F793
0FF5F593
04E68A63
04F76063
00200513
00079463
00100513
99DFE0EF
02051A63
00100793
00F401A3
00100713
000087B7
78478793
00E78123
00412403
00812083
00C10113
A40FE06F
0FF00713
00E78A63
000401A3
FD5FF06F
02100513
FBDFF06F
04700793
FEF596E3
02000513
DE9FD0EF
73C000EF
FADFF06F
00100793
000085B7
00F401A3
25858593
00000793
00800513
00078693
00178793
00F70633
00364603
00D586B3
0FF67613
00C680A3
FEA792E3
6F4010EF
F75FF06F
00500793
00F401A3
D45FD0EF
00855793
0FF7F793
00F40223
0FF57513
00A402A3
00200793
00F40323
00700793
00F403A3
00040423
DADFD0EF
0FF57513
00A404A3
8C5FF0EF
00A40523
B49FF0EF
00A405A3
92DFE0EF
00A40623
939FE0EF
00A406A3
458010EF
00A40723
00C00713
F09FF06F
000087B7
00100713
26478793
00E780A3
00E401A3
EEDFF06F
00008737
00100793
26F70223
ED9FF06F
000087B7
00100713
26478793
00E78123
FD9FF06F
000087B7
26478793
00C782A3
00C701A3
000087B7
00100713
78478793
00E78123
EC1FF06F
000087B7
26478793
00C78623
FDDFF06F
00478313
00670333
00334303
00D506B3
00178793
0FF37313
00668223
E15FF06F
0056C583
0046C783
00008737
31870713
02078793
00179793
00F707B3
00859593
00B79123
0066C583
0046C783
02078793
00179793
00F707B3
0027D703
00E5E733
00E79123
000087B7
78478793
00C781A3
F6DFF06F
00474683
000087B7
26478613
0FF6F693
00D60A23
01464683
26478793
04069463
00374683
07200713
04E69263
00100713
02E783A3
00008067
00268613
00C70633
00364603
00D785B3
00168693
0FF67613
00C58AA3
0FF6F693
0147C603
FCC6EEE3
FC1FF06F
00000693
FF1FF06F
00100713
02E78423
00008067
000087B7
78478793
000781A3
D99FF06F
00008067
000087B7
26478793
0497C703
00E78733
02A704A3
0497C683
01F00713
00D77663
040784A3
00008067
0497C703
00170713
0FF77713
04E784A3
00008067
000087B7
26478793
04A7C703
00E78733
02974503
04A7C683
01F00713
0FF57513
00D77663
04078523
00008067
04A7C703
00170713
0FF77713
04E78523
00008067
000087B7
26478793
04A7C503
0497C783
40F50533
00A03533
00008067
FF410113
00112423
00812223
FD9FF0EF
02050263
00008437
78440413
00200793
00F401A3
F81FF0EF
00A40223
00200713
04C0006F
000087B7
26478713
00B74683
26478793
04068A63
000705A3
00008437
00070623
78440413
04000793
00F401A3
EB8FE0EF
00A40223
E9CFE0EF
00A402A3
96DFE0EF
00A40323
00400713
000087B7
78478793
00E78123
00412403
00812083
00C10113
EC1FD06F
00374683
02068063
00008437
000701A3
78440413
02500793
00F401A3
971FE0EF
F71FF06F
00474683
02068863
00008437
00070223
78440413
02300793
00F401A3
E88FE0EF
00A40223
E38FE0EF
00A402A3
E1CFE0EF
F89FF06F
00674683
04068063
00008437
00070323
78440413
03100793
00F401A3
E0CFE0EF
00A40223
DF0FE0EF
00A402A3
8D5FE0EF
00A40323
8E1FE0EF
00A403A3
00500713
F4DFF06F
00774683
02068863
00008437
000703A3
78440413
03200793
00F401A3
DC8FE0EF
00A40223
DACFE0EF
00A402A3
00300713
F19FF06F
00974683
02068463
000087B7
78478793
04500693
00D781A3
00974683
0FF6F693
00D78223
000704A3
E9DFF06F
00A74683
02068063
000087B7
00070523
78478793
04400713
00E781A3
00100713
EC9FF06F
00F74683
16068863
000087B7
000707A3
78478793
06600713
00E781A3
00008737
2DC70713
00472683
0106D693
0FF6F693
00D78223
00472683
0086D693
0FF6F693
00D782A3
00472683
0FF6F693
00D78323
00872683
0106D693
0FF6F693
00D783A3
00872683
0086D693
0FF6F693
00D78423
00872683
0FF6F693
00D784A3
00C75683
0086D693
00D78523
00C75683
0FF6F693
00D785A3
00E75683
0086D693
00D78623
00E75683
0FF6F693
00D786A3
01275683
0086D693
00D78723
01275683
0FF6F693
00D787A3
01075683
0086D693
00D78823
01075683
0FF6F693
00D788A3
01475683
0086D693
00D78923
01475683
0FF6F693
00D789A3
01675683
0086D693
00D78A23
01675683
0FF6F693
00D78AA3
01A75683
0086D693
00D78B23
01A75683
0FF6F693
00D78BA3
01875683
0086D693
00D78C23
01875683
0FF6F693
00D78CA3
01C74683
0FF6F693
00D78D23
01D74683
0FF6F693
00D78DA3
01E74683
0FF6F693
00D78E23
02072703
0FF77713
00E78EA3
01B00713
D55FF06F
00D7C703
00070C63
000786A3
000087B7
78478793
06200713
E69FF06F
00E7C703
0FF77693
02070463
00008737
78470713
06300693
00D701A3
00E7C683
0FF6F693
00D70223
00078723
CB9FF06F
0257C703
0A070063
000085B7
78458713
07000613
00C701A3
0107A603
78458593
01065613
0FF67613
00C70223
0107A603
00865613
0FF67613
00C702A3
0107A603
0FF67613
00C70323
0147C603
0FF67613
00C703A3
0147C603
00568713
0FF77713
02C6E263
020782A3
020783A3
02078423
C8071AE3
00812083
00412403
00C10113
00008067
00D78633
01564603
00E58733
00168693
0FF67613
00C701A3
0FF6F693
FB5FF06F
0267C703
FC0706E3
00008737
78470713
07100693
00D701A3
0107A683
0106D693
0FF6F693
00D70223
0107A683
0086D693
0FF6F693
00D702A3
0107A683
0FF6F693
00D70323
0147C683
0FF6F693
00D703A3
02078323
020783A3
02078423
CB5FF06F
000087B7
00000693
2B078793
00100713
00400593
00D78633
00E60623
00E60823
00E60A23
00168693
FEB696E3
00E78C23
00E785A3
00E78423
000087B7
31878793
0017C703
0FF77713
00E78723
0027C703
0FF77713
00E787A3
B8CFF06F
FF010113
00812423
00008437
00112623
00912223
A2CFE0EF
2B040493
02A484A3
A0CFE0EF
02A48523
A60FE0EF
02A48423
02A4C783
00011123
00000693
00F11023
00000713
00000793
2B040413
02A44603
04C76263
00068463
00F11123
000087B7
7CC78793
01100713
00E78223
0007A023
00200713
00E782A3
0027A423
B19FD0EF
00C12083
00812403
00412483
01010113
00008067
02844683
00479793
00170713
00F6E7B3
01079793
0107D793
0FF77713
00100693
F99FF06F
000087B7
00000713
2B078793
00400613
00E786B3
00068623
00068823
00068A23
00170713
FEC716E3
00078C23
00078423
00078CA3
00078D23
00078DA3
00078E23
00008067
000087B7
2B078793
0007A023
00078223
000782A3
00078323
000783A3
00078523
000785A3
F99FF06F
000087B7
2B078793
0077C503
00008067
000087B7
2B078793
00100713
00E78223
00008067
000087B7
2B078793
00100713
00E782A3
00008067
000087B7
2B078793
00100713
00E78323
00008067
000087B7
2B078793
00100713
00E78523
00008067
000087B7
2B078793
000785A3
00008067
000087B7
2B078793
00B7C503
00008067
000087B7
2B078793
01E7D503
00F55513
00008067
FD810113
000087B7
02112223
02812023
7CC78793
00912E23
01100713
00E78223
00100713
00E7A023
00600713
00E782A3
00C10713
00E7A423
00012623
00012823
00012A23
999FD0EF
01615783
00008437
2B040713
0017F793
00F70C23
00C15783
00F71F23
F89FF0EF
00050713
06050063
2B040413
00000793
0300006F
00178693
00169713
01070713
00C10613
00C70733
FF075703
01078793
00179793
00F407B3
00E79023
0FF6F793
02A44703
FCE7E8E3
01E45483
00100713
0034D793
00F12023
00000493
02A44683
00D4EE63
02412083
02012403
01C12483
00070513
02810113
00008067
01048693
00169693
00D406B3
0006D603
00012783
009406B3
00E12423
00D12223
02F66A63
800FE0EF
00412683
00812703
00100613
00050A63
00C68623
00148793
0FF7F493
F9DFF06F
00C68823
00C68A23
FEDFF06F
FD1FD0EF
00412683
00050863
00068623
00000713
FD5FF06F
00068823
00068A23
FF1FF06F
000087B7
2B078693
0196C603
00500593
2B078793
0FF67713
08C5EA63
000086B7
00271713
1F068693
00D70733
00072703
00070067
00100713
00E78D23
00078DA3
00E78CA3
00008067
00100713
00E78D23
00E78DA3
00200713
FE9FF06F
00100713
00E78D23
00200713
00E78DA3
00300713
FD1FF06F
00100713
00E78D23
00300713
00E78DA3
0100006F
00200713
00E78D23
00078DA3
00400713
FA9FF06F
00200713
00E78D23
00100713
FD9FF06F
00068D23
00068DA3
00068CA3
00008067
FF410113
00812223
00008437
2B040793
00112423
00912023
0047C783
2B040413
00079663
00544783
00078663
00042023
00040523
00042783
00200493
0C978463
04F4E863
08079863
00544783
04078A63
000402A3
00744783
02078063
000087B7
26478793
00100713
00000593
00500513
00E783A3
860FF0EF
000403A3
00812083
00412403
00012483
00C10113
00008067
00300713
08E78863
00042023
FE1FF06F
00444783
FC078CE3
00040223
00100793
00F403A3
00040423
00040E23
E35FD0EF
00050463
C25FF0EF
00100793
00F42023
FADFF06F
FE1FE0EF
00644783
FA0780E3
00040323
000087B7
000405A3
26478793
000782A3
00100713
00E78223
00942023
F7DFF06F
000087B7
26478793
0057C783
F60786E3
830FF0EF
B19FF0EF
00300793
FADFF06F
00A44783
F4078AE3
00040523
CB9FF0EF
00A404A3
C9DFF0EF
F40500E3
00944783
04078463
DC9FD0EF
02050463
00100713
00E40423
000087B7
26478793
000403A3
FFF00513
00E78323
B08FD0EF
E49FE0EF
00042023
00100793
00F405A3
00944703
F40704E3
F11FF06F
DB9FF0EF
FE9FF06F
000087B7
2B07A503
00008067
000087B7
2DC78793
020782A3
02078223
00079023
0207A023
00078F23
0207A423
02078623
00008067
FA410113
04112C23
04812A23
04912823
C85FD0EF
000087B7
7CC78793
01200713
00E78223
00100693
00D7A023
00E782A3
02810713
00E7A423
00A12423
DC0FD0EF
02A15683
00400793
02815703
00D12023
00812683
03A15403
0CF69063
02C15783
03015583
00FF06B7
F007F313
00871613
0085D513
00656533
00D67633
00C564B3
00010637
FFF60613
01071713
00879793
00D77733
00C7F7B3
00E7E7B3
0FF5F593
00F5E5B3
00012783
03215703
00B12E23
00879513
02E15783
00875593
00D57533
F007F313
0065E5B3
00A5E5B3
02B12023
00012583
00879793
00C7F7B3
01059593
00D5F5B3
00B7E7B3
0FF77713
00F76733
02E12223
03615703
00841793
00C7F7B3
01071713
00D77733
00E7E7B3
03E14703
00F767B3
0CC0006F
00812303
00200593
04215783
04415683
00871513
00841613
20B31863
02C15583
00012383
00FF0337
0085D293
F003F393
0072E2B3
00657533
00A2E4B3
00012503
01071713
00677733
00851293
00010537
FFF50513
00A2F2B3
00E2E2B3
0FF5F593
0055E5B3
03C15703
00B12E23
03E15583
F0077393
00667633
0085D293
0072E2B3
00C2E2B3
00871713
01041613
00667633
00A77733
00C76733
0FF5F593
00E5E5B3
04015703
00879793
00A7F7B3
01071713
00677733
00E7E7B3
0FF6F693
02512023
02B12223
00F6E7B3
00F12223
01C12783
00000513
48F49063
02012783
46979C63
02412783
46979863
46048663
00412783
46078263
00812703
00400793
18F71063
02810793
03E10613
00000713
00C7D683
00278793
00D70733
01071713
01075713
FEF616E3
000087B7
2DC78793
0007D683
00000513
42E68063
00812503
00E79023
00400593
03615303
04015703
04815383
03415603
03815683
2EB51C63
00412583
0097A223
F0067513
00B7A423
0086D593
00A5E5B3
00B79623
000105B7
FFF58593
00861613
00B67633
0FF6F693
00C6E6B3
01069693
0106D693
00D79723
04415683
F0037313
00845413
00646433
F006F693
0083D613
00879923
00C6E633
00C79823
03C15603
00875513
0FF77713
F0067313
00861613
00B67633
00C76733
00656533
01071713
00A79A23
01075713
00E79B23
04215603
03E15703
0FF3F393
00865593
F0077713
00B76733
00E79D23
0076E6B3
04614703
00D79C23
0FF67613
00C78E23
00E78EA3
32C0006F
00012703
00FF05B7
01079793
00875313
03015703
00A364B3
03215503
01071713
00B77733
00E56733
00B7F7B3
00F6E6B3
00E12E23
04815783
04615703
00666633
02C12023
02D12223
00871713
0087D793
D81FF06F
00812703
00200793
0EF71463
04015783
00300693
00000713
F007F793
01079793
0107D793
00F12623
04215783
00D00293
00C00313
F007F793
01079793
0107D793
00F12823
04415783
00800613
00E00593
F007F793
01079393
0103D393
02810793
00D2EE63
04668A63
00168513
06D67863
0FF57693
00278793
FE9FF06F
01000513
00B69C63
00E38733
01071713
01075713
00278793
00F00513
0067D683
00278793
00D706B3
01069713
01000693
01075713
DED50CE3
FADFF06F
00C12683
00478793
00E68733
01012683
00D70733
01071713
01075713
00E00693
F89FF06F
0067D683
00D706B3
01069713
01075713
F85FF06F
03015783
03C14383
04814283
F007F793
01079793
0107D793
00F12823
00014783
00008637
00000693
00F12623
00000713
02810793
01000313
01200513
20860613
02D36663
00269593
00C585B3
0005A583
00058067
00C12683
00278793
00E68733
01071713
01075713
00200693
0007D583
00168693
0FF6F693
00B705B3
01059713
01075713
02A69463
D31FF06F
01012683
00278793
00E68733
01071713
01075713
00500693
00168693
0FF6F693
00278793
F91FF06F
00E38733
01071713
01075713
00278793
00B00693
FA5FF06F
00E28733
01071713
01075713
00278793
01100693
F8DFF06F
03015583
000102B7
FFF28293
00B12823
0085D593
00B12623
02E15583
00812503
0FF3F393
00859413
00547433
00812A23
0097A223
00200413
0E851063
00412503
F005F593
F0077713
00A7A423
00C12503
00B565B3
00B79623
01014503
01412583
00B56533
04215583
01051513
01055513
0085D593
00A79723
00E5E733
00E79923
F0037593
0086D713
00B76733
00E79823
03215703
00865593
0FF67613
F0077513
00871713
00577733
00E66633
00A5E5B3
01061613
00B79A23
01065613
00C79B23
04415703
04615603
00831313
00537333
0FF6F693
00865593
F0077713
0066E6B3
00B76733
01069693
00E79D23
0106D693
00D79C23
0FF67613
00C78E23
00778EA3
00100513
05812083
05412403
05012483
05C10113
00008067
00412503
02C15403
0085D593
00A7A423
00012503
00845493
00841413
00851513
00557533
00A4E4B3
01049493
0104D493
00979623
03C15483
00C79723
03E15603
00849493
0054F4B3
00865513
00956533
01051513
01055513
00A79923
01412483
00C12503
00547433
0085E5B3
00956533
01051513
00861613
01055513
01059593
00567633
00875713
00A79823
0105D593
00C76733
00B79A23
01071713
00679B23
01075713
00E79D23
00D79C23
04A14703
00778E23
C05FF06F
FF410113
000087B7
00812223
00112423
00100413
26478793
04000513
008786A3
95DFC0EF
000087B7
2DC78793
028782A3
00812083
00412403
0207A423
00C10113
00008067
FF410113
00812223
00050413
04000513
00112423
935FC0EF
000087B7
26478793
00878723
000087B7
2DC78793
020782A3
00079023
0207A023
00078F23
0207A423
02078623
00812083
00412403
00C10113
00008067
000087B7
2DC78793
0257C503
00008067
000087B7
2DC78793
0287A683
3E800713
00E69863
0207A423
00100513
00008067
0287A703
00000513
00170713
02E7A423
00008067
FF010113
000087B7
00112623
7CC78793
01400713
00E78223
00100713
00E7A023
00E782A3
0027A423
DC1FC0EF
00C12083
00014503
01010113
00008067
FF410113
00812223
00008437
2DC40793
00112423
01D7C783
2DC40413
0407F793
04078C63
FA1FF0EF
00357693
FFF68793
0FF7F793
00200613
00100713
00F66463
00168713
00255513
00757513
00300693
00C00793
06D50C63
00400693
01000793
06D50663
00200693
00A00793
06D50063
00800793
0580006F
01C44783
00300693
00000713
0017D793
0037F793
00D78A63
00008737
25470713
00E787B3
0007C703
01C44683
00300613
00C00793
0056D693
00C68E63
00400613
01000793
00C68863
00200613
00A00793
FAC694E3
02042683
00E69863
01E44683
00000513
00F68C63
02E42023
00F40F23
01E44503
D1CFE0EF
00100513
00812083
00412403
00C10113
00008067
000087B7
2587C783
00200713
00079463
00800713
000087B7
2DC78793
02C7C683
04E6E263
FF410113
00112423
00812223
02078623
E78FF0EF
00050413
EC1FF0EF
00A46433
0FF47413
00100513
00041463
00000513
00812083
00412403
00C10113
00008067
02C7C703
00000513
00170713
0FF77713
02E78623
00008067
000087B7
2DC78793
00100713
02E78223
00008067
000087B7
2DC78793
0247C703
0FF77513
00070663
02078223
00100513
00008067
000086B7
25868793
0017C603
06500713
25868693
06E61063
0027C603
07600713
04E61A63
0037C603
06100713
04E61463
0047C603
06C00713
02E61E63
0077C603
07200713
02E61863
0087C603
03300713
02E61263
0057C703
0067C683
FD070713
0FF77713
F9F68693
04D71263
00E78523
00008067
00000713
00000793
00700613
00E685B3
0015C583
00170713
00F5C7B3
FEC718E3
0086C703
00278793
0FF7F793
00F71663
00100513
8D1FC06F
00008067
FF410113
00100513
00112423
E48FC0EF
000087B7
25878793
00050C63
00100713
00E78023
00812083
00C10113
00008067
00078023
FF1FF06F
0000C7B7
10078693
00008737
02D72823
20078693
00008737
02D72623
30078693
00008737
02D72423
40078693
00008737
02D72223
50078693
00008737
02D72023
60078693
00008737
00D72E23
70078793
00008737
00F72C23
0000D7B7
00008737
80078793
FF410113
00F72A23
00112423
D60FE0EF
CC4FC0EF
00800513
D14FC0EF
03800513
D28FC0EF
F41FF0EF
F50FC0EF
A6DFC0EF
94DFC0EF
BEDFC0EF
FC1FD0EF
B85FC0EF
EE9FC0EF
990FE0EF
C40FF0EF
FC9FE0EF
00100513
D10FC0EF
00200513
D08FC0EF
00400513
D00FC0EF
D693A5B7
40058593
00100513
F78FC0EF
000087B7
25878793
000784A3
00100713
00E78523
F99FD0EF
864FE0EF
00050663
F7DFE0EF
FE5FC0EF
C48FD0EF
FE9FF06F
00200713
00E50A63
00300713
00E50863
00100713
00E51863
CA4FC06F
00400513
FF9FF06F
00008067
00200713
00E50A63
00300713
00E50863
00100713
00E51863
C8CFC06F
00400513
FF9FF06F
00008067
FF410113
00112423
00812223
821FC0EF
00200513
831FC0EF
00400513
829FC0EF
02000513
821FC0EF
04000513
819FC0EF
08000513
811FC0EF
00008537
00008437
805FC0EF
25840413
FF5FD0EF
FC0FC0EF
00050663
00800513
C34FC0EF
00100513
F88FC0EF
FE0502E3
00944703
00A44783
00F76E63
00400513
C04FC0EF
00100593
00900513
A40FE0EF
FC1FF06F
00944783
D693A5B7
40058593
00178793
0FF7F793
00100513
00F404A3
E4CFC0EF
F9DFF06F
FF410113
00112423
C44FE0EF
88DFE0EF
FF9FF06F
FF410113
00812223
00112423
00008437
A68FE0EF
918FF0EF
984FE0EF
FE050AE3
00300593
03800513
CF4FC0EF
04050463
00800513
BC8FC0EF
00200793
02050263
01000513
BB8FC0EF
00300793
00050A63
02000513
BA8FC0EF
00153793
00379793
00078513
00000593
998FE0EF
00300513
A01FF0EF
A51FF0EF
02050063
04000513
B7CFC0EF
00051A63
A4DFF0EF
00050663
00200513
9DDFF0EF
C41FF0EF
F6050AE3
BA9FF0EF
F60506E3
25840793
00100713
00E78DA3
A11FF0EF
F4051CE3
971FF0EF
F51FF06F
0100006F
0500006F
0940006F
0D80006F
00000093
00009137
00000193
00000213
00000293
00000313
00000393
00000413
00000493
00000513
00000593
00000613
00000693
00000713
00000793
240030EF
0000006F
00000093
00009137
F0010113
00000193
00000213
00000293
00000313
00000393
00000413
00000493
00000513
00000593
00000613
00000693
00000713
00000793
458030EF
0000006F
00000093
00009137
E0010113
00000193
00000213
00000293
00000313
00000393
00000413
00000493
00000513
00000593
00000613
00000693
00000713
00000793
4BC030EF
0000006F
00000093
00009137
D0010113
00000193
00000213
00000293
00000313
00000393
00000413
00000493
00000513
00000593
00000613
00000693
00000713
00000793
488030EF
0000006F
000087B7
01478793
0007A023
0007A223
000087B7
0387A683
000017B7
23478793
0006A703
00100513
01075713
00F71863
00300793
00F6A223
00000513
00008067
000087B7
0387A783
0007A503
01051513
01055513
00008067
000087B7
0387A783
00251513
0047A703
00E56533
00A7A223
00008067
000087B7
0387A783
00A51513
0047A703
00E56533
00A7A223
00008067
000087B7
0387A783
00A7AC23
00008067
000087B7
0387A783
00A7AE23
00008067
000087B7
0387A783
02A7A023
00008067
000087B7
0387A783
02B7A423
02A7A223
00008067
000087B7
0387A783
00C7A503
00008067
000087B7
0387A783
00C7A783
00A7F533
00A03533
00008067
000087B7
0387A783
00A7AC23
00A7AE23
00008067
FF410113
00912023
000084B7
0384A783
00112423
00812223
0087A783
0017F793
04078C63
00050413
5CC000EF
0384A703
000087B7
01478793
01072603
0007A683
00040513
00412403
00C6E6B3
00D7A023
01472603
0047A683
00812083
00012483
00C6E6B3
00D7A223
00100793
00F72423
00C10113
5AC0006F
00812083
00412403
00012483
00C10113
00008067
FF010113
00912223
000084B7
01448493
0004A783
00812423
00112623
00A7F7B3
00050413
00000513
02078663
00058513
00B12023
534000EF
0004A783
00012503
FFF44413
00F47433
0084A023
548000EF
00100513
00C12083
00812403
00412483
01010113
00008067
FF010113
00912223
000084B7
01448493
0044A783
00812423
00112623
00A7F7B3
00050413
00000513
02078663
00058513
00B12023
4CC000EF
0044A783
00012503
FFF44413
00F47433
0084A223
4E0000EF
00100513
00C12083
00812403
00412483
01010113
00008067
000087B7
01478793
0007A703
FFF54513
00E57533
00A7A023
00008067
000087B7
01478793
0047A703
FFF54513
00E57533
00A7A223
00008067
000087B7
0347A783
00300713
00000513
00E7A023
000087B7
00078423
00878793
000780A3
00008067
000087B7
0347A783
02051C63
00B7A623
00400713
0007A683
00D76733
00E7A023
000087B7
00878793
00A78533
00050023
00054783
FE078EE3
00050023
00008067
00B7A823
00800713
FCDFF06F
000087B7
0347A783
02051663
00B7A623
00400713
0007A683
00D76733
00E7A023
000087B7
00878793
00F50533
00050023
00008067
00B7A823
00800713
FD9FF06F
02050E63
00400693
00800793
00008737
03472703
FFF7C793
00072603
00C7F7B3
00F72023
000087B7
00878793
00D72223
00F50533
00050023
00008067
00200693
00400793
FC9FF06F
000087B7
0347A703
00472783
0107F693
00068E63
01000693
00D72223
000086B7
00868693
00100613
00C68123
0027F693
00068C63
00200693
00D72223
00100613
000086B7
00C68423
0047F793
00078E63
00400793
00F72223
000087B7
00878793
00100713
00E780A3
00008067
000087B7
00878793
00A787B3
0007C703
0FF77513
00070663
00078023
00100513
00008067
000087B7
00878793
0027C703
0FF77513
00070663
00078123
00100513
00008067
000087B7
0307A783
00100713
00000513
00E7A023
00008067
000087B7
0307A783
00A7A023
00008067
000087B7
0307A783
00A7A223
00008067
000087B7
0307A783
0087A503
00008067
000087B7
0307A783
00A7A423
00008067
000087B7
02C7A783
00F00713
00000513
00E7A223
00008067
000087B7
02C7A683
00008737
10000793
00F6A623
0E470713
00000793
00274603
00C7E863
1FF00793
00F6A623
00008067
00F70633
00364603
00178793
0FF7F793
0FF67613
00C6A623
FD5FF06F
000087B7
02C7A783
00A7AA23
00008067
000087B7
02C7A503
FF810113
00812223
00912023
00100793
00F52423
00852703
00000693
00008337
00875713
00F77713
10000293
1FF00393
00100413
00E69A63
00412403
00012483
00810113
00008067
10830793
0007C783
10830613
FE078AE3
01052783
1FF7F793
00579663
00060123
FF1FF06F
00779A63
00168693
008600A3
0FF6F693
FB9FF06F
00264583
0FF7F793
00158493
0FF4F493
00960123
00B605B3
00F581A3
FBDFF06F
000087B7
18C78793
00078623
00000513
00008067
000087B7
0207A683
00100793
00F6A023
000087B7
18C78613
00564583
00464703
00062603
18C78793
00871713
00B76733
00061663
00008637
00C76733
00020637
00C76733
00E6A423
00010537
00000713
0057C603
00C76C63
0007A603
00100713
08E60263
0006A023
00008067
0007A583
00000613
00059A63
0087A603
00171593
00B60633
00065603
0057C583
FFF58593
00B71463
00A66633
00170713
00C6A423
0FF77713
FADFF06F
0046A603
00267593
00059663
00467613
FE0618E3
00C6A583
0087A603
00171513
00170713
00A60633
00B61023
0FF77713
0057C603
FCC766E3
F85FF06F
00000713
FF1FF06F
000087B7
0207A783
0047A783
0017F793
00078A63
000087B7
18C78793
00100713
00E78623
00008067
000087B7
01C7A783
00100713
00000513
00E7A023
00008067
00100793
00A79533
000087B7
01C7A703
0FF57693
0FF57513
00A72223
00472783
00F6F7B3
FE078AE3
00008067
000087B7
01C7A703
00100793
00A797B3
0FF7F793
00F72423
00008067
000087B7
0247A783
00000513
0007A023
000087B7
19C78793
00078EA3
00078F23
00008067
000087B7
0247A683
0046A783
0017F793
00078C63
00100713
000087B7
00E6A223
19C78793
00E78EA3
00008067
000087B7
19C78793
01D7C703
0FF77513
00070663
00078EA3
00100513
00008067
FF410113
00812223
00008437
02442783
00112423
00912023
00100713
00E7A023
0007A423
0007A423
0007A423
0007A423
10000713
00E7A423
10000513
D15FF0EF
000087B7
19C78493
0004A703
0084A503
00471713
01055513
00F57513
00E56533
02442703
0FF57513
00A72423
CE5FF0EF
0084A503
02442703
00855513
0FF57693
00D72423
0FF57513
CC9FF0EF
0084A503
02442703
0FF57693
00D72423
0FF57513
CB1FF0EF
00C4C703
04071A63
02442783
10000713
10100513
00E7A423
C95FF0EF
02442403
00042783
00E7E793
00F42023
F11FF0EF
FE050EE3
00442503
00812083
00412403
00155513
00154513
00012483
00157513
00C10113
00008067
000087B7
19C78793
00C7C503
02442703
FFF50513
0FF57513
00A72423
C39FF0EF
000087B7
19C78793
0007A683
00800713
04E69263
00000493
00C7C703
02442603
000086B7
F6E4F6E3
1A968713
00E48733
00074503
00148493
0FF4F493
0FF57513
00A62423
BF1FF0EF
000087B7
19C78793
FC9FF06F
0007A703
FA070EE3
0007A683
00400713
F2E696E3
FADFF06F
000025B7
FF010113
71058593
00000513
00112623
00812423
00912223
9B9FF0EF
E39FF0EF
06051263
AA1FF0EF
FE050AE3
00100693
1300006F
0067D793
0A40006F
02472783
00D12023
00C7A503
1A960793
00F487B3
0FF57513
00A78023
B6DFF0EF
00012683
00148493
0FF4F493
00008737
00C44783
00008637
FCF4E4E3
0D80006F
00100693
0D00006F
00008737
02472783
0047A783
0087F793
F8078CE3
10200513
B29FF0EF
00008737
02472783
00008437
00800693
00D7A223
19C40613
00C7A783
00062603
19C40413
0FF7F793
00D60863
00042603
00900693
F6D610E3
0047D793
00F42223
00442783
0037F793
00F42223
00442503
01051513
01055513
ACDFF0EF
00442683
F6069EE3
00042603
00900793
00008737
00F60E63
00042603
00100793
00F60863
00042603
00500793
02F61463
02472783
00000493
0047A783
00A7D793
01F7F793
00F40623
00C44603
01000793
F2C7F0E3
10300513
00D12023
A6DFF0EF
00012683
000087B7
0247A783
00C12083
00812403
0007A023
00412483
00068513
01010113
00008067
FEC10113
00812623
00008437
00912423
00112823
00D12023
00000493
19C40413
00100713
01E44683
FEE68EE3
00E40F23
00A42023
00B42423
00C40623
02060463
00000713
00012783
00E786B3
0006C583
00E406B3
00170713
00B686A3
0FF77693
FEC6E2E3
00100713
00300693
08D70863
00C12223
C7DFF0EF
00412603
00300713
FE0514E3
DF5FF0EF
00412603
06051063
00442503
04050863
00442683
00200713
04E68E63
00100513
0240006F
00F40733
00D74683
00012703
00F70733
00D70023
00178793
0FF7F713
FEC762E3
00040F23
01012083
00C12403
00812483
01410113
00008067
00000793
FDDFF06F
00100713
00E50663
00200713
FAE506E3
00800713
FAE482E3
00148793
0FF7F493
F65FF06F
00100713
00000793
00E51463
01100793
00008737
02472703
00F72023
00008067
FF010113
00B10023
00010693
00050593
00100613
00400513
00112623
EB5FF0EF
00C12083
01010113
00008067
FE010113
00812C23
00912A23
00050413
00C12023
00068493
00B10223
00410693
00050593
00100613
00400513
00112E23
E75FF0EF
02051063
00012603
00048693
00040593
00100513
E5DFF0EF
00100793
00050E63
00410693
00000613
00040593
00100513
E41FF0EF
00000793
01C12083
01812403
00100513
01412483
40F50533
02010113
00008067
FE410113
00010693
01000613
00000593
00900513
00112C23
E05FF0EF
000087B7
14078793
02051C63
00014703
00E78023
00114703
00E780A3
00214703
00E78123
00314703
00E781A3
00E14703
00E78223
01812083
01C10113
00008067
00078023
000780A3
00078123
000781A3
00078223
FE1FF06F
FE410113
00010693
00500613
20000593
00900513
00112C23
D91FF0EF
000087B7
14078793
02051C63
00014703
00E782A3
00114703
00E78323
00214703
00E783A3
00314703
00E78423
00414703
00E784A3
01812083
01C10113
00008067
000782A3
00078323
000783A3
00078423
000784A3
FE1FF06F
FE410113
01200793
00F10023
03400793
00F100A3
05600793
00F10123
04D00793
00F101A3
04100793
00F10223
05200793
00F102A3
04300793
00F10323
04F00793
00F103A3
04700793
00F10423
01000793
00F104A3
00010693
00100793
00C00613
30000593
00800513
00112C23
00F10523
000105A3
CC1FF0EF
01812083
01C10113
00008067
00153513
FF010113
00150513
00A101A3
00310693
00100613
60000593
00800513
00112623
C8DFF0EF
00C12083
01010113
00008067
FF010113
00310693
00100613
10700593
00800513
00112623
000101A3
C61FF0EF
00C12083
01010113
00008067
000087B7
1407C503
FEE50513
00153513
00008067
000087B7
1407C503
FEC50513
00153513
00008067
000087B7
14078793
0027C503
00655513
00157513
00008067
000087B7
14078793
0037C503
00755513
00008067
000087B7
14078793
0027C503
00755513
00008067
000087B7
14078793
0037C503
00655513
00157513
00008067
000087B7
14078793
0067C503
00455513
00157513
00008067
000087B7
14078793
000086B7
0047C783
0806C683
00050713
0FF7F793
02069E63
06400513
02070C63
07F7F793
FFF78713
0FF77713
00300693
19000513
02E6E063
00579513
40F50533
00251513
00F50533
00551513
00008067
00A00513
00008067
FF010113
000087B7
00812423
00058613
12B78623
00112623
00855593
00050413
00058A63
03000513
00C12023
C5DFF0EF
00012603
0FF47593
00812403
00C12083
000086B7
12D68693
05000513
01010113
C65FF06F
000087B7
00C78793
0007A023
000782A3
00078223
00078323
000087B7
0287A783
00300713
00000513
00E7A023
00008067
000087B7
0287A703
00072783
0047E793
00F72023
00008067
000087B7
0287A683
0046A783
0017F793
06078C63
00100793
00F6A223
0046A583
00008737
00008637
0105F593
00C70713
08C60613
00058E63
01000593
00B6A223
00F72023
00F70323
00060123
00008067
0046A583
0085F593
00058E63
00800593
00B6A223
00F72023
00F70223
00F600A3
00008067
00400593
00B6A223
00072023
00F702A3
00F60023
00008067
000087B7
00C7A503
FFF50513
00153513
00008067
FF410113
00112423
00812223
BCCFF0EF
00157793
06078E63
00257793
00050413
00078A63
00100513
838FF0EF
00200513
BB8FF0EF
00447793
00078863
AB4FF0EF
00400513
BA4FF0EF
01047793
00078863
F11FF0EF
01000513
B90FF0EF
02047793
00078863
E5CFF0EF
02000513
B7CFF0EF
04047413
00040E63
BF4FF0EF
00412403
00812083
04000513
00C10113
B5CFF06F
00812083
00412403
00C10113
00008067
FF410113
000087B7
00112423
00078793
01400713
00E78023
00400713
00E780A3
00078123
000781A3
00300713
00E78223
00E782A3
00800513
00078323
ECDFE0EF
00812083
00800513
00C10113
ED9FE06F
000087B7
0007C503
00008067
000087B7
00078793
0017C503
00008067
000087B7
00A78023
00008067
000087B7
00078793
00A780A3
00008067
000087B7
00078793
0027C503
00008067
000087B7
00078793
0037C503
00008067
000087B7
00078793
0047C503
00008067
000087B7
00078793
0057C503
00008067
000087B7
00078793
00A78123
00008067
000087B7
00078793
00A781A3
00008067
000087B7
00100713
00078793
00E78323
000087B7
08C78793
00E78223
00008067
FF410113
00812223
00050413
02000513
00912023
00112423
00058493
E2DFE0EF
000087B7
00078713
00674703
00078793
009765B3
00058863
00008737
08C70713
008701A3
00078323
00812083
00412403
00012483
00C10113
00008067
FF010113
00008737
00112623
00070713
00374603
78700793
00F11023
00400693
00300793
00D60C63
00374683
00200713
00200793
00E68463
00100793
00100713
02E51E63
0047E793
00F11123
000087B7
18C78793
01000713
00E78223
0007A023
00200713
00E782A3
0027A423
AB8FF0EF
00C12083
01010113
00008067
00200713
00E51663
1007E793
FC1FF06F
00300713
02E51663
78F00713
0887E793
00E11023
00F11123
00000513
4F5010EF
FA0500E3
00215783
2007E793
F91FF06F
00400713
00E51E63
79700713
0907E793
00E11023
00F11123
00100513
FD1FF06F
79F00713
00E11023
0807E793
F61FF06F
FF410113
02000513
00812223
00912023
00008437
00112423
CE9FE0EF
08C40793
000782A3
00000493
08C40413
00800513
E9DFE0EF
00100793
000403A3
00F402A3
000087B7
08078793
0007C783
3E800593
00079663
000185B7
6A058593
00000513
F19FE0EF
00744783
02079863
00000513
FFDFE0EF
FE0508E3
00100593
00100513
E39FF0EF
00800793
06F48663
00148493
0FF4F493
F99FF06F
02000513
C55FE0EF
3E800593
00000513
ED1FE0EF
00300593
00800513
D49FE0EF
02051263
FB1FE0EF
FE0506E3
00100593
00200513
DEDFF0EF
02000513
C2DFE0EF
FADFF06F
00000513
00812083
00412403
00012483
00C10113
00008067
00100513
FE9FF06F
000087B7
00078793
0067C503
00008067
000087B7
00078793
0027C603
01400713
0FF67693
02E60463
01E00613
00C68A63
00A00713
00100513
00E69E63
00600713
00E78123
00000513
00008067
00A00713
FF1FF06F
00008067
000087B7
00078793
0037C683
000087B7
14078793
0097C703
0FF6F693
00100513
00177713
02070663
0077C703
00700613
00777713
00C71E63
00200613
00C69C63
0077C503
07057513
F9050513
00A03533
00008067
00400613
00000513
FEC69AE3
0077C683
07000613
00100513
0706F693
FEC690E3
0087C683
0076F693
FCE69AE3
0087C503
FC1FF06F
FF410113
000087B7
00112423
00078793
0017C703
02000513
0FF77713
00E781A3
0007C703
0FF77713
00E78123
000087B7
14078793
F8000713
00E78123
AD9FE0EF
00000513
CF5FF0EF
00812083
00C10113
C6DFF06F
FF410113
000087B7
00112423
08C78793
000784A3
00078523
414010EF
00051C63
C49FF0EF
00812083
FFF00513
00C10113
C89FE06F
00100593
00500513
C4DFF0EF
FE5FF06F
000087B7
08C78793
00078023
000780A3
00078123
000781A3
00078223
000782A3
00078323
000783A3
00078423
000784A3
00078523
000785A3
00078623
000786A3
00078723
000787A3
00078823
000788A3
00078923
000789A3
020786A3
02078723
020787A3
02078823
020788A3
02078AA3
04078B23
04078BA3
000087B7
10878793
000780A3
00100713
00E78023
000087B7
0E478793
000780A3
00E78023
00008067
FF410113
000086B7
00812223
00112423
00912023
10868413
00100713
00E40023
00144783
4E078A63
10868693
00068023
000680A3
0036C583
04200613
0FF5F793
32C58863
06F66663
000084B7
01300613
0E448493
02F66A63
00200713
04F77263
FFD78793
0FF7F793
01000713
02F76A63
00008737
00279793
03C70713
00E787B3
0007A783
00078067
02200693
36D78663
03000693
2ED78C63
02100693
30D78A63
000087B7
0E478793
000781A3
2A00006F
07100613
4AC78863
10F66463
06600613
36C78C63
04F66663
000084B7
06000613
0E448493
32C78E63
06100713
FCE792E3
D09FF0EF
1A050663
000087B7
10878693
0046C703
000087B7
08C78793
0FF77713
00E78723
00100713
00E786A3
22C0006F
07000713
F8E796E3
CD1FF0EF
F80502E3
00008737
08C70793
00800613
000086B7
00C7AA23
10868693
0046C603
08C70713
0FF67613
00C7AC23
0187A603
00861613
00C7AC23
0056C603
0187A583
00B66633
00C7AC23
0187A603
00861613
00C7AC23
0066C603
0187A583
00B66633
00C7AC23
0076C603
0FF67613
00C78E23
00008637
00000793
19C60613
00C64583
3AB7E263
00100693
02D706A3
020707A3
000087B7
02070823
0E478793
00D781A3
1900006F
09000693
34D78463
000086B7
09100613
0E468693
34C78C63
08100613
ECC792E3
00444783
000084B7
08C48493
00879793
02F49923
00544783
0324D603
00C7E7B3
02F49923
00644783
0FF7F793
02F48A23
FD8FF0EF
000087B7
0E478693
3C050663
00100713
00E681A3
02E488A3
1200006F
00100793
000085B7
00F481A3
08058593
00000793
00800513
00078713
00178793
00F68633
00364603
00E58733
0FF67613
00C70123
FEA792E3
75C010EF
0E00006F
0046C703
0056C503
00100793
00F481A3
0FF77613
0FF57513
00070863
00F60A63
000481A3
0B80006F
871FF0EF
0B00006F
875FF0EF
0A80006F
00500793
00F481A3
EDCFE0EF
00855793
0FF7F793
00F48223
0FF57513
00A482A3
00200793
00F48323
00300793
00F483A3
00048423
F44FE0EF
0FF57513
00A484A3
F00FF0EF
00A48523
AF9FF0EF
00A485A3
83DFF0EF
00A48623
825FF0EF
00A486A3
00000513
670010EF
00A48723
00100513
664010EF
00A487A3
00D00713
02C0006F
000087B7
00100713
08078793
00E780A3
00E481A3
0100006F
E04FF0EF
00100793
00F481A3
00100713
000087B7
0E478793
00E78123
00412403
00812083
00012483
00C10113
AA1FE06F
000087B7
08C78793
00E783A3
000087B7
0E478793
00E781A3
FC5FF06F
E5CFF0EF
F00500E3
00444503
F70FF0EF
000087B7
08C78793
00100713
00E78423
F8DFF06F
00444683
000087B7
14C78793
0FF6F693
00D78023
00544683
0FF6F693
00D780A3
00644683
0FF6F693
00D78123
E0CFF0EF
EA0508E3
000087B7
08C78793
00100713
00E785A3
F45FF06F
00444783
00100513
00E78463
00000513
920FF0EF
F39FF06F
9D9FF0EF
E6050EE3
00444683
000087B7
08C78793
0FF6F693
00D78723
00100713
00E78623
F05FF06F
00444583
00544783
00644603
00159693
00879793
00F66633
00B686B3
000087B7
00369693
15C78793
00D787B3
00C79223
00744603
00844683
00861613
00C6E6B3
00D79323
00944603
00A44683
00861613
00C6E6B3
00D79423
00B44603
00C44683
00861613
00C6E6B3
00D79523
00D44603
00E44683
00861613
00C6E6B3
00D79623
00F44603
01044683
00861613
00C6E6B3
00D79723
01144603
01244683
00861613
00C6E6B3
00D79823
01344603
01444683
00861613
00C6E6B3
00D79923
01544603
01644683
00869693
00C6E6B3
00D79A23
E75FF06F
000087B7
08C78793
00E788A3
00812083
00412403
00012483
00C10113
00008067
000087B7
08C78793
00E78923
00E681A3
E11FF06F
00578593
00B685B3
0035C583
00F70533
00178793
0FF5F593
00B50EA3
0FF7F793
C39FF06F
885FF0EF
000086B7
0E468693
06050C63
000087B7
08C78793
00900613
00C7AA23
00444603
00100713
0FF67613
00C7AC23
0187A603
00861613
00C7AC23
00544603
0187A583
00B66633
00C7AC23
0187A603
00861613
00C7AC23
00644603
0187A583
00B66633
00C7AC23
00744603
0FF67613
00C78E23
02E78723
020787A3
02078823
F55FF06F
000681A3
D61FF06F
000087B7
08C78793
0567C703
00E78733
02A70B23
0567C683
01F00713
00D77663
04078B23
00008067
0567C703
00170713
0FF77713
04E78B23
00008067
000087B7
08C78793
0577C703
00E78733
03674503
0577C683
01F00713
0FF57513
00D77663
04078BA3
00008067
0577C703
00170713
0FF77713
04E78BA3
00008067
000087B7
08C78793
0577C503
0567C783
40F50533
00A03533
00008067
FF410113
00112423
00812223
FD9FF0EF
02050263
00008437
0E440413
00200793
00F401A3
F81FF0EF
00A40223
00200713
0BC0006F
000087B7
08C78713
00074683
08C78793
02068063
000087B7
00070023
0E478793
01000713
00E781A3
00100713
08C0006F
00174683
00068C63
000087B7
000700A3
0E478793
01100713
FDDFF06F
00274683
00068C63
000087B7
00070123
0E478793
01200713
FC1FF06F
00974683
06068463
00008437
0E440413
000704A3
03100793
00F401A3
BE4FF0EF
00A40223
BECFF0EF
000087B7
00A402A3
14C78793
0017C703
0FF77713
00E40323
0027C783
00500713
0FF7F793
00F403A3
000087B7
0E478793
00E78123
00412403
00812083
00C10113
E80FE06F
00A74683
02068863
00008437
00070523
0E440413
03200793
00F401A3
B78FF0EF
00A40223
B80FF0EF
00A402A3
00300713
FB5FF06F
00574683
00068E63
000702A3
00008437
000703A3
0E440413
04000793
FC9FF06F
00674683
04068063
00070323
000087B7
000703A3
0E478793
04100713
00E781A3
00008737
14C70713
00174683
0FF6F693
00D78223
00274703
0FF77713
00E782A3
F99FF06F
00374683
02068463
000087B7
0E478793
04500693
00D781A3
00374683
0FF6F693
00D78223
000701A3
E65FF06F
0047C703
00070C63
00078223
000087B7
0E478793
04400713
E75FF06F
00F7C703
02070463
00008737
0E470713
06200693
00D701A3
00E7C683
0FF6F693
00D70223
000787A3
E1DFF06F
0107C703
02070A63
00008737
0E470713
06300693
00D701A3
00E7C683
0FF6F693
00D70223
0107C683
0FF6F693
00D702A3
00078823
EEDFF06F
0137C703
0FF77693
02070263
000789A3
000087B7
0E478793
00100713
00E781A3
00300713
00E78223
DB9FF06F
02F7C703
06070A63
00008637
020787A3
0E460593
07200713
00E581A3
01C7C703
0FF77713
00E58223
0147A503
00900713
D8E512E3
01C7C603
00268713
0FF77713
00C6EC63
E20718E3
00812083
00412403
00C10113
00008067
00D78633
01D64603
00E58733
00168693
0FF67613
00C701A3
0FF6F693
FC1FF06F
0307C703
0FF77693
00070C63
02078823
000087B7
0E478793
07300713
D4DFF06F
0357C703
FA0706E3
00008637
02078AA3
0E460593
F8200793
00F581A3
000087B7
12C78713
00074703
12C78793
0FF77713
00E58223
0007C603
00268713
0FF77713
F6C6F6E3
00D78633
00164603
00E58733
00168693
0FF67613
00C701A3
0FF6F693
FD5FF06F
000087B7
0007A737
14C78793
12070713
00E7A423
00078023
00300713
00E780A3
00E78123
000781A3
00078223
000782A3
00078623
00008067
FE410113
00112C23
00812A23
8E4FF0EF
00A10023
8ECFF0EF
00050413
DCDFE0EF
00050663
F8046413
0FF47413
00010693
00200613
10000593
00800513
008100A3
9A5FE0EF
01812083
01412403
01C10113
00008067
FF010113
00310693
00100613
10200593
00800513
00112623
000101A3
975FE0EF
00C12083
01010113
00008067
000087B7
14C78713
00174503
00274683
00374703
14C78793
00369693
00D56533
0FF57513
00070463
00456513
0047C783
00078463
02056513
00008067
EE010113
10812C23
00050413
00200513
10912A23
10112E23
00058493
F25FD0EF
00100793
00011A23
08F41A63
004A07B7
04A78793
04A00713
00F12C23
000087B7
18C78793
00E11B23
00E11E23
01100713
00E78223
0007A023
00500713
00E782A3
01410713
00E7A423
BCCFE0EF
02048C63
02046413
00810223
F4DFF0EF
00A102A3
00A10323
00A103A3
00A10423
00410693
00500613
10200593
00800513
88DFE0EF
00A12023
11C12083
11812403
00012503
11412483
12010113
00008067
00A03533
00200393
00150513
06741863
004A0737
07BC06B7
0CB70593
5BC00313
04A70713
0CB68693
04A00613
000087B7
00611B23
00D12C23
00B12E23
02E12023
02E12223
02C11423
18C78793
12851263
02E12A23
02E12C23
01100713
00E78223
02611523
02D12623
02B12823
02C11E23
0007A023
01500713
F29FF06F
00300793
10F41C63
05BC0637
044A06B7
047E07B7
7BC60293
7BC68313
7BC78593
44A68693
67E78793
67E00713
5BC00093
44A60613
04E11C23
00111B23
00008737
00512C23
00612E23
02D12023
02D12223
02D12423
02C12623
02B12823
02F12A23
02F12C23
02F12E23
04F12023
04F12223
04F12423
04F12623
04F12823
04F12A23
18C70713
08751263
06F12C23
06F12E23
08F12023
08F12223
08F12423
08F12623
08F12823
08F12A23
08F12C23
67E00793
08F11E23
01100793
00F70223
04111D23
04512E23
06612023
06D12223
06D12423
06D12623
06C12823
06B12A23
00072023
04500793
00F702A3
01410793
00F72423
E41FF06F
01100713
00E78223
0007A023
00B00713
E21FF06F
01100793
00F70223
00072023
02300793
FCDFF06F
E40488E3
00400793
E0F41AE3
00700413
E11FF06F
FE010113
00112E23
DD5FE0EF
00A12023
D4DFF0EF
00012603
00A10223
00200793
02F61263
00A102A3
00410693
10300593
00800513
E8CFE0EF
01C12083
02010113
00008067
00400793
00F61A63
00A102A3
00A10323
00A103A3
FD1FF06F
00100613
FC9FF06F
FE010113
00812C23
00912A23
00112E23
00050413
D65FE0EF
00050493
00410693
00200613
20200593
00900513
E30FE0EF
0A051A63
00414703
008035B3
00158593
00677793
00F12023
00177613
000087B7
14C78793
10060863
00200693
08D49E63
01077693
10068063
00100693
00D78623
00000513
00100693
02D58863
00012603
00600693
08D61C63
00200693
08D49E63
06077713
06000693
08D71263
08051063
00100713
00E786A3
00D7C783
FFF40413
00143413
00F47433
02040663
00410693
00100613
20400593
00900513
D90FE0EF
00414783
0017F793
00079663
00051463
00100513
01C12083
01812403
01412483
02010113
00008067
00400693
F6D496E3
01077693
06068063
00000513
00000313
01000293
0340006F
04030663
000786A3
00100513
F85FF06F
00400693
F6D498E3
06077693
06000613
FEC692E3
00600613
00100313
06000293
00514683
00C6F3B3
FCC394E3
0056F6B3
FC5690E3
F40310E3
F00504E3
00078623
00100513
F09FF06F
FDC10113
02112023
00812E23
00912C23
BF9FE0EF
00A12223
C01FE0EF
00050413
C09FE0EF
00050493
00810693
00200613
20600593
00900513
CB4FE0EF
10051063
00814703
00275693
0036F793
00F12023
00412783
00200693
00377393
02D79263
00475613
00367613
00675713
00000693
00000593
00000313
00000293
0340006F
00400693
0CD79663
00914683
00475613
00367613
0026D593
0046D313
0036F293
00675713
0035F593
00337313
0066D693
0FF2F793
0062F463
0FF37793
0FF7F313
00737463
0FF3F793
0FF7F313
00C37463
0FF67793
00008637
14C60613
0887E063
00100793
00F601A3
00164783
06879E63
00564783
00178793
0FF7F793
00F602A3
00058793
00D5F463
00068793
00012583
0FF7F693
00B6F463
00014783
0FF7F693
00E6F463
00070793
0FF7F793
0497E463
00100793
00F60223
00960123
02012083
01C12403
01812483
02410113
00008067
00000713
00000613
F15FF06F
000601A3
00078413
F85FF06F
000602A3
008600A3
F91FF06F
00060223
00078493
FBDFF06F
FF410113
00812223
00008437
08C40793
00112423
000783A3
00100713
3E800593
00000513
00E78323
08C40413
B8DFD0EF
00744783
00000513
00079863
C71FD0EF
FE0508E3
00100513
00812083
00412403
00C10113
00008067
FF410113
02000513
00112423
8CDFD0EF
3E800593
00000513
AFDFD0EF
00400513
A51FE0EF
00100513
AD5FE0EF
000087B7
14C7C503
00000593
9B5FF0EF
00812083
00C10113
F65FF06F
FF010113
00812423
00008437
14040793
00112623
00912223
0017C483
985FE0EF
14040413
0FF4F493
0AA4F863
00144503
9E9FE0EF
00244483
975FE0EF
0FF4F493
0074F493
08A4FE63
00244503
00757513
9D9FE0EF
000084B7
B49FE0EF
04051263
889FF0EF
02051E63
14C48793
000780A3
00078123
000782A3
000781A3
00078223
EE1FF0EF
00100513
A2DFE0EF
00100593
00100513
911FF0EF
14C48413
06050463
00000493
899FF0EF
00050413
00051663
00100413
40940433
00000513
9F9FE0EF
00C12083
00040513
00812403
00412483
01010113
00008067
8C9FE0EF
F55FF06F
8CDFE0EF
F6DFF06F
DD4FE0EF
06051663
DB4FE0EF
00100593
0A050E63
00300513
0680006F
01000513
F88FD0EF
00000513
E04FE0EF
00050593
00000513
9B1FD0EF
01000513
F7CFD0EF
00000513
B45FF0EF
00A12023
CADFF0EF
00012783
FA0786E3
00544703
00500793
08F70863
E15FF0EF
ABDFF0EF
FB1FF06F
00200513
959FE0EF
00100593
00400513
83DFF0EF
00000413
00100513
DA0FE0EF
00050593
00000513
94DFD0EF
00100513
AE9FF0EF
00A12023
C51FF0EF
00012783
02079263
000087B7
08C78793
00100713
00E784A3
00100493
EF5FF06F
00200513
FB1FF06F
00600793
00F40C63
00140413
0FF47413
D95FF0EF
A3DFF0EF
F9DFF06F
000087B7
08C78793
00100713
00E78523
F54FF0EF
EA051AE3
ABDFE0EF
E60502E3
EA9FF06F
FF410113
00000513
00112423
C14FE0EF
00050A63
00100513
00812083
00C10113
00008067
A90FE0EF
FE0516E3
C28FE0EF
FE0512E3
00100513
BE8FE0EF
FC051CE3
DC5FF0EF
00A03533
FD1FF06F
FF410113
000087B7
00112423
15C78793
00078B23
01000513
02078723
DF4FD0EF
00812083
01000513
00C10113
E00FD06F
F7410113
08812223
08112423
00050413
F60FE0EF
015C06B7
00400793
15C68693
1AF51A63
00D12023
00D12223
00D12423
00D12623
00010793
01810713
00079823
00278793
FEE79CE3
00141713
000087B7
00870733
00371713
15C78793
00E787B3
0047D703
1FD00593
1FD00613
00875713
02E11423
0067D703
1FD00693
00875713
02E11523
0087D703
02011723
00875713
02E11623
0047D703
0FF77713
02E11823
0067D703
0FF77713
02E11923
0087D703
0FF77713
02E11A23
08000713
02E11B23
00C7D703
00875713
02E11C23
00E7D703
00875713
02E11D23
0107D703
02011F23
00875713
02E11E23
00C7D703
0FF77713
04E11023
00E7D703
0FF77713
04E11123
0107D703
0FF77713
04E11223
0147D703
0FF77713
04E11323
00A7D703
00875713
04E11423
0127D703
00875713
04E11523
04011623
0147D703
00875713
04E11723
00A7D703
0FF77713
04E11823
0127D783
1FD00713
0FF7F793
04E11F23
04F11923
04012A23
04B11C23
04C11D23
04D11E23
03000713
000087B7
18C78793
2C041663
01200693
00D78223
0007A023
00E782A3
0027A423
9CDFD0EF
00300513
EA0FE0EF
000087B7
08C78713
00870723
00100693
00D707A3
08C78793
00100713
00F7C683
FEE68EE3
08812083
08412403
08C10113
00008067
000087B7
00200613
00D12023
15C78793
00141713
12C50663
00870733
00371713
00E787B3
00012223
00011423
0047D703
00875713
00E11523
0047D703
0FF77713
00E11623
00C7D703
00875713
00E11723
00C7D703
0FF77713
00E11823
00A7D703
00875713
00E11923
00A7D703
00011B23
00012C23
0FF77713
00E11A23
0067D703
00875713
00E11E23
0067D703
0FF77713
00E11F23
00E7D703
00875713
02E11023
00E7D703
0FF77713
02E11123
0127D703
00875713
02E11223
0127D703
02012423
02011623
0FF77713
02E11323
0087D703
00875713
02E11723
0087D703
0FF77713
02E11823
0107D703
00875713
02E11923
0107D703
02011B23
02012C23
0FF77713
02E11A23
00800737
02012E23
04E12023
04011223
0147D703
0FF77713
04E11323
0147D783
02700713
04011523
0087D793
04F11423
1FD00793
04F11623
E65FF06F
00870733
00371713
00E787B3
00D12223
00012423
00012623
00012823
0047D703
00000593
00000613
00875713
00E11A23
0067D703
00000693
00875713
00E11B23
0047D703
0FF77713
00E11C23
0067D703
0FF77713
00E11D23
00C7D703
00875713
00E11E23
00E7D703
00875713
00E11F23
00C7D703
0FF77713
02E11023
00E7D703
0FF77713
02E11123
00A7D703
00875713
02E11223
0127D703
00875713
02E11323
00A7D703
0FF77713
02E11423
0127D703
02012623
02012823
0FF77713
02E11523
02012A23
0087D703
00875713
02E11C23
02011D23
0087D703
0FF77713
02E11E23
08000713
02E11F23
0107D703
04011123
00875713
04E11023
0107D703
0FF77713
04E11223
0147D703
04011423
0FF77713
04E11323
0147D783
00000713
04012623
0087D793
04F11523
1FD00793
04F11823
D15FF06F
01300693
00D78223
0007A023
00E782A3
0027A423
F04FD0EF
00400513
D39FF06F
00000513
BD0FE06F
FF010113
00812423
00112623
00912223
00050413
06050C63
08000793
02000493
00048513
00F12023
B5CFD0EF
00012783
00078513
974FD0EF
1F400593
00000513
BF0FD0EF
00200593
00048513
A68FD0EF
04050463
00141713
000087B7
00870733
00371713
15C78793
00E787B3
00100713
00E78B23
00000513
00C12083
00812403
00412483
01010113
00008067
04000793
01000493
F8DFF06F
C8CFD0EF
FA0504E3
00000513
B28FE0EF
00100513
FCDFF06F
FF010113
00812423
00912223
00050413
00112623
00058493
08000513
00041463
04000513
00C12023
8E0FD0EF
00141713
000087B7
008705B3
15C78693
00359593
00B686B3
0166C683
00012603
15C78793
00C6E633
02060063
000086B7
08C68613
00860723
00960823
08C68693
0106C603
FE061EE3
00870733
00371713
00E787B3
00078B23
00C12083
00812403
00412483
01010113
00008067
00151713
00A70733
000087B7
00371713
15C78793
00E787B3
0167C503
00008067
00151713
00A70733
000087B7
00371713
15C78793
00E787B3
0147D503
00655513
00157513
00008067
000086B7
08068793
0027C603
06500713
08068693
06E61063
0037C603
07600713
04E61A63
0047C603
06100713
04E61463
0057C603
06C00713
02E61E63
0087C603
07400713
02E61863
0097C603
03300713
02E61263
0067C703
0077C683
FD070713
0FF77713
F9F68693
04D71263
00E785A3
00008067
00000713
00000793
00700613
00E685B3
0025C583
00170713
00F5C7B3
FEC718E3
0096C703
00178793
0FF7F793
00F71663
00100513
A38FD06F
00008067
FF410113
00100513
00112423
FB1FC0EF
000087B7
08078793
00050C63
00100713
00E78023
00812083
00C10113
00008067
00078023
FF1FF06F
0000C7B7
10078693
00008737
02D72C23
20078693
00008737
02D72A23
30078693
00008737
02D72823
40078693
00008737
02D72623
50078693
00008737
02D72423
60078693
00008737
FF410113
02D72223
70078793
00008737
00812223
02F72023
00008437
0000D7B7
80078793
00112423
00008737
00912023
08040493
00F72E23
000480A3
E1DFC0EF
F41FF0EF
8B8FD0EF
D5CFD0EF
BD0FD0EF
AB0FD0EF
DCDFD0EF
CECFD0EF
F4DFD0EF
841FF0EF
EA5FE0EF
C04FE0EF
00100513
E79FC0EF
00200513
E71FC0EF
D693A5B7
40058593
00100513
8E8FD0EF
00100793
00048523
00F485A3
08040413
000086B7
00C68793
0057C703
00C68493
04070263
00400513
000482A3
E41FC0EF
00000593
00600513
FEDFD0EF
00000613
00300593
00000513
D1DFF0EF
00000613
00300593
00100513
D0DFF0EF
00040C23
00040CA3
00144703
06070263
0044C703
00070863
00400513
00048223
DE1FC0EF
0064C703
02070663
00048323
9DCFE0EF
02050063
A5DFD0EF
A28FE0EF
00050A63
00400513
DC9FC0EF
00400513
DB1FC0EF
01444783
00078C63
00400513
00040A23
DADFC0EF
00400513
D95FC0EF
03D44783
02078063
02040EA3
040400A3
03E45503
04044583
C5DFD0EF
00100793
04F400A3
03944783
00079663
03A44783
F0078AE3
02040CA3
02040D23
02040DA3
02040E23
02042503
02442583
02844603
02940693
F78FD0EF
00100793
00051663
02F40DA3
EE1FF06F
02F40E23
ED9FF06F
00200713
00E50A63
00300713
00E50863
00100713
00E51863
D09FC06F
00400513
FF9FF06F
00008067
00200713
00E50A63
00300713
00E50863
00100713
00E51863
CF1FC06F
00400513
FF9FF06F
00008067
FF410113
00112423
00812223
884FD0EF
00200513
894FD0EF
00400513
88CFD0EF
01000513
884FD0EF
02000513
87CFD0EF
04000513
00008437
870FD0EF
08040413
CB1FD0EF
82CFD0EF
00050663
00800513
CA1FC0EF
00100513
FF5FC0EF
FE0502E3
00A44703
00B44783
02F76063
00400513
000400A3
C6DFC0EF
00100593
00900513
E19FD0EF
FBDFF06F
00A44783
D693A5B7
40058593
00178793
0FF7F793
00100513
00F40523
EB5FC0EF
F99FF06F
FF410113
00112423
A40FE0EF
8C5FE0EF
FF9FF06F
FF010113
00112623
00812423
00912223
940FE0EF
000086B7
08068793
0187C703
08068493
04070463
00048C23
01A4C403
0FF47413
00040513
B79FF0EF
00050E63
00040513
A1DFF0EF
00000613
00200593
00040513
AC5FF0EF
00040513
A0DFF0EF
0A051C63
00040513
D90FF0EF
0194C703
02070463
00048CA3
01A4C503
0FF57513
00A12023
9DDFF0EF
00012503
00000613
00200593
A85FF0EF
01D4C703
00070863
00048EA3
00100713
00E48FA3
01E4C703
00070463
00048F23
0174C703
00070663
00048BA3
A74FF0EF
F55FD0EF
F40504E3
00300593
03800513
CADFC0EF
F2050CE3
00800513
B81FC0EF
04051263
00000593
00200513
CE5FD0EF
00000613
00300593
00000513
A15FF0EF
00000613
00300593
00100513
02C0006F
00100613
00100593
00040513
9F5FF0EF
F45FF06F
01000513
B35FC0EF
00051A63
00000613
00100593
9D9FF0EF
ED1FF06F
02000513
B19FC0EF
EC0512E3
00000613
00100593
FB5FF06F
10001608
10001608
000007FC
00003ED8
000001BC
0000370C
00000000
00000000
00000000
00000000
00000000
00000000
00000000
00000000
00000000
00000000
00000000
00000000
00000000
00000000
00000000
00000000
00000000
00000000
00000000
00000000
00000000
00000000
00000000
00000000
00000000
00000000
00000000
00000000
00000000
00000000
00000000
00000000
00000000
00000000
00000000
00000000
00000000
00000000
00000000
00000000
00000000
00000000
00000000
00000000
00000000
00000000
00000000
00000000
00000000
00000000
00000000
00000000
00000000
00000000
00000000
00000000
00000000
00000000
00000000
00000000
00000000
00000000
00000000
00000000
00000000
00000000
00000000
00000000
00000000
00000000
00000000
00000000
00000000
00000000
00000000
00000000
00000000
00000000
00000000
00000000
00000000
00000000
00000000
00000000
00000000
00000000
00000000
00000000
00000000
00000000
00000000
00000000
00000000
00000000
00000000
00000000
00000000
00000000
00000000
00000000
00000000
00000000
00000000
00000000
00000000
00000000
00000000
00000000
00000000
00000000
00000000
00000000
00000000
00000000
00000000
00000000
00000000
00000000
00000000
00000000
00000000
00000000
00000000
00000000
00000000
00000000
00000000
00000000
00000000
00000000
00000000
00000000
00000000
00000000
00000000
00000000
00000000
00000000
00000000
00000000
00000000
00000000
00000000
00000000
00000000
00000000
00000000
00000000
00000000
00000000
00000000
00000000
00000000
00000000
00000000
00000000
00000000
00000000
00000000
00000000
00000000
00000000
00000000
00000000
00000000
00000000
00000000
00000000
00000000
00000000
00000000
00000000
00000000
00000000
00000000
00000000
00000000
00000000
00000000
00000000
00000000
00000000
00000000
00000000
00000000
00000000
00000000
00000000
00000000
00000000
00000000
00000000
00000000
00000000
00000000
00000000
00000000
00000000
00000000
00000000
00000000
00000000
00000000
00000000
00000000
00000000
00000000
00000000
00000000
00000000
00000000
00000000
00000000
00000000
00000000
00000000
00000000
00000000
00000000
00000000
00000000
00000000
00000000
00000000
00000000
00000000
00000000
00000000
00000000
00000000
00000000
00000000
00000000
00000000
00000000
00000000
00000000
00000000
00000000
00000000
00000000
00000000
00000000
00000000
00000000
00000000
00000000
00000000
00000000
00000000
00000000
00000000
00000000
00000000
00000000
00000000
00000000
00000000
00000000
00000000
00000000
00000000
00000000
00000000
00000000
00000000
00000000
00000000
00000000
00000000
00000000
00000000
00000000
00000000
00000000
00000000
00000000
00000000
00000000
00000000
00000000
00000000
00000000
00000000
00000000
00000000
00000000
00000000
00000000
00000000
00000000
00000000
00000000
00000000
00000000
00000000
00000000
00000000
00000000
00000000
00000000
00000000
00000000
00000000
00000000
00000000
00000000
00000000
00000000
00000000
00000000
00000000
00000000
00000000
00000000
00000000
00000000
00000000
00000000
00000000
00000000
00000000
00000000
00000000
00000000
00000000
00000000
00000000
00000000
00000000
00000000
00000000
00000000
00000000
00000000
00000000
00000000
00000000
00000000
00000000
00000000
00000000
00000000
00000000
00000000
00000000
00000000
00000000
00000000
00000000
00000000
00000000
00000000
00000000
00000000
00000000
00000000
00000000
00000000
00000000
00000000
00000000
00000000
00000000
00000000
00000000
00000000
00000000
00000000
00000000
00000000
00000000
00000000
00000000
00000000
00000000
00000000
00000000
00000000
00000000
00000000
00000000
00000000
00000000
00000000
00000000
00000000
00000000
00000000
00000000
00000000
00000000
00000000
00000000
00000000
00000000
00000000
00000000
00000000
00000000
00000000
00000000
00000000
00000000
00000000
00000000
00000000
00000000
00000000
00000000
00000000
00000000
00000000
00000000
00000000
00000000
00000000
00000000
00000000
00000000
00000000
00000000
00000000
00000000
00000000
00000000
00000000
00000000
00000000
00000000
00000000
00000000
00000000
00000000
00000000
00000000
00000000
00000000
00000000
00000000
00000000
00000000
00000000
00000000
00000000
00000000
00000000
00000000
00000000
00000000
00000000
00000000
00000000
00000000
00000000
00000000
00000000
00000000
00000000
00000000
00000000
00000000
00000000
00000000
00000000
00000000
00000000
00000000
00000000
00000000
00000000
00000000
00000000
00000000
00000000
00000000
00000000
00000000
00000000
00000000
00000000
00000000
00000000
00000000
00000000
00000000
00000000
00000000
00000000
00000000
