//Thu May  1 19:23:05 2025
@0000
00000000
00000000
00000000
00000000
00000000
00006325
5044434D
30353136
666F203A
74657366
7825203A
64202D20
3A617461
0A782520
00000000
5044434D
30303036
52207C20
73697665
3A6E6F69
00000020
00003143
6E6B6E55
206E776F
29782528
00000000
43207C20
69666E6F
25203A67
00000A78
5044434D
30303036
666F203A
74657366
7825203A
64202D20
3A617461
0A782520
00000000
746E6554
3A617669
44434D20
35313650
65722030
20746573
6F727265
000D0A72
746E6554
3A617669
44434D20
30303650
65722030
20746573
6F727265
000D0A72
31504454
52203234
73696765
20726574
706D7564
0000000A
61307830
25203A20
00000A78
30317830
25203A20
00000A78
31317830
25203A20
00000A78
32317830
25203A20
00000A78
33317830
25203A20
00000A78
746E6554
20617669
74697277
44492065
0000000A
34315044
2E2E5852
0000002E
31325044
2E2E5852
0000002E
34315044
2E2E5854
0000002E
31325044
2E2E5854
0000002E
54504445
2E2E2E58
00000000
494D4448
58543132
002E2E2E
494D4448
58523132
002E2E2E
20434D46
2E766552
62204320
6472616F
002E2E2E
20434D46
2E766552
62204420
6472616F
002E2E2E
6E6B6E55
206E776F
6974706F
00006E6F
000A6B6F
746E6554
20617669
20434D46
72616F62
00203A64
2E766552
000A4320
2E766552
000A4420
6E6B6E55
0A6E776F
00000000
20746F6E
6E756F66
000A2164
746E6554
20617669
746F6C73
3A642520
00000020
34315044
000A5854
31325044
000A5854
34315044
000A5852
31325044
000A5852
494D4448
58543132
0000000A
494D4448
58523132
0000000A
54504445
00000A58
6E6B6E75
0A6E776F
00000000
74706D65
00000A79
746E6554
3A617669
636F4C20
6974206B
756F656D
00000A74
50202D2D
72205948
72656665
65636E65
6F6C6320
63206B63
69666E6F
72652067
20726F72
00202D2D
56202D2D
6F656469
66657220
6E657265
63206563
6B636F6C
6E6F6320
20676966
6F727265
2D2D2072
00000020
4D202D2D
36504443
20303531
666E6F63
65206769
726F7272
202D2D20
00000000
4D202D2D
36504443
20303030
666E6F63
65206769
726F7272
202D2D20
00000000
54202D2D
3153444D
20343032
666E6F63
65206769
726F7272
202D2D20
00000000
55202D2D
6F6E6B6E
48502077
61632059
2D206472
0000202D
54202D2D
34315044
6F632032
6769666E
72726520
2D20726F
0000202D
54202D2D
30325044
63203430
69666E6F
72652067
20726F72
00202D2D
54202D2D
32315044
63203430
69666E6F
72652067
20726F72
00202D2D
746E6554
3A617669
736E7520
6F707075
64657472
59485020
66657220
6E657265
63206563
6B636F6C
0000000A
00003D44
00003A74
00003AC4
00003B10
00003B60
00003BB0
00003C00
00003C50
00003CA0
00003D44
00003CF0
00004AB4
00004ABC
00004AC4
00004ACC
00004AD4
00004ADC
00004AE4
00004AEC
00004AFC
00004AF4
00004B04
000058EC
0000590C
00005918
000058F4
000058F4
00005934
000058F4
000058F4
000058F4
000058F4
000058F4
000058F4
000058F4
000058F4
000058F4
000058F4
0000599C
000059B0
000059C8
000058F4
000058F4
000058F4
000058F4
000058F4
000058F4
000058F4
000058F4
000058F4
000058F4
000058F4
000058F4
000058F4
000058F4
000058F4
000058F4
000059E0
000058F4
000058F4
000058F4
000058F4
000058F4
000058F4
000058F4
000058F4
000058F4
000058F4
000058F4
000058F4
000058F4
00005A08
00005A48
000058F4
000058F4
000058F4
000058F4
000058F4
000058F4
000058F4
000058F4
000058F4
000058F4
000058F4
000058F4
000058F4
00005A80
00005AB8
000058F4
000058F4
00005AD8
00005AF0
000058F4
000058F4
000058F4
000058F4
000058F4
000058F4
000058F4
000058F4
000058F4
000058F4
000058F4
000058F4
000058F4
000058F4
000058F4
000058F4
000058F4
000058F4
000058F4
000058F4
000058F4
000058F4
000058F4
000058F4
000058F4
000058F4
000058F4
000058F4
00005B0C
00005B40
000058F4
000058F4
00005B94
000058F4
000058F4
000058F4
000058F4
000058F4
000058F4
000058F4
000058F4
000058F4
00005CA0
00005D28
00005D80
00005DDC
000058F4
000058F4
000058F4
000058F4
000058F4
000058F4
000058F4
000058F4
000058F4
000058F4
000058F4
000058F4
000058F4
00005DF8
58545044
0000203A
20445048
67756C70
0000000A
20445048
736C7570
00000A65
20445048
6C706E75
000A6775
58525044
0000203A
3A776809
2E642520
7C206425
00000020
203A7773
252E6425
00000A64
74736D09
7825203A
0000000A
6F697009
7825203A
0000000A
64706809
6425203A
0000000A
6B6E6C09
3A70755F
20642520
0000207C
5F6B6E6C
5F746361
656E616C
25203A73
207C2064
00000000
5F6B6E6C
5F746361
65746172
6425203A
0000000A
64697609
3A70755F
0A642520
00000000
69617254
676E696E
00000020
73736170
000A6465
6C696166
000A6465
74615209
00203A65
32362E31
70624720
00000073
20372E32
73706247
00000000
20342E35
73706247
00000000
20312E38
73706247
00000000
6E6B6E75
006E776F
4C207C20
73656E61
6425203A
0000000A
6C6F5609
65676174
69777320
6C20676E
6C657665
6425203A
00000000
50207C20
652D6572
6168706D
20736973
6576656C
25203A6C
00000A64
6B6E694C
0A707520
00000000
6B6E694C
776F6420
207C206E
00000000
20594850
6F727265
00000A72
6B6E694C
206F6E20
636F6C63
00000A6B
20524443
73736F6C
20666F20
6B636F6C
0000000A
61726353
656C626D
6F6C2072
6F207373
6F6C2066
000A6B63
69617254
676E696E
72726520
000A726F
65646956
7265206F
0A726F72
00000000
0A647068
00000000
656C6449
0000000A
656D6954
74756F20
76652820
65206C61
72697078
0A296465
00000000
65646956
7473206F
6D616572
20642520
00000000
000A7075
6E776F64
00207C20
63206F4E
6B636F6C
0000000A
65646976
6577206F
6420746E
0A6E776F
00000000
656C6469
0000000A
58525044
534D203A
00000A41
69764D09
203A2064
00006425
4E207C20
20646976
6425203A
0000000A
6F744809
206C6174
6425203A
00000000
48207C20
72617473
203A2074
00006425
48207C20
74646977
3A202068
00642520
48207C20
3A207773
0A642520
00000000
6F745609
206C6174
6425203A
00000000
56207C20
72617473
203A2074
00006425
56207C20
67696568
3A207468
00642520
56207C20
3A207773
0A642520
00000000
43504209
25203A20
00000A64
58525044
5044203A
7C204443
00000020
74697257
00000065
64616552
00000020
41207C20
65726464
203A7373
00007825
4C207C20
74676E65
25203A68
00000064
44207C20
3A617461
00000020
00207825
75626564
25203A67
00000A78
6D6F430A
646E616D
00000A73
2D2D2D2D
2D2D2D2D
0000000A
445F5F0A
5F585450
00000A5F
202D2071
676E6950
0000000A
202D2065
74617453
000A7375
202D2072
64616552
49444520
00000A44
202D2075
64616552
43504420
00000A44
202D2069
74697257
50442065
000A4443
445F5F0A
5F585250
00000A5F
202D2061
676E6950
0000000A
202D2064
74617453
000A7375
202D2066
0A445048
00000000
565F5F0A
5F5F4254
0000000A
202D206C
74617453
000A7375
4F5F5F0A
61726570
6E6F6974
000A5F5F
202D207A
6F6C6F43
72616272
0000000A
202D2078
73736150
7268542D
6867756F
0000000A
202D2063
20746553
65205852
0A646964
00000000
46494609
00000A4F
6F6C0909
203A6B63
000A6425
616D0909
6F772078
3A736472
0A642520
00000000
696D0909
6F77206E
3A736472
0A642520
00000000
6F6C4309
72206B63
766F6365
0A797265
00000000
72650909
3A726F72
00000020
0000002D
616D0909
72652078
3A726F72
00000020
696D0909
7265206E
3A726F72
00000020
75730909
00203A6D
6F630909
0000203A
65724609
6E657571
000A7963
58540909
6E696C20
6C63206B
206B636F
71657266
636E6575
25203A79
00000A64
58520909
6E696C20
6C63206B
206B636F
71657266
636E6575
25203A79
00000A64
69760909
206F6564
636F6C63
7266206B
65757165
3A79636E
0A642520
00000000
6174530A
63207472
726F6C6F
0A726162
00000000
44206F4E
69732050
64206B6E
63697665
73692065
6E6F6320
7463656E
000A6465
20746553
65646976
6C63206F
206B636F
71657266
636E6575
25203A79
486B2064
00000A7A
3A425456
61745320
74207472
20747365
74746170
0A6E7265
00000000
58545044
6553203A
534D2074
74732041
6D616572
0A642520
00000000
58545044
7453203A
20747261
65646976
7473206F
6D616572
2E642520
00202E2E
656C6553
76207463
6F656469
73657220
74756C6F
3A6E6F69
0000000A
2D203120
38323120
20782030
70303237
000A3035
2D203220
38323120
20782030
70303237
000A3036
2D203320
32393120
20782030
30383031
0A303570
00000000
2D203420
32393120
20782030
30383031
0A303670
00000000
2D203520
36353220
20782030
30343431
0A303570
00000000
2D203620
36353220
20782030
30343431
0A303670
00000000
2D203720
34383320
20782030
30363132
0A303570
00000000
2D203820
34383320
20782030
30363132
0A303670
00000000
2D203920
32313520
20782030
30383832
0A303670
00000000
2D206120
38363720
20782030
30323334
0A303370
00000000
656C6553
63207463
726F6C6F
70656420
0A3A6874
00000000
2D203120
62203820
000A6370
2D203220
20303120
0A637062
00000000
58545044
6F43203A
20726F6C
74706564
25203A68
00000A64
58545044
6553203A
534D2074
00000A41
58545044
7453203A
20747261
65646976
2E2E2E6F
00000000
44206F4E
69732050
64206B6E
63697665
73692065
6E6F6320
7463656E
0A2E6465
00000000
58545044
6E696C20
7369206B
746F6E20
2E707520
0000000A
58525044
6E696C20
7369206B
746F6E20
2E707520
0000000A
73736150
7268742D
6867756F
746F6E20
70757320
74726F70
69206465
534D206E
000A2E54
6174530A
70207472
2D737361
6F726874
0A686775
00000000
3A425456
64697620
70206F65
65736572
6F6E2074
75732074
726F7070
0A646574
00000000
3A433249
616E6520
20656C62
65726964
61207463
73656363
6F6D2073
000A6564
3A425456
61747320
63207472
6B636F6C
63657220
7265766F
00000A79
58545044
7453203A
7620706F
6F656469
202E2E2E
00000000
58545044
7453203A
20747261
65646976
2E2E2E6F
00000020
656C6553
52207463
44452058
76204449
6F656469
73657220
74756C6F
3A6E6F69
0000000A
2D203120
38323120
20782030
70303237
35204020
0A7A4830
00000000
2D203220
32393120
20782030
30383031
20402070
7A483035
0000000A
2D203320
36353220
20782030
30343431
20402070
7A483035
0000000A
2D203420
34383320
20782030
30363132
20402070
7A483035
0000000A
2D203020
6C6C4120
0000000A
58525044
7257203A
20657469
44494445
002E2E2E
67676F54
4820656C
000A4450
5450440A
44203A58
20444350
6552207C
00006461
4341090A
207C204B
61746144
0000003A
20782520
00000000
414E090A
000A4B43
5450440A
44203A58
20444350
7257207C
00657469
4341090A
00000A4B
00000A0A
20202020
20205F5F
20202020
5F5F2020
5F202020
2020205F
205F5F5F
205F5F5F
205F5F5F
205F5F20
00000A20
7C202020
20295F5F
205C2F20
5F5F7C20
5F7C2029
7C20295F
20205F5F
20207C20
20207C20
5C20202F
00000A20
7C202020
20202020
5C7E7E2F
20207C20
207C205C
7C205C20
205F5F5F
20207C20
20207C20
2F5F5F5C
00000A20
70736944
5079616C
2074726F
65666572
636E6572
65642065
6E676973
2E317620
00000A30
20296328
31323032
32202D20
20353230
50207962
65727261
206F7474
2E562E42
0000000A
2E777777
72726170
6F747465
6D6F632E
0000000A
2079614D
32203120
00353230
65746144
2527203A
000A2773
323A3931
34303A33
00000000
656D6954
2527203A
000A2773
72616F42
49203A64
7665726E
206D7569
412D4254
30322D37
492D5430
000A474D
65786950
7020736C
63207265
6B636F6C
6425203A
0000000A
73746942
72657020
6D6F6320
656E6F70
203A746E
000A6425
746E6554
20617669
666E6F63
2E2E6769
0000202E
74696E49
696C6169
4420657A
20585450
2E4D4F52
00002E2E
656E6F64
0000000A
74696E49
696C6169
4420657A
20585450
2E4D4152
00002E2E
74696E49
696C6169
4420657A
20585250
2E4D4F52
00002E2E
74696E49
696C6169
4420657A
20585250
2E4D4152
00002E2E
5450440A
50203A58
2E676E69
00002E2E
58545044
6F43203A
6769666E
002E2E2E
5250440A
50203A58
2E676E69
00002E2E
58525044
6F43203A
6769666E
002E2E2E
58525044
5048203A
2E2E2E44
00000000
58545044
6950203A
2E2E676E
0000002E
58545044
7453203A
73757461
0000000A
5450440A
4D203A58
73205453
0A706F74
00000000
5450440A
4D203A58
73205453
74726174
0000000A
58545044
534D203A
6B6F2054
0000000A
58545044
534D203A
6F6C2054
20636967
20746F6E
62616E65
0A64656C
00000000
58545044
534D203A
6F6E2054
75732074
726F7070
20646574
73207962
0A6B6E69
00000000
58545044
534D203A
72652054
0A726F72
00000000
58525044
6950203A
2E2E676E
0000002E
58525044
7453203A
73757461
0000000A
58525044
5048203A
00000A44
2D203120
706E7520
0A67756C
00000000
2D203220
756C7020
00000A67
2D203320
6C757020
000A6573
58525044
6B6F203A
0000000A
58525044
7265203A
0A726F72
00000000
3A425456
61745320
0A737574
00000000
6C6F430A
6162726F
00000A72
7361500A
68542D73
67756F72
00000A68
6E6B6E55
206E776F
6D6D6F63
0A646E61
00000000
34333231
38373635
00000000
00006708
00006630
00006648
00006660
00006678
00006690
000066C0
000066A8
000066D8
000066F0
00007610
00007600
00007608
000075C8
0000755C
00007564
000075B8
000075C0
000075C8
000075C8
000075C8
000075C8
000075C8
000075C8
000075C8
000075C8
000075C8
000075C8
000075C8
000075C8
000075C8
000075C8
000075C8
000075C8
000075C8
000075C8
000075C8
000075C8
000075C8
000075C8
000075C8
000075C8
000075C8
000075C8
000075C8
000075C8
000075C8
000075C8
000075C8
000075C8
000075C8
000075C8
000075C8
000075C8
000075C8
000075C8
000075C8
000075C8
000075D8
000084AC
000085C8
000085BC
000084E4
0000836C
000084FC
000085C8
000085C8
000084A4
000085C8
000085C8
0000857C
000085C8
000085C8
000085C8
000085C8
00008330
000085C8
000085C8
000083CC
0000849C
000085C8
000085C8
000085A8
000085C8
00008590
3A594850
50524420
61657220
69742064
756F656D
00000A74
3A594850
50524420
69727720
74206574
6F656D69
000A7475
3A594850
73657220
74207465
6F656D69
000A7475
00080028
000A0009
0014000B
00160015
00190018
004E001A
0028004F
10000000
1000FC00
1000FC00
C000FC00
8000FC00
66FF8000
000066FF
1042FFFF
10C30080
10420000
10410080
200103E8
1108A3E9
00009900
10C3FFFF
11860000
10C30000
10410000
440103E8
9108C7E9
00001900
1145FFFF
128A0000
11450000
10410000
700103E8
9908F3E9
00001900
3B9ACA00
05F5E100
00989680
000F4240
000186A0
00002710
000003E8
00000064
0000000A
00000001
3B9ACA00
05F5E100
00989680
000F4240
000186A0
00002710
000003E8
00000064
0000000A
00000001
FFFFFF00
00FFFFFF
4D475442
12345678
04011808
781E35A5
AEF51D3A
25B3354F
0054500D
C0D10000
01010101
01010101
01010101
E8080101
70F23000
58B0805A
0000008A
1E000000
78007404
503CA0A5
488A50B8
00000000
1D011E00
D052BC00
28B8201E
00004055
1E000000
FC000000
72615000
74746572
5044206F
CF01200A
410C0302
04040923
00000183
18803A02
402D3871
00452C58
00215458
00001E00
00000000
00000000
00000000
00000000
00000000
00000000
00000000
00000000
00000000
00000000
00000000
00000000
00000000
00000000
00000000
00000000
00000000
00000000
00000000
00000000
00000000
00000000
00000000
58000000
00000000
00000000
00000000
00000000
00000000
00000000
00000000
00000000
00000000
00000000
00000000
00000000
00000000
00000000
00000000
00000000
00000000
00000000
00000000
00000000
00000000
00000000
00000000
00000000
00000000
00000000
00000000
00000000
00000000
00000000
00000000
00000000
00000000
00000000
00000000
00000000
00000000
00000000
00000000
00000000
00000000
00000000
00000000
00000000
00000000
00000000
00000000
00000000
00000000
00000000
00000000
00000000
00000000
00000000
00000000
00000000
00000000
00000000
00000000
00000000
00000000
00000000
00000000
00000000
00000000
00000000
00000000
00000000
00000000
00000000
00000000
00000000
00000000
00000000
00000000
00000000
00000000
00000000
00000000
00001AFC
00001A2C
00001A64
00001AE0
000019E0
00001878
00001878
00001878
00001878
00001878
00001878
00001878
00001878
00001878
00001878
00001878
00001AF8
00000000
00000000
00000000
00000000
00000000
00000000
00000000
00000000
00000000
00000000
00000000
00000000
00000000
00000000
00000000
00000000
00000000
00000000
00000000
00000000
00000000
00000000
00000000
00000000
00000000
00000000
00000000
00000000
00000000
00000000
00000000
00000000
00000000
00000000
00000000
00000000
00000000
00000000
00000000
00000000
00000000
00000000
00000000
00000000
00000000
00000000
00000000
00000000
00000000
00000000
00000000
00000000
00000000
00000000
00000000
00000000
00000000
00000000
00000000
00000000
00000000
00000000
00000000
00000000
00000000
00000000
00000000
00000000
00000000
00000000
00000000
00000000
00000000
00000000
00000000
00000000
00000000
00000000
00000000
00000000
00000000
00000000
00000000
00000000
00000000
00000000
00000000
00000000
00000000
00000000
00000000
00000000
00000000
00000000
00000000
00000000
00000000
00000000
00000000
00000000
00000000
00000000
00000000
00000000
00000000
00000000
00000000
00000000
00000000
00000000
00000000
00000000
00000000
00000000
00000000
00000000
00000000
00000000
00000000
00000000
00000000
00000000
00000000
00000000
00000000
00000000
00000000
00000000
00000000
00000000
00000000
00000000
00000000
00000000
00000000
00000000
00000000
00000000
00000000
00000000
00000000
00000000
00000000
00000000
00000000
00000000
00000000
00000000
00000000
00000000
00000000
00000000
00000000
00001308
00001330
00001390
000013C4
000013E4
00001400
0000141C
00001438
00001454
000012BC
000012BC
000012BC
000012BC
000012BC
000012BC
000012BC
000012BC
00001470
00001830
000018AC
000018BC
000018CC
000018DC
000018A0
000018EC
000018FC
0000190C
000018A0
000018A0
000018A0
000018A0
000018A0
0000191C
0000193C
0000194C
0000195C
0000196C
0000197C
0000198C
0000199C
000019AC
000019BC
000018A0
000018A0
000018A0
000018A0
000018A0
000018A0
000018A0
000018A0
000019CC
000019FC
00001A0C
00001A1C
00001A48
00001A50
000018A0
00001A68
00001A68
0000230C
00002278
00002364
00002508
00002318
00002508
00002508
00002508
00002508
00002508
00002508
00002508
00002508
000023E8
000023D0
000023F8
00002D90
00002DA4
00002DB8
00002DD0
00002DE8
00003684
00003634
0000364C
0000364C
0000366C
00003684
0000364C
0000364C
0000364C
00003684
00003694
0000364C
0000364C
00003684
00003684
00003684
000036B0
00030201
00040000
00000000
00000000
00000000
00000000
00000000
00000000
00000000
00000000
00000000
00000000
00000000
00000000
00000000
00000000
00000000
00000000
00000000
00000000
00000000
00000000
00000000
00000000
00000000
00000000
00000000
00000000
00000000
00000000
00000000
00000000
00000000
00000000
00000000
00000000
00000000
00000000
00000000
00000000
00000000
00000000
00000000
00000000
00000000
00000000
00000000
00000000
00000000
00000000
00000000
00000000
00000000
00000000
00000000
00000000
00000000
00000000
00000000
00000000
00000000
00000000
00000000
00000000
00000000
00000000
00000000
00000000
00000000
00000000
00000000
00000000
00000000
00000000
00000000
00000000
00000000
00000000
00000000
00000000
00000000
00000000
00000000
00000000
00000000
00000000
00000000
00000000
00000000
00000000
00000000
00000000
00000000
00000000
00000000
00000000
00000000
00000000
00000000
00000000
00000000
00000000
00000000
00000000
00000000
00000000
00000000
00000000
00000000
00000000
00000000
00000000
00000000
00000000
00000000
00000000
00000000
00000000
00000000
00000000
00000000
00000000
00000000
00000000
00000000
00000000
00000000
00000000
00000000
00000000
00000000
00000000
00000000
00000000
00000000
00000000
00000000
00000000
00000000
00000000
00000000
00000000
00000000
00000000
00000000
00000000
00000000
00000000
00000000
00000000
00000000
00000000
00000000
00000000
00000000
00000000
00000000
00000000
00000000
00000000
00000000
00000000
00000000
00000000
00000000
00000000
00000000
00000000
00000000
00000000
00000000
00000000
00000000
00000000
00000000
00000000
00000000
00000000
00000000
00000000
00000000
00000000
00000000
00000000
00000000
00000000
00000000
00000000
00000000
00000000
00000000
00000000
00000000
00000000
00000000
00000000
00000000
00000000
00000000
00000000
00000000
00000000
00000000
00000000
00000000
00000000
00000000
00000000
00000000
00000000
00000000
00000000
00000000
00000000
00000000
00000000
00000000
00000000
00000000
00000000
00000000
00000000
00000000
00000000
00000000
00000000
00000000
00000000
00000000
00000000
00000000
00000000
00000000
00000000
00000000
00000000
00000000
00000000
00000000
00000000
00000000
00000000
00000000
00000000
00000000
00000000
00000000
00000000
00000000
00000000
00000000
00000000
00000000
00000000
00000000
00000000
00000000
00000000
00000000
00000000
00000000
00000000
00000000
00000000
00000000
00000000
00000000
00000000
00000000
00000000
00000000
00000000
00000000
00000000
00000000
00000000
00000000
00000000
00000000
00000000
00000000
00000000
00000000
00000000
00000000
00000000
00000000
00000000
00000000
00000000
00000000
00000000
00000000
00000000
00000000
00000000
00000000
00000000
00000000
00000000
00000000
00000000
00000000
00000000
00000000
00000000
00000000
00000000
00000000
00000000
00000000
00000000
00000000
00000000
00000000
00000000
00000000
00000000
00000000
00000000
00000000
00000000
00000000
00000000
00000000
00000000
00000000
00000000
00000000
00000000
00000000
00000000
00000000
00000000
00000000
00000000
00000000
00000000
00000000
00000000
00000000
00000000
00000000
00000000
00000000
00000000
00000000
00000000
00000000
00000000
00000000
00000000
00000000
00000000
00000000
00000000
00000000
00000000
00000000
00000000
00000033
00000001
00000010
00000002
0000004A
00000003
00000020
00000004
00000032
00000005
00000002
00000006
00000000
00000007
00000000
00000008
00000004
00000009
00000000
0000000A
00000030
0000000B
00000000
0000000C
00000000
0000000D
00000000
0000000E
00000000
0000000F
00000000
00000010
00000000
00000011
00000000
00000012
00000019
00000013
0000009A
00000014
00000000
00000015
00000000
00000016
00000000
00000017
00000000
00000018
00000000
00000019
00000000
0000001A
00000000
0000001B
000000F0
0000001C
00000000
0000001D
00000000
0000001E
00000000
0000001F
00000000
00000020
00000000
00000021
00000000
00000022
00000000
00000023
00000000
00000024
00000000
00000025
00000000
00000026
00000000
00000027
00000000
00000028
00000000
00000029
00000000
0000002A
00000000
0000002B
00000000
0000002C
00000000
0000002D
00000000
0000002E
00000000
0000002F
00000000
00000030
00000003
00000031
00000001
00000032
00000000
00000033
00000000
00000034
00000001
00000035
00000000
00000036
00000000
00000037
00000000
00000038
00000000
00000039
00000000
0000003A
00000000
0000003B
00000000
0000003C
00000000
0000003D
00000000
0000003E
00000000
0000003F
00000000
00000040
00000003
00000041
00000001
00000042
00000000
00000043
00000000
00000044
00000001
00000045
00000000
00000046
00000000
00000047
00000000
00000048
00000000
00000049
00000000
0000004A
00000000
0000004B
00000000
0000004C
00000000
0000004D
00000000
0000004E
00000000
0000004F
00000000
00000050
00000003
00000051
00000001
00000052
00000000
00000053
00000000
00000054
00000001
00000055
00000000
00000056
00000000
00000057
00000000
00000058
00000000
00000059
00000000
0000005A
00000000
0000005B
00000000
0000005C
00000000
0000005D
00000000
0000005E
00000000
0000005F
00000000
00000060
00000001
00000061
00000001
00000062
00000000
00000063
00000000
00000064
00000000
00000065
00000000
00000066
00000010
00000067
00000000
00000068
00000000
00000069
00000000
0000006A
00000000
0000006B
00000000
0000006C
00000000
0000006D
00000000
0000006E
00000000
0000006F
00000000
00000070
00000000
00000071
00000000
00000072
00000000
00000073
00000000
00000074
00000000
00000075
00000000
00000076
00000000
00000077
00000000
00000078
00000000
00000079
00000000
0000007A
00000000
0000007B
00000000
0000007C
00000000
0000007D
00000000
0000007E
00000000
0000007F
00000000
00000080
00000001
00000081
00000001
00000082
00000000
00000083
00000000
00000084
00000000
00000085
00000000
00000086
00000010
00000087
00000000
00000088
00000000
00000089
00000000
0000008A
00000000
0000008B
00000000
0000008C
00000000
0000008D
00000000
0000008E
00000000
0000008F
00000000
00000090
00000000
00000091
00000000
00000092
00000000
00000093
00000000
00000094
00000000
00000095
00000000
00000096
00000000
00000097
00000000
00000098
00000000
00000099
00000000
0000009A
00000000
0000009B
00000000
0000009C
00000000
0000009D
00000000
0000009E
00000000
0000009F
00000000
000000A0
00000082
000000A1
00000083
000000A2
00000036
000000A3
00000000
000000A4
00000000
000000A5
00000038
000000A6
00000042
000000A7
0000005B
000000A8
00000010
000000A9
00000011
000000AA
00000000
000000AB
00000000
000000AC
000000FF
000000AD
000000FF
000000AE
000000FF
000000AF
0000001F
000000B0
00000000
000000B1
00000000
000000B2
00000000
000000B3
00000000
000000B4
00000000
000000B5
00000000
000000B6
00000000
000000B7
00000000
000000B8
00000000
000000B9
00000000
000000BA
00000080
000000BB
00000000
000000BC
00000000
000000BD
00000000
000000BE
00000000
000000BF
00000000
000000C0
00000090
000000C1
00000001
000000C2
00000000
000000C3
00000000
000000C4
00000000
000000C5
00000000
000000C6
00000000
000000C7
00000000
000000C8
00000000
000000C9
00000000
000000CA
00000000
000000CB
00000000
000000CC
00000055
000000CD
00000001
000000CE
000000FF
000000CF
00000000
000000D0
0000001F
000000D1
00000000
000000D2
00000000
000000D3
00000000
000000D4
00000000
000000D5
00000000
000000D6
00000000
000000D7
00000000
000000D8
00000000
000000D9
00000000
000000DA
00000000
000000DB
00000000
000000DC
00000001
000000DD
00000000
000000DE
00000000
000000DF
00000000
000000E0
0000004A
000000E1
0000001E
000000E2
00000000
000000E3
00000000
000000E4
00000020
000000E5
00000000
000000E6
00000000
000000E7
00000000
000000E8
00000000
000000E9
00000000
000000EA
00000004
000000EB
00000000
000000EC
00000000
000000ED
00000000
000000EE
00000000
000000EF
00000000
000000F0
0000000B
000000F1
00000001
000000F2
00000000
000000F3
00000000
000000F4
00000044
000000F5
00000000
000000F6
00000000
000000F7
00000000
000000F8
0000000D
000000F9
0000004D
000000FA
00000001
000000FB
00000000
000000FC
00000000
000000FD
00000000
000000FE
00000000
000000FF
00000000
00000100
00000069
00000101
00000000
00000102
0000000B
00000103
000000A7
00000104
000000B4
00000105
00000003
00000106
00000000
00000107
00000000
00000108
0000002C
00000109
00000080
0000010A
00000008
0000010B
00000066
0000010C
000000B4
0000010D
00000003
0000010E
00000000
0000010F
00000000
00000110
0000002C
00000111
00000080
00000112
00000008
00000113
00000066
00000114
000000B4
00000115
00000003
00000116
00000000
00000117
00000000
00000118
00000069
00000119
00000000
0000011A
0000000B
0000011B
0000006C
0000011C
000000B4
0000011D
00000003
0000011E
00000000
0000011F
00000000
00000120
00000000
00000121
00000000
00000122
00000070
00000123
00000000
00000124
00000000
00000125
00000000
00000126
00000070
00000127
00000000
00000128
00000000
00000129
00000000
0000012A
00000000
0000012B
00000000
0000012C
00000000
0000012D
00000000
0000012E
00000000
0000012F
00000000
00000130
00000010
00000131
0000002F
00000132
00000000
00000133
00000002
00000134
00000000
00000135
00000002
00000136
00000000
00000137
00000000
00000138
00000000
00000139
00000000
0000013A
00000000
0000013B
00000000
0000013C
00000000
0000013D
00000000
0000013E
00000000
0000013F
00000000
00000140
00000021
00000141
00000006
00000142
00000044
00000143
00000009
00000144
00000005
00000145
00000000
00000146
00000000
00000147
00000000
00000148
00000000
00000149
00000000
0000014A
00000000
0000014B
00000000
0000014C
00000000
0000014D
00000000
0000014E
00000000
0000014F
00000000
00000150
0000008F
00000151
0000002F
00000152
00000003
00000153
00000002
00000154
000000BC
00000155
00000000
00000156
00000023
00000157
0000000D
00000158
00000044
00000159
0000003E
0000015A
00000064
0000015B
00000027
0000015C
00000006
0000015D
0000001F
0000015E
00000045
0000015F
0000000F
00000160
00000004
00000161
00000000
00000162
00000000
00000163
0000007A
00000164
00000080
00000165
00000001
00000166
00000088
00000167
00000000
00000168
00000000
00000169
00000000
0000016A
00000000
0000016B
00000025
0000016C
00000001
0000016D
00000000
0000016E
00000001
0000016F
00000009
00000170
00000000
00000171
00000000
00000172
00000000
00000173
00000000
00000174
00000000
00000175
00000000
00000176
00000000
00000177
00000000
00000178
00000000
00000179
00000000
0000017A
00000000
0000017B
00000000
0000017C
00000000
0000017D
00000000
0000017E
00000000
0000017F
00000000
00000180
00000000
00000181
00000000
00000182
00000000
00000183
00000000
00000184
00000000
00000185
00000000
00000186
00000000
00000187
00000000
00000188
00000000
00000189
00000000
0000018A
00000000
0000018B
00000000
0000018C
00000000
0000018D
00000000
0000018E
00000000
0000018F
00000000
00000190
00000000
00000191
00000000
00000192
00000000
00000193
00000000
00000194
00000000
00000195
00000000
00000196
00000000
00000197
00000000
00000198
00000000
00000199
00000000
0000019A
00000000
0000019B
00000000
0000019C
00000000
0000019D
00000000
0000019E
00000000
0000019F
00000000
000001A0
0000002C
000001A1
0000003B
000001A2
00000000
000001A3
00000077
000001A4
00000070
000001A5
00000080
000001A6
00000001
000001A7
00000000
000001A8
00000000
000001A9
00000008
000001AA
00000000
000001AB
00000000
000001AC
00000000
000001AD
00000000
000001AE
00000000
000001AF
00000000
000001B0
00000000
000001B1
00000000
000001B2
00000000
000001B3
00000000
000001B4
000000F0
000001B5
00000000
000001B6
000000D0
000001B7
00000003
000001B8
00000000
000001B9
00000000
000001BA
00000000
000001BB
00000000
000001BC
000000BA
000001BD
00000000
000001BE
00000000
000001BF
00000000
000001C0
0000001A
000001C1
000000A6
000001C2
0000000F
000001C3
00000047
000001C4
00000024
000001C5
00000000
000001C6
00000024
000001C7
00000000
000001C8
00000000
000001C9
00000011
000001CA
00000020
000001CB
00000012
000001CC
0000000B
000001CD
00000010
000001CE
00000002
000001CF
00000030
000001D0
00000000
000001D1
00000000
000001D2
00000000
000001D3
00000000
000001D4
00000000
000001D5
00000000
000001D6
00000000
000001D7
00000000
000001D8
00000000
000001D9
00000000
000001DA
00000000
000001DB
00000000
000001DC
00000000
000001DD
00000000
000001DE
00000000
000001DF
00000000
00000000
00000033
00000001
00000010
00000002
0000004A
00000003
00000020
00000004
00000032
00000005
00000002
00000006
00000000
00000007
00000000
00000008
00000004
00000009
00000000
0000000A
00000030
0000000B
00000000
0000000C
00000000
0000000D
00000000
0000000E
00000000
0000000F
00000000
00000010
00000000
00000011
00000000
00000012
00000019
00000013
0000009A
00000014
00000000
00000015
00000000
00000016
00000000
00000017
00000000
00000018
00000000
00000019
00000000
0000001A
00000000
0000001B
000000F0
0000001C
00000000
0000001D
00000000
0000001E
00000000
0000001F
00000000
00000020
00000000
00000021
00000000
00000022
00000000
00000023
00000000
00000024
00000000
00000025
00000000
00000026
00000000
00000027
00000000
00000028
00000000
00000029
00000000
0000002A
00000000
0000002B
00000000
0000002C
00000000
0000002D
00000000
0000002E
00000000
0000002F
00000000
00000030
00000003
00000031
00000001
00000032
00000000
00000033
00000000
00000034
00000001
00000035
00000000
00000036
00000000
00000037
00000000
00000038
00000000
00000039
00000000
0000003A
00000000
0000003B
00000000
0000003C
00000000
0000003D
00000000
0000003E
00000000
0000003F
00000000
00000040
00000003
00000041
00000001
00000042
00000000
00000043
00000000
00000044
00000001
00000045
00000000
00000046
00000000
00000047
00000000
00000048
00000000
00000049
00000000
0000004A
00000000
0000004B
00000000
0000004C
00000000
0000004D
00000000
0000004E
00000000
0000004F
00000000
00000050
00000003
00000051
00000001
00000052
00000000
00000053
00000000
00000054
00000001
00000055
00000000
00000056
00000000
00000057
00000000
00000058
00000000
00000059
00000000
0000005A
00000000
0000005B
00000000
0000005C
00000000
0000005D
00000000
0000005E
00000000
0000005F
00000000
00000060
00000001
00000061
00000001
00000062
00000000
00000063
00000000
00000064
00000000
00000065
00000000
00000066
00000010
00000067
00000000
00000068
00000000
00000069
00000000
0000006A
00000000
0000006B
00000000
0000006C
00000000
0000006D
00000000
0000006E
00000000
0000006F
00000000
00000070
00000000
00000071
00000000
00000072
00000000
00000073
00000000
00000074
00000000
00000075
00000000
00000076
00000000
00000077
00000000
00000078
00000000
00000079
00000000
0000007A
00000000
0000007B
00000000
0000007C
00000000
0000007D
00000000
0000007E
00000000
0000007F
00000000
00000080
00000001
00000081
00000001
00000082
00000000
00000083
00000000
00000084
00000000
00000085
00000000
00000086
00000010
00000087
00000000
00000088
00000000
00000089
00000000
0000008A
00000000
0000008B
00000000
0000008C
00000000
0000008D
00000000
0000008E
00000000
0000008F
00000000
00000090
00000000
00000091
00000000
00000092
00000000
00000093
00000000
00000094
00000000
00000095
00000000
00000096
00000000
00000097
00000000
00000098
00000000
00000099
00000000
0000009A
00000000
0000009B
00000000
0000009C
00000000
0000009D
00000000
0000009E
00000000
0000009F
00000000
000000A0
00000082
000000A1
00000083
000000A2
00000036
000000A3
00000000
000000A4
00000000
000000A5
00000038
000000A6
00000042
000000A7
0000005B
000000A8
00000010
000000A9
00000011
000000AA
00000000
000000AB
00000000
000000AC
000000FF
000000AD
000000FF
000000AE
000000FF
000000AF
0000001F
000000B0
00000000
000000B1
00000000
000000B2
00000000
000000B3
00000000
000000B4
00000000
000000B5
00000000
000000B6
00000000
000000B7
00000000
000000B8
00000000
000000B9
00000000
000000BA
00000080
000000BB
00000000
000000BC
00000000
000000BD
00000000
000000BE
00000000
000000BF
00000000
000000C0
00000090
000000C1
00000001
000000C2
00000000
000000C3
00000000
000000C4
00000000
000000C5
00000000
000000C6
00000000
000000C7
00000000
000000C8
00000000
000000C9
00000000
000000CA
00000000
000000CB
00000000
000000CC
00000055
000000CD
00000001
000000CE
000000FF
000000CF
00000000
000000D0
0000001F
000000D1
00000000
000000D2
00000000
000000D3
00000000
000000D4
00000000
000000D5
00000000
000000D6
00000000
000000D7
00000000
000000D8
00000000
000000D9
00000000
000000DA
00000000
000000DB
00000000
000000DC
00000001
000000DD
00000000
000000DE
00000000
000000DF
00000000
000000E0
0000004A
000000E1
0000001E
000000E2
00000000
000000E3
00000000
000000E4
00000020
000000E5
00000000
000000E6
00000000
000000E7
00000000
000000E8
00000000
000000E9
00000000
000000EA
00000004
000000EB
00000000
000000EC
00000000
000000ED
00000000
000000EE
00000000
000000EF
00000000
000000F0
0000000B
000000F1
00000001
000000F2
00000000
000000F3
00000000
000000F4
00000044
000000F5
00000000
000000F6
00000000
000000F7
00000000
000000F8
0000000D
000000F9
0000004D
000000FA
00000001
000000FB
00000000
000000FC
00000000
000000FD
00000000
000000FE
00000000
000000FF
00000000
00000100
00000069
00000101
00000000
00000102
0000000B
00000103
000000A7
00000104
000000B4
00000105
00000003
00000106
00000000
00000107
00000000
00000108
00000028
00000109
00000080
0000010A
00000008
0000010B
00000066
0000010C
000000B4
0000010D
00000003
0000010E
00000000
0000010F
00000000
00000110
00000028
00000111
00000080
00000112
00000008
00000113
00000066
00000114
000000B4
00000115
00000003
00000116
00000000
00000117
00000000
00000118
00000069
00000119
00000000
0000011A
0000000B
0000011B
0000006C
0000011C
000000B4
0000011D
00000003
0000011E
00000000
0000011F
00000000
00000120
00000000
00000121
00000000
00000122
00000070
00000123
00000000
00000124
00000000
00000125
00000000
00000126
00000070
00000127
00000000
00000128
00000000
00000129
00000000
0000012A
00000000
0000012B
00000000
0000012C
00000000
0000012D
00000000
0000012E
00000000
0000012F
00000000
00000130
00000010
00000131
0000002F
00000132
00000000
00000133
00000002
00000134
00000000
00000135
00000002
00000136
00000000
00000137
00000000
00000138
00000000
00000139
00000000
0000013A
00000000
0000013B
00000000
0000013C
00000000
0000013D
00000000
0000013E
00000000
0000013F
00000000
00000140
00000021
00000141
00000006
00000142
00000044
00000143
00000009
00000144
00000005
00000145
00000000
00000146
00000000
00000147
00000000
00000148
00000000
00000149
00000000
0000014A
00000000
0000014B
00000000
0000014C
00000000
0000014D
00000000
0000014E
00000000
0000014F
00000000
00000150
00000061
00000151
00000000
00000152
000000F5
00000153
00000006
00000154
000000BC
00000155
00000000
00000156
00000023
00000157
0000000D
00000158
00000044
00000159
0000003E
0000015A
00000064
0000015B
00000027
0000015C
00000006
0000015D
0000001F
0000015E
00000045
0000015F
0000000F
00000160
00000004
00000161
00000000
00000162
00000000
00000163
0000007A
00000164
00000080
00000165
00000001
00000166
00000088
00000167
00000000
00000168
00000000
00000169
00000000
0000016A
00000000
0000016B
00000025
0000016C
00000001
0000016D
00000000
0000016E
00000001
0000016F
00000009
00000170
00000000
00000171
00000000
00000172
00000000
00000173
00000000
00000174
00000000
00000175
00000000
00000176
00000000
00000177
00000000
00000178
00000000
00000179
00000000
0000017A
00000000
0000017B
00000000
0000017C
00000000
0000017D
00000000
0000017E
00000000
0000017F
00000000
00000180
00000000
00000181
00000000
00000182
00000000
00000183
00000000
00000184
00000000
00000185
00000000
00000186
00000000
00000187
00000000
00000188
00000000
00000189
00000000
0000018A
00000000
0000018B
00000000
0000018C
00000000
0000018D
00000000
0000018E
00000000
0000018F
00000000
00000190
00000000
00000191
00000000
00000192
00000000
00000193
00000000
00000194
00000000
00000195
00000000
00000196
00000000
00000197
00000000
00000198
00000000
00000199
00000000
0000019A
00000000
0000019B
00000000
0000019C
00000000
0000019D
00000000
0000019E
00000000
0000019F
00000000
000001A0
0000002C
000001A1
0000003B
000001A2
00000000
000001A3
00000077
000001A4
00000070
000001A5
00000080
000001A6
00000001
000001A7
00000000
000001A8
00000000
000001A9
00000008
000001AA
00000000
000001AB
00000000
000001AC
00000000
000001AD
00000000
000001AE
00000000
000001AF
00000000
000001B0
00000000
000001B1
00000000
000001B2
00000000
000001B3
00000000
000001B4
000000F0
000001B5
00000000
000001B6
000000D0
000001B7
00000003
000001B8
00000000
000001B9
00000000
000001BA
00000000
000001BB
00000000
000001BC
000000BA
000001BD
00000000
000001BE
00000000
000001BF
00000000
000001C0
0000001A
000001C1
000000A6
000001C2
0000000F
000001C3
00000047
000001C4
00000024
000001C5
00000000
000001C6
00000024
000001C7
00000000
000001C8
00000000
000001C9
00000011
000001CA
00000020
000001CB
00000012
000001CC
0000000B
000001CD
00000010
000001CE
00000002
000001CF
00000030
000001D0
00000000
000001D1
00000000
000001D2
00000000
000001D3
00000000
000001D4
00000000
000001D5
00000000
000001D6
00000000
000001D7
00000000
000001D8
00000000
000001D9
00000000
000001DA
00000000
000001DB
00000000
000001DC
00000000
000001DD
00000000
000001DE
00000000
000001DF
00000000
00000000
00000033
00000001
00000010
00000002
0000004A
00000003
00000030
00000004
00000032
00000005
00000002
00000006
00000000
00000007
00000000
00000008
00000004
00000009
00000000
0000000A
00000030
0000000B
00000000
0000000C
00000000
0000000D
00000000
0000000E
00000000
0000000F
00000000
00000010
00000000
00000011
00000000
00000012
00000019
00000013
0000009A
00000014
00000000
00000015
00000000
00000016
00000000
00000017
00000000
00000018
00000000
00000019
00000000
0000001A
00000000
0000001B
000000F0
0000001C
00000000
0000001D
00000000
0000001E
00000000
0000001F
00000000
00000020
00000000
00000021
00000000
00000022
00000000
00000023
00000000
00000024
00000000
00000025
00000000
00000026
00000000
00000027
00000000
00000028
00000000
00000029
00000000
0000002A
00000000
0000002B
00000000
0000002C
00000000
0000002D
00000000
0000002E
00000000
0000002F
00000000
00000030
00000003
00000031
00000001
00000032
00000000
00000033
00000000
00000034
00000001
00000035
00000000
00000036
00000000
00000037
00000000
00000038
00000000
00000039
00000000
0000003A
00000000
0000003B
00000000
0000003C
00000000
0000003D
00000000
0000003E
00000000
0000003F
00000000
00000040
00000003
00000041
00000001
00000042
00000000
00000043
00000000
00000044
00000001
00000045
00000000
00000046
00000000
00000047
00000000
00000048
00000000
00000049
00000000
0000004A
00000000
0000004B
00000000
0000004C
00000000
0000004D
00000000
0000004E
00000000
0000004F
00000000
00000050
00000003
00000051
00000001
00000052
00000000
00000053
00000000
00000054
00000001
00000055
00000000
00000056
00000000
00000057
00000000
00000058
00000000
00000059
00000000
0000005A
00000000
0000005B
00000000
0000005C
00000000
0000005D
00000000
0000005E
00000000
0000005F
00000000
00000060
00000001
00000061
00000001
00000062
00000000
00000063
00000000
00000064
00000000
00000065
00000000
00000066
00000010
00000067
00000000
00000068
00000000
00000069
00000000
0000006A
00000000
0000006B
00000000
0000006C
00000000
0000006D
00000000
0000006E
00000000
0000006F
00000000
00000070
00000000
00000071
00000000
00000072
00000000
00000073
00000000
00000074
00000000
00000075
00000000
00000076
00000000
00000077
00000000
00000078
00000000
00000079
00000000
0000007A
00000000
0000007B
00000000
0000007C
00000000
0000007D
00000000
0000007E
00000000
0000007F
00000000
00000080
00000001
00000081
00000001
00000082
00000000
00000083
00000000
00000084
00000000
00000085
00000000
00000086
00000010
00000087
00000000
00000088
00000000
00000089
00000000
0000008A
00000000
0000008B
00000000
0000008C
00000000
0000008D
00000000
0000008E
00000000
0000008F
00000000
00000090
00000000
00000091
00000000
00000092
00000000
00000093
00000000
00000094
00000000
00000095
00000000
00000096
00000000
00000097
00000000
00000098
00000000
00000099
00000000
0000009A
00000000
0000009B
00000000
0000009C
00000000
0000009D
00000000
0000009E
00000000
0000009F
00000000
000000A0
00000000
000000A1
00000083
000000A2
00000036
000000A3
00000000
000000A4
00000000
000000A5
00000038
000000A6
00000042
000000A7
0000005B
000000A8
00000010
000000A9
00000011
000000AA
00000000
000000AB
00000000
000000AC
000000FF
000000AD
000000FF
000000AE
000000FF
000000AF
0000001F
000000B0
00000000
000000B1
00000000
000000B2
00000000
000000B3
00000000
000000B4
00000000
000000B5
00000000
000000B6
00000000
000000B7
00000000
000000B8
00000000
000000B9
00000000
000000BA
00000080
000000BB
00000000
000000BC
00000000
000000BD
00000000
000000BE
00000000
000000BF
00000000
000000C0
00000090
000000C1
00000001
000000C2
00000000
000000C3
00000000
000000C4
00000000
000000C5
00000000
000000C6
00000000
000000C7
00000000
000000C8
00000000
000000C9
00000000
000000CA
00000000
000000CB
00000000
000000CC
00000055
000000CD
00000001
000000CE
000000FF
000000CF
00000000
000000D0
0000001F
000000D1
00000000
000000D2
00000000
000000D3
00000000
000000D4
00000000
000000D5
00000000
000000D6
00000000
000000D7
00000000
000000D8
00000000
000000D9
00000000
000000DA
00000000
000000DB
00000000
000000DC
00000001
000000DD
00000000
000000DE
00000000
000000DF
00000000
000000E0
0000004A
000000E1
0000001E
000000E2
00000000
000000E3
00000000
000000E4
00000020
000000E5
00000000
000000E6
00000000
000000E7
00000000
000000E8
00000000
000000E9
00000000
000000EA
00000004
000000EB
00000000
000000EC
00000000
000000ED
00000000
000000EE
00000000
000000EF
00000000
000000F0
0000000B
000000F1
00000001
000000F2
00000000
000000F3
00000000
000000F4
00000044
000000F5
00000000
000000F6
00000000
000000F7
00000000
000000F8
0000000D
000000F9
0000004D
000000FA
00000001
000000FB
00000000
000000FC
00000000
000000FD
00000000
000000FE
00000000
000000FF
00000000
00000100
00000076
00000101
00000081
00000102
00000008
00000103
000000A7
00000104
000000B4
00000105
00000003
00000106
00000000
00000107
00000000
00000108
00000022
00000109
00000080
0000010A
00000008
0000010B
00000066
0000010C
000000B4
0000010D
00000003
0000010E
00000000
0000010F
00000000
00000110
00000022
00000111
00000080
00000112
00000008
00000113
00000066
00000114
000000B4
00000115
00000003
00000116
00000000
00000117
00000000
00000118
00000069
00000119
00000000
0000011A
0000000B
0000011B
0000006C
0000011C
000000B4
0000011D
00000003
0000011E
00000000
0000011F
00000000
00000120
00000000
00000121
00000000
00000122
00000050
00000123
00000000
00000124
00000000
00000125
00000000
00000126
00000070
00000127
00000000
00000128
00000000
00000129
00000000
0000012A
00000000
0000012B
00000000
0000012C
00000000
0000012D
00000000
0000012E
00000000
0000012F
00000000
00000130
00000010
00000131
0000002F
00000132
00000000
00000133
00000002
00000134
00000000
00000135
00000002
00000136
00000000
00000137
00000000
00000138
00000000
00000139
00000000
0000013A
00000000
0000013B
00000000
0000013C
00000000
0000013D
00000000
0000013E
00000000
0000013F
00000000
00000140
00000021
00000141
00000001
00000142
00000044
00000143
00000009
00000144
00000005
00000145
00000000
00000146
00000000
00000147
00000000
00000148
00000000
00000149
00000000
0000014A
00000000
0000014B
00000000
0000014C
00000000
0000014D
00000000
0000014E
00000000
0000014F
00000000
00000150
00000000
00000151
00000000
00000152
00000000
00000153
00000000
00000154
000000BB
00000155
00000000
00000156
00000023
00000157
0000000D
00000158
00000044
00000159
0000003E
0000015A
00000064
0000015B
00000027
0000015C
00000006
0000015D
0000001F
0000015E
00000045
0000015F
0000000F
00000160
00000004
00000161
00000000
00000162
00000000
00000163
0000007A
00000164
00000080
00000165
00000001
00000166
00000088
00000167
00000000
00000168
00000000
00000169
00000000
0000016A
00000000
0000016B
00000025
0000016C
00000001
0000016D
00000000
0000016E
00000001
0000016F
00000009
00000170
00000000
00000171
00000000
00000172
00000000
00000173
00000000
00000174
00000000
00000175
00000000
00000176
00000000
00000177
00000000
00000178
00000000
00000179
00000000
0000017A
00000000
0000017B
00000000
0000017C
00000000
0000017D
00000000
0000017E
00000000
0000017F
00000000
00000180
00000000
00000181
00000000
00000182
00000000
00000183
00000000
00000184
00000000
00000185
00000000
00000186
00000000
00000187
00000000
00000188
00000000
00000189
00000000
0000018A
00000000
0000018B
00000000
0000018C
00000000
0000018D
00000000
0000018E
00000000
0000018F
00000000
00000190
00000008
00000191
00000000
00000192
00000000
00000193
00000000
00000194
00000000
00000195
00000000
00000196
00000000
00000197
00000000
00000198
00000000
00000199
00000000
0000019A
00000000
0000019B
00000000
0000019C
00000000
0000019D
00000000
0000019E
00000000
0000019F
00000000
000001A0
0000002C
000001A1
0000003B
000001A2
00000000
000001A3
00000077
000001A4
00000070
000001A5
00000080
000001A6
00000001
000001A7
00000000
000001A8
00000000
000001A9
00000008
000001AA
00000000
000001AB
00000000
000001AC
00000000
000001AD
00000000
000001AE
00000000
000001AF
00000000
000001B0
00000000
000001B1
00000000
000001B2
00000000
000001B3
00000000
000001B4
000000F0
000001B5
00000000
000001B6
000000D0
000001B7
00000003
000001B8
00000000
000001B9
00000000
000001BA
00000000
000001BB
00000000
000001BC
000000BA
000001BD
00000000
000001BE
00000000
000001BF
00000000
000001C0
0000001A
000001C1
000000A6
000001C2
0000000F
000001C3
00000047
000001C4
00000024
000001C5
00000000
000001C6
00000024
000001C7
00000000
000001C8
00000000
000001C9
00000011
000001CA
00000020
000001CB
00000012
000001CC
0000000B
000001CD
00000010
000001CE
00000002
000001CF
00000030
000001D0
00000000
000001D1
00000000
000001D2
00000000
000001D3
00000000
000001D4
00000000
000001D5
00000000
000001D6
00000000
000001D7
00000000
000001D8
00000000
000001D9
00000000
000001DA
00000000
000001DB
00000000
000001DC
00000000
000001DD
00000000
000001DE
00000000
000001DF
00000000
00000000
00000033
00000001
00000010
00000002
0000004A
00000003
00000020
00000004
00000032
00000005
00000002
00000006
00000000
00000007
00000000
00000008
00000004
00000009
00000000
0000000A
00000030
0000000B
00000000
0000000C
00000000
0000000D
00000000
0000000E
00000000
0000000F
00000000
00000010
00000000
00000011
00000000
00000012
00000019
00000013
0000009A
00000014
00000000
00000015
00000000
00000016
00000000
00000017
00000000
00000018
00000000
00000019
00000000
0000001A
00000000
0000001B
000000F0
0000001C
00000000
0000001D
00000000
0000001E
00000000
0000001F
00000000
00000020
00000000
00000021
00000000
00000022
00000000
00000023
00000000
00000024
00000000
00000025
00000000
00000026
00000000
00000027
00000000
00000028
00000000
00000029
00000000
0000002A
00000000
0000002B
00000000
0000002C
00000000
0000002D
00000000
0000002E
00000000
0000002F
00000000
00000030
00000003
00000031
00000001
00000032
00000000
00000033
00000000
00000034
00000001
00000035
00000000
00000036
00000000
00000037
00000000
00000038
00000000
00000039
00000000
0000003A
00000000
0000003B
00000000
0000003C
00000000
0000003D
00000000
0000003E
00000000
0000003F
00000000
00000040
00000003
00000041
00000001
00000042
00000000
00000043
00000000
00000044
00000001
00000045
00000000
00000046
00000000
00000047
00000000
00000048
00000000
00000049
00000000
0000004A
00000000
0000004B
00000000
0000004C
00000000
0000004D
00000000
0000004E
00000000
0000004F
00000000
00000050
00000003
00000051
00000001
00000052
00000000
00000053
00000000
00000054
00000001
00000055
00000000
00000056
00000000
00000057
00000000
00000058
00000000
00000059
00000000
0000005A
00000000
0000005B
00000000
0000005C
00000000
0000005D
00000000
0000005E
00000000
0000005F
00000000
00000060
00000001
00000061
00000001
00000062
00000000
00000063
00000000
00000064
00000000
00000065
00000000
00000066
00000010
00000067
00000000
00000068
00000000
00000069
00000000
0000006A
00000000
0000006B
00000000
0000006C
00000000
0000006D
00000000
0000006E
00000000
0000006F
00000000
00000070
00000000
00000071
00000000
00000072
00000000
00000073
00000000
00000074
00000000
00000075
00000000
00000076
00000000
00000077
00000000
00000078
00000000
00000079
00000000
0000007A
00000000
0000007B
00000000
0000007C
00000000
0000007D
00000000
0000007E
00000000
0000007F
00000000
00000080
00000001
00000081
00000001
00000082
00000000
00000083
00000000
00000084
00000000
00000085
00000000
00000086
00000010
00000087
00000000
00000088
00000000
00000089
00000000
0000008A
00000000
0000008B
00000000
0000008C
00000000
0000008D
00000000
0000008E
00000000
0000008F
00000000
00000090
00000000
00000091
00000000
00000092
00000000
00000093
00000000
00000094
00000000
00000095
00000000
00000096
00000000
00000097
00000000
00000098
00000000
00000099
00000000
0000009A
00000000
0000009B
00000000
0000009C
00000000
0000009D
00000000
0000009E
00000000
0000009F
00000000
000000A0
00000082
000000A1
00000080
000000A2
00000036
000000A3
00000000
000000A4
00000000
000000A5
00000038
000000A6
00000042
000000A7
0000005B
000000A8
00000010
000000A9
00000011
000000AA
00000000
000000AB
00000000
000000AC
000000FF
000000AD
000000FF
000000AE
000000FF
000000AF
0000001F
000000B0
00000000
000000B1
00000000
000000B2
00000000
000000B3
00000000
000000B4
00000000
000000B5
00000000
000000B6
00000000
000000B7
00000000
000000B8
00000000
000000B9
00000000
000000BA
00000080
000000BB
00000000
000000BC
00000000
000000BD
00000000
000000BE
00000000
000000BF
00000000
000000C0
00000090
000000C1
00000001
000000C2
00000000
000000C3
00000000
000000C4
00000000
000000C5
00000000
000000C6
00000000
000000C7
00000000
000000C8
00000000
000000C9
00000000
000000CA
00000000
000000CB
00000000
000000CC
00000055
000000CD
00000001
000000CE
000000FF
000000CF
00000000
000000D0
0000001F
000000D1
00000000
000000D2
00000000
000000D3
00000000
000000D4
00000000
000000D5
00000000
000000D6
00000000
000000D7
00000000
000000D8
00000000
000000D9
00000000
000000DA
00000000
000000DB
00000000
000000DC
00000001
000000DD
00000000
000000DE
00000000
000000DF
00000000
000000E0
0000004A
000000E1
0000001E
000000E2
00000000
000000E3
00000081
000000E4
00000022
000000E5
00000000
000000E6
0000005C
000000E7
0000008F
000000E8
00000000
000000E9
00000000
000000EA
00000004
000000EB
00000000
000000EC
00000000
000000ED
00000000
000000EE
00000000
000000EF
00000000
000000F0
0000000B
000000F1
00000001
000000F2
00000000
000000F3
00000000
000000F4
00000044
000000F5
00000000
000000F6
00000000
000000F7
00000000
000000F8
0000000D
000000F9
0000004D
000000FA
00000001
000000FB
00000000
000000FC
00000000
000000FD
00000000
000000FE
00000000
000000FF
00000000
00000100
00000069
00000101
00000000
00000102
0000000B
00000103
000000A7
00000104
000000B4
00000105
00000003
00000106
00000000
00000107
00000000
00000108
00000027
00000109
00000080
0000010A
00000008
0000010B
00000066
0000010C
000000B4
0000010D
00000003
0000010E
00000000
0000010F
00000000
00000110
00000027
00000111
00000080
00000112
00000008
00000113
00000066
00000114
000000B4
00000115
00000003
00000116
00000000
00000117
00000000
00000118
00000069
00000119
00000000
0000011A
0000000B
0000011B
0000006C
0000011C
000000B4
0000011D
00000003
0000011E
00000000
0000011F
00000000
00000120
00000000
00000121
00000000
00000122
00000070
00000123
00000000
00000124
00000000
00000125
00000000
00000126
00000070
00000127
00000000
00000128
00000000
00000129
00000000
0000012A
00000000
0000012B
00000000
0000012C
00000000
0000012D
00000000
0000012E
00000000
0000012F
00000000
00000130
00000010
00000131
0000002F
00000132
00000000
00000133
00000002
00000134
00000000
00000135
00000002
00000136
00000000
00000137
00000000
00000138
00000000
00000139
00000000
0000013A
00000000
0000013B
00000000
0000013C
00000000
0000013D
00000000
0000013E
00000000
0000013F
00000000
00000140
00000021
00000141
00000006
00000142
00000044
00000143
00000009
00000144
00000005
00000145
00000000
00000146
00000000
00000147
00000000
00000148
00000000
00000149
00000000
0000014A
00000000
0000014B
00000000
0000014C
00000000
0000014D
00000000
0000014E
00000000
0000014F
00000000
00000150
000000CD
00000151
000000CC
00000152
000000CC
00000153
00000004
00000154
000000D2
00000155
00000000
00000156
00000023
00000157
0000000D
00000158
00000044
00000159
0000003E
0000015A
00000064
0000015B
00000027
0000015C
00000006
0000015D
0000001F
0000015E
00000045
0000015F
0000000F
00000160
00000004
00000161
00000000
00000162
00000000
00000163
0000007A
00000164
00000080
00000165
00000001
00000166
00000088
00000167
00000000
00000168
00000000
00000169
00000000
0000016A
00000000
0000016B
00000025
0000016C
00000001
0000016D
00000000
0000016E
00000001
0000016F
00000009
00000170
00000000
00000171
00000000
00000172
00000000
00000173
00000000
00000174
00000000
00000175
00000000
00000176
00000000
00000177
00000000
00000178
00000000
00000179
00000000
0000017A
00000000
0000017B
00000000
0000017C
00000000
0000017D
00000000
0000017E
00000000
0000017F
00000000
00000180
00000000
00000181
00000000
00000182
00000000
00000183
00000000
00000184
00000000
00000185
00000000
00000186
00000000
00000187
00000000
00000188
00000000
00000189
00000000
0000018A
00000000
0000018B
00000000
0000018C
00000000
0000018D
00000000
0000018E
00000000
0000018F
00000000
00000190
00000000
00000191
00000000
00000192
00000000
00000193
00000000
00000194
00000000
00000195
00000000
00000196
00000000
00000197
00000000
00000198
00000000
00000199
00000000
0000019A
00000000
0000019B
00000000
0000019C
00000000
0000019D
00000000
0000019E
00000000
0000019F
00000000
000001A0
0000002C
000001A1
0000003B
000001A2
00000000
000001A3
00000077
000001A4
00000070
000001A5
00000080
000001A6
00000001
000001A7
00000000
000001A8
00000000
000001A9
00000008
000001AA
00000000
000001AB
00000000
000001AC
00000000
000001AD
00000000
000001AE
00000000
000001AF
00000000
000001B0
00000000
000001B1
00000000
000001B2
00000000
000001B3
00000000
000001B4
000000F0
000001B5
00000000
000001B6
000000D0
000001B7
00000003
000001B8
00000000
000001B9
00000000
000001BA
00000000
000001BB
00000000
000001BC
000000BA
000001BD
00000000
000001BE
00000000
000001BF
00000000
000001C0
0000001A
000001C1
000000A6
000001C2
0000000F
000001C3
00000047
000001C4
00000024
000001C5
00000000
000001C6
00000024
000001C7
00000000
000001C8
00000000
000001C9
00000011
000001CA
00000020
000001CB
00000012
000001CC
0000000B
000001CD
00000010
000001CE
00000002
000001CF
00000030
000001D0
00000000
000001D1
00000000
000001D2
00000000
000001D3
00000000
000001D4
00000000
000001D5
00000000
000001D6
00000000
000001D7
00000000
000001D8
00000000
000001D9
00000000
000001DA
00000000
000001DB
00000000
000001DC
00000000
000001DD
00000000
000001DE
00000000
000001DF
00000000
00000000
00000033
00000001
00000010
00000002
0000004A
00000003
00000030
00000004
00000032
00000005
00000002
00000006
00000000
00000007
00000000
00000008
00000004
00000009
00000000
0000000A
00000030
0000000B
00000000
0000000C
00000000
0000000D
00000000
0000000E
00000000
0000000F
00000000
00000010
00000000
00000011
00000000
00000012
00000019
00000013
0000009A
00000014
00000000
00000015
00000000
00000016
00000000
00000017
00000000
00000018
00000000
00000019
00000000
0000001A
00000000
0000001B
000000F0
0000001C
00000000
0000001D
00000000
0000001E
00000000
0000001F
00000000
00000020
00000000
00000021
00000000
00000022
00000000
00000023
00000000
00000024
00000000
00000025
00000000
00000026
00000000
00000027
00000000
00000028
00000000
00000029
00000000
0000002A
00000000
0000002B
00000000
0000002C
00000000
0000002D
00000000
0000002E
00000000
0000002F
00000000
00000030
00000003
00000031
00000001
00000032
00000000
00000033
00000000
00000034
00000001
00000035
00000000
00000036
00000000
00000037
00000000
00000038
00000000
00000039
00000000
0000003A
00000000
0000003B
00000000
0000003C
00000000
0000003D
00000000
0000003E
00000000
0000003F
00000000
00000040
00000003
00000041
00000001
00000042
00000000
00000043
00000000
00000044
00000001
00000045
00000000
00000046
00000000
00000047
00000000
00000048
00000000
00000049
00000000
0000004A
00000000
0000004B
00000000
0000004C
00000000
0000004D
00000000
0000004E
00000000
0000004F
00000000
00000050
00000003
00000051
00000001
00000052
00000000
00000053
00000000
00000054
00000001
00000055
00000000
00000056
00000000
00000057
00000000
00000058
00000000
00000059
00000000
0000005A
00000000
0000005B
00000000
0000005C
00000000
0000005D
00000000
0000005E
00000000
0000005F
00000000
00000060
00000001
00000061
00000001
00000062
00000000
00000063
00000000
00000064
00000000
00000065
00000000
00000066
00000010
00000067
00000000
00000068
00000000
00000069
00000000
0000006A
00000000
0000006B
00000000
0000006C
00000000
0000006D
00000000
0000006E
00000000
0000006F
00000000
00000070
00000000
00000071
00000000
00000072
00000000
00000073
00000000
00000074
00000000
00000075
00000000
00000076
00000000
00000077
00000000
00000078
00000000
00000079
00000000
0000007A
00000000
0000007B
00000000
0000007C
00000000
0000007D
00000000
0000007E
00000000
0000007F
00000000
00000080
00000001
00000081
00000001
00000082
00000000
00000083
00000000
00000084
00000000
00000085
00000000
00000086
00000010
00000087
00000000
00000088
00000000
00000089
00000000
0000008A
00000000
0000008B
00000000
0000008C
00000000
0000008D
00000000
0000008E
00000000
0000008F
00000000
00000090
00000000
00000091
00000000
00000092
00000000
00000093
00000000
00000094
00000000
00000095
00000000
00000096
00000000
00000097
00000000
00000098
00000000
00000099
00000000
0000009A
00000000
0000009B
00000000
0000009C
00000000
0000009D
00000000
0000009E
00000000
0000009F
00000000
000000A0
00000000
000000A1
00000080
000000A2
00000036
000000A3
00000000
000000A4
00000000
000000A5
00000038
000000A6
00000042
000000A7
0000005B
000000A8
00000010
000000A9
00000011
000000AA
00000000
000000AB
00000000
000000AC
000000FF
000000AD
000000FF
000000AE
000000FF
000000AF
0000001F
000000B0
00000000
000000B1
00000000
000000B2
00000000
000000B3
00000000
000000B4
00000000
000000B5
00000000
000000B6
00000000
000000B7
00000000
000000B8
00000000
000000B9
00000000
000000BA
00000080
000000BB
00000000
000000BC
00000000
000000BD
00000000
000000BE
00000000
000000BF
00000000
000000C0
00000090
000000C1
00000001
000000C2
00000000
000000C3
00000000
000000C4
00000000
000000C5
00000000
000000C6
00000000
000000C7
00000000
000000C8
00000000
000000C9
00000000
000000CA
00000000
000000CB
00000000
000000CC
00000055
000000CD
00000001
000000CE
000000FF
000000CF
00000000
000000D0
0000001F
000000D1
00000000
000000D2
00000000
000000D3
00000000
000000D4
00000000
000000D5
00000000
000000D6
00000000
000000D7
00000000
000000D8
00000000
000000D9
00000000
000000DA
00000000
000000DB
00000000
000000DC
00000001
000000DD
00000000
000000DE
00000000
000000DF
00000000
000000E0
0000004A
000000E1
0000001E
000000E2
00000000
000000E3
00000081
000000E4
00000022
000000E5
00000000
000000E6
0000005C
000000E7
0000008F
000000E8
00000000
000000E9
00000000
000000EA
00000004
000000EB
00000000
000000EC
00000000
000000ED
00000000
000000EE
00000000
000000EF
00000000
000000F0
0000000B
000000F1
00000001
000000F2
00000000
000000F3
00000000
000000F4
00000044
000000F5
00000000
000000F6
00000000
000000F7
00000000
000000F8
0000000D
000000F9
0000004D
000000FA
00000001
000000FB
00000000
000000FC
00000000
000000FD
00000000
000000FE
00000000
000000FF
00000000
00000100
0000007D
00000101
00000080
00000102
00000008
00000103
000000A7
00000104
000000B4
00000105
00000003
00000106
00000000
00000107
00000000
00000108
0000004B
00000109
00000080
0000010A
00000008
0000010B
00000066
0000010C
000000B4
0000010D
00000003
0000010E
00000000
0000010F
00000000
00000110
0000004B
00000111
00000080
00000112
00000008
00000113
00000066
00000114
000000B4
00000115
00000003
00000116
00000000
00000117
00000000
00000118
00000069
00000119
00000000
0000011A
0000000B
0000011B
0000006C
0000011C
000000B4
0000011D
00000003
0000011E
00000000
0000011F
00000000
00000120
00000000
00000121
00000000
00000122
00000050
00000123
00000000
00000124
00000000
00000125
00000000
00000126
00000070
00000127
00000000
00000128
00000000
00000129
00000000
0000012A
00000000
0000012B
00000000
0000012C
00000000
0000012D
00000000
0000012E
00000000
0000012F
00000000
00000130
00000010
00000131
0000002F
00000132
00000000
00000133
00000002
00000134
00000000
00000135
00000002
00000136
00000000
00000137
00000000
00000138
00000000
00000139
00000000
0000013A
00000000
0000013B
00000000
0000013C
00000000
0000013D
00000000
0000013E
00000000
0000013F
00000000
00000140
00000021
00000141
00000001
00000142
00000044
00000143
00000009
00000144
00000005
00000145
00000000
00000146
00000000
00000147
00000000
00000148
00000000
00000149
00000000
0000014A
00000000
0000014B
00000000
0000014C
00000000
0000014D
00000000
0000014E
00000000
0000014F
00000000
00000150
00000000
00000151
00000000
00000152
00000000
00000153
00000004
00000154
000000CA
00000155
00000000
00000156
00000001
00000157
00000005
00000158
00000077
00000159
00000000
0000015A
00000004
0000015B
000000B7
0000015C
00000006
0000015D
0000001F
0000015E
00000045
0000015F
0000000F
00000160
00000004
00000161
00000000
00000162
00000000
00000163
0000007A
00000164
00000080
00000165
00000001
00000166
00000088
00000167
00000000
00000168
00000000
00000169
00000000
0000016A
00000000
0000016B
00000025
0000016C
00000001
0000016D
00000000
0000016E
00000001
0000016F
00000009
00000170
00000000
00000171
00000000
00000172
00000000
00000173
00000000
00000174
00000000
00000175
00000000
00000176
00000000
00000177
00000000
00000178
00000000
00000179
00000000
0000017A
00000000
0000017B
00000000
0000017C
00000000
0000017D
00000000
0000017E
00000000
0000017F
00000000
00000180
00000000
00000181
00000000
00000182
00000000
00000183
00000000
00000184
00000000
00000185
00000000
00000186
00000000
00000187
00000000
00000188
00000000
00000189
00000000
0000018A
00000000
0000018B
00000000
0000018C
00000000
0000018D
00000000
0000018E
00000000
0000018F
00000000
00000190
00000008
00000191
00000000
00000192
00000000
00000193
00000000
00000194
00000000
00000195
00000000
00000196
00000000
00000197
00000000
00000198
00000000
00000199
00000000
0000019A
00000000
0000019B
00000000
0000019C
00000000
0000019D
00000000
0000019E
00000000
0000019F
00000000
000001A0
0000002C
000001A1
0000003B
000001A2
00000000
000001A3
00000077
000001A4
00000070
000001A5
00000080
000001A6
00000001
000001A7
00000000
000001A8
00000000
000001A9
00000008
000001AA
00000000
000001AB
00000000
000001AC
00000000
000001AD
00000000
000001AE
00000000
000001AF
00000000
000001B0
00000000
000001B1
00000000
000001B2
00000000
000001B3
00000000
000001B4
000000F0
000001B5
00000000
000001B6
000000D0
000001B7
00000003
000001B8
00000000
000001B9
00000000
000001BA
00000000
000001BB
00000000
000001BC
000000BA
000001BD
00000000
000001BE
00000000
000001BF
00000000
000001C0
0000001A
000001C1
000000A6
000001C2
0000000F
000001C3
00000047
000001C4
00000024
000001C5
00000000
000001C6
00000024
000001C7
00000000
000001C8
00000000
000001C9
00000011
000001CA
00000020
000001CB
00000012
000001CC
0000000B
000001CD
00000010
000001CE
00000002
000001CF
00000030
000001D0
00000000
000001D1
00000000
000001D2
00000000
000001D3
00000000
000001D4
00000000
000001D5
00000000
000001D6
00000000
000001D7
00000000
000001D8
00000000
000001D9
00000000
000001DA
00000000
000001DB
00000000
000001DC
00000000
000001DD
00000000
000001DE
00000000
000001DF
00000000
0100006F
0500006F
0940006F
0D80006F
00000093
00009137
00000193
00000213
00000293
00000313
00000393
00000413
00000493
00000513
00000593
00000613
00000693
00000713
00000793
0D9030EF
0000006F
00000093
00009137
F0010113
00000193
00000213
00000293
00000313
00000393
00000413
00000493
00000513
00000593
00000613
00000693
00000713
00000793
1E9030EF
0000006F
00000093
00009137
E0010113
00000193
00000213
00000293
00000313
00000393
00000413
00000493
00000513
00000593
00000613
00000693
00000713
00000793
24D030EF
0000006F
00000093
00009137
D0010113
00000193
00000213
00000293
00000313
00000393
00000413
00000493
00000513
00000593
00000613
00000693
00000713
00000793
219030EF
0000006F
000087B7
00C78793
0007A023
0007A223
000087B7
0307A683
000017B7
23478793
0006A703
00100513
01075713
00F71863
00300793
00F6A223
00000513
00008067
000087B7
0307A783
0007A503
01051513
01055513
00008067
000087B7
0307A783
00251513
0047A703
00E56533
00A7A223
00008067
000087B7
0307A783
00A51513
0047A703
00E56533
00A7A223
00008067
000087B7
0307A783
00A7AC23
00008067
000087B7
0307A783
00A7AE23
00008067
000087B7
0307A783
02A7A023
00008067
000087B7
0307A783
02B7A423
02A7A223
00008067
000087B7
0307A783
00C7A503
00008067
000087B7
0307A783
00C7A783
00A7F533
00A03533
00008067
000087B7
0307A783
00A7AC23
00A7AE23
00008067
FF410113
00912023
000084B7
0304A783
00112423
00812223
0087A783
0017F793
04078C63
00050413
58C000EF
0304A703
000087B7
00C78793
01072603
0007A683
00040513
00412403
00C6E6B3
00D7A023
01472603
0047A683
00812083
00012483
00C6E6B3
00D7A223
00100793
00F72423
00C10113
56C0006F
00812083
00412403
00012483
00C10113
00008067
FF010113
00912223
000084B7
00C48493
0004A783
00812423
00112623
00A7F7B3
00050413
00000513
02078663
00058513
00B12023
4F4000EF
0004A783
00012503
FFF44413
00F47433
0084A023
508000EF
00100513
00C12083
00812403
00412483
01010113
00008067
FF010113
00912223
000084B7
00C48493
0044A783
00812423
00112623
00A7F7B3
00050413
00000513
02078663
00058513
00B12023
48C000EF
0044A783
00012503
FFF44413
00F47433
0084A223
4A0000EF
00100513
00C12083
00812403
00412483
01010113
00008067
000087B7
00C78793
0007A703
FFF54513
00E57533
00A7A023
00008067
000087B7
00C78793
0047A703
FFF54513
00E57533
00A7A223
00008067
000087B7
02C7A783
00300713
00000513
00E7A023
000087B7
00078023
00078793
000780A3
00008067
000087B7
02C7A783
02051C63
00B7A623
00400713
0007A683
00D76733
00E7A023
000087B7
00078793
00A78533
00050023
00054783
FE078EE3
00050023
00008067
00B7A823
00800713
FCDFF06F
000087B7
02C7A783
02051663
00B7A623
00400713
0007A683
00D76733
00E7A023
000087B7
00078793
00F50533
00050023
00008067
00B7A823
00800713
FD9FF06F
02050E63
00400693
00800793
00008737
02C72703
FFF7C793
00072603
00C7F7B3
00F72023
000087B7
00078793
00D72223
00F50533
00050023
00008067
00200693
00400793
FC9FF06F
000087B7
02C7A703
00472783
0107F693
00068E63
01000693
00D72223
000086B7
00068693
00100613
00C68123
0027F693
00068C63
00200693
00D72223
00100613
000086B7
00C68023
0047F793
00078E63
00400793
00F72223
000087B7
00078793
00100713
00E780A3
00008067
000087B7
00078793
00A787B3
0007C703
0FF77513
00070663
00078023
00100513
00008067
000087B7
00078793
0027C703
0FF77513
00070663
00078123
00100513
00008067
000087B7
0287A783
00100713
00000513
00E7A023
00008067
000087B7
0287A783
00A7A023
00008067
000087B7
0287A783
00A7A223
00008067
000087B7
0287A783
0087A503
00008067
000087B7
0287A783
00A7A423
00008067
000087B7
0247A783
00F00713
00000513
00E7A223
00008067
000087B7
0247A683
00008737
10000793
00F6A623
6DC70713
00000793
00174603
00C7E863
1FF00793
00F6A623
00008067
00F70633
00264603
00178793
0FF7F793
0FF67613
00C6A623
FD5FF06F
000087B7
0247A783
00A7AA23
00008067
000087B7
0247A603
10000693
000087B7
01062703
70078793
1FF77713
00D71C63
00078023
000780A3
00100793
00F62423
00008067
1FF00693
00D71863
00100713
00E78023
FE5FF06F
0017C583
0FF77713
00158693
0FF6F693
00D780A3
00B787B3
00E78123
FC5FF06F
000087B7
72478793
00078623
00000513
00008067
000087B7
0187A683
00100793
00F6A023
000087B7
72478613
00564583
00464703
00062603
72478793
00871713
00B76733
00061663
00008637
00C76733
00020637
00C76733
00E6A423
00010537
00000713
0057C603
00C76C63
0007A603
00100713
08E60263
0006A023
00008067
0007A583
00000613
00059A63
0087A603
00171593
00B60633
00065603
0057C583
FFF58593
00B71463
00A66633
00170713
00C6A423
0FF77713
FADFF06F
0046A603
00267593
00059663
00467613
FE0618E3
00C6A583
0087A603
00171513
00170713
00A60633
00B61023
0FF77713
0057C603
FCC766E3
F85FF06F
00000713
FF1FF06F
000087B7
0187A783
0047A783
0017F793
00078A63
000087B7
72478793
00100713
00E78623
00008067
000087B7
0147A783
00100713
00000513
00E7A023
00008067
00100793
00A79533
000087B7
0147A703
0FF57693
0FF57513
00A72223
00472783
00F6F7B3
FE078AE3
00008067
000087B7
0147A703
00100793
00A797B3
0FF7F793
00F72423
00008067
000087B7
01C7A783
00300713
00000513
00E7A023
000087B7
73478793
00078EA3
00008067
000087B7
73478713
01D74703
00000613
73478793
00071663
00000513
00008067
00008737
01C72683
00078EA3
0046A703
00877713
FE0702E3
00C6A703
00475593
00F5F593
00B7A023
01071713
000F05B7
00B77733
00E7A423
00C6A703
000105B7
0087A503
FFF58593
00871713
00B77733
00A76733
00E7A423
00C6A703
0087A583
0FF77713
00B76733
00E7A423
0046A703
10077713
02070E63
00078623
0007A583
00800713
04E59A63
00000713
00D78793
0FF77593
04C5FC63
00C6A583
00E78533
00170713
0FF5F593
00B50023
FE5FF06F
00C6A703
01000613
00170713
00070593
0FF77713
00E67463
01000593
0FF5F613
00B78623
FA9FF06F
0007A703
FA0708E3
0007A583
00400713
FAE580E3
00100513
00008067
000087B7
01C7A783
10000713
0007A423
0007A423
0007A423
0007A423
00E7A423
00008737
73470693
0006A603
00800693
73470713
00D60863
00072603
00900693
04D61863
00472683
00469693
00D7A423
00C74683
06069663
10000693
00D7A423
0007A683
0046E693
00D7A023
00070EA3
01D74683
FE068EE3
00070EA3
0047A503
00155513
00154513
00157513
00008067
00472683
00669693
FB5FF06F
00D70633
00D64603
00168693
0FF6F693
0FF67613
00C7A423
00C74603
FEC6E2E3
F9DFF06F
00000693
FF1FF06F
000087B7
01C7A683
0046A783
0017F793
00078C63
00100713
000087B7
00E6A223
73478793
00E78EA3
00008067
FF410113
00812223
00008437
73440793
0087A703
00112423
03000793
73440413
02F71663
00C44783
00078663
00D44503
058010EF
00042223
00040623
00812083
00412403
00C10113
00008067
00842703
05000793
00F71C63
00C44783
FC078CE3
00D44503
030010EF
FCDFF06F
00100793
00F42223
FC5FF06F
FF410113
00812223
00008437
73440793
0087A683
00112423
05000713
02E69C63
73440413
00C44783
00078463
014010EF
00042703
00100793
00F71463
7C9000EF
00042223
00812083
00412403
00C10113
00008067
00100713
00E7A223
00078623
FE5FF06F
00008637
27860793
01400693
00D78023
00D780A3
FC400713
00E78123
000781A3
00100713
00E78223
00E782A3
F8000593
00B78323
00200593
00B783A3
F8100513
00A78423
000784A3
00D78523
00400693
00D785A3
00078623
000786A3
00078723
000787A3
00078823
000788A3
00078923
000789A3
00078A23
00078AA3
00078B23
00E78BA3
00078C23
00078CA3
00078D23
00B78DA3
00E78E23
01000693
00000713
00E78633
00060EA3
00170713
FED71AE3
020786A3
04D00693
02D78723
04700693
02D787A3
05000693
02D78823
05200613
02C788A3
05400613
02C78923
02000613
02C789A3
04400613
02C78A23
02D78AA3
02E78B23
00100713
02E78BA3
02078C23
02078CA3
02078D23
02078DA3
02078E23
00000693
01000613
01868713
00171713
00E78733
00071723
00168693
FEC696E3
00008067
00008737
27870793
000788A3
000789A3
00078C23
00078D23
00078A23
00078AA3
00078B23
27870713
00000793
01000693
00F70633
00060EA3
00178793
FED79AE3
00008067
00200713
00050793
02E50663
02100713
04E50663
00100713
00100513
06E79063
000087B7
27878793
00B780A3
00000513
00008067
000087B7
27878793
00B78123
0027C703
04076713
00E78123
0027C703
08076713
00E78123
FD5FF06F
000087B7
00100713
27878793
00E59663
00B784A3
FBDFF06F
000784A3
FB5FF06F
00008067
000087B7
27878793
00B7C503
00757513
00008067
000087B7
27878793
00A7C503
00008067
000087B7
27878793
00B7C503
00757513
FFE50513
00153513
00008067
000087B7
27878793
00B7C503
00757513
FFC50513
00153513
00008067
000087B7
27878793
00C7C783
00600713
00000513
0077F793
FFF78793
0FF7F793
00F76A63
00008737
1B870713
00F707B3
0007C503
00008067
FF410113
00112423
FC1FF0EF
00812083
FFF50513
00153513
00C10113
00008067
FF410113
00112423
FA1FF0EF
00812083
00253513
00154513
00C10113
00008067
FF410113
00112423
F81FF0EF
00812083
00153513
00C10113
00008067
000087B7
27878793
00D7C503
00357513
00008067
000087B7
27878793
00D7C503
00355513
00357513
00008067
000087B7
27878793
00D7C503
00457513
00008067
000087B7
27878793
00D7C503
02057513
00008067
000087B7
21878793
00C7C583
0107C503
0147C603
00D7C683
00151513
0117C703
00261613
0157C783
00C56533
00B56533
00469693
00D56533
00571713
00E56533
00679793
00F56533
0FF57513
00008067
000087B7
21878793
00E7C583
0127C503
0167C603
00F7C683
00151513
0137C703
00261613
0177C783
00C56533
00B56533
00469693
00D56533
00571713
00E56533
00679793
00F56533
0FF57513
00008067
000087B7
27878793
0197C503
000087B7
21878793
0187C783
00F56533
00008067
00008737
21870713
01B74783
01A74683
00279793
0FF7F793
00D7E7B3
01B74683
00279793
0FF7F793
01A74503
00D7E7B3
00279793
0FF7F793
00A7E533
00008067
000087B7
27878793
0197C703
00050863
08076713
00E78CA3
00008067
07F77713
FF5FF06F
000087B7
27878793
0097C503
00157513
00008067
000087B7
27878793
0137C503
00157513
00008067
000087B7
27878793
0187C703
01076713
00E78C23
00008067
000087B7
27878793
01A7C703
00176713
00E78D23
00008067
000087B7
27878793
01A7C703
00276713
00E78D23
00008067
000087B7
27878793
0117C503
01057513
00008067
000087B7
27878793
00D7C503
00357513
00008067
E05FF06F
000087B7
27878793
01B7C503
00757513
FFF50513
00153513
00008067
FF410113
00812223
00112423
00050413
669000EF
04050463
00845413
01041413
000086B7
01045413
00000713
27868693
01000613
01870793
00179793
00F687B3
00E7D583
00B41663
00E7D783
02079063
00170713
FEC710E3
00000513
00812083
00412403
00C10113
00008067
00100513
FEDFF06F
FF010113
00112623
00812423
00912223
F80FF0EF
1E0506E3
000087B7
73478713
00072603
00800693
73478413
46D61063
00872603
2FF00693
02C6F663
00872603
3FF00693
02C6E063
00072223
00070623
00812403
00C12083
00412483
01010113
845FF06F
00842683
00001737
00E6EE63
00842683
1FF70713
00D76863
00042223
00040623
FCDFF06F
00842683
02F00713
04D77663
00842683
03F00713
04D76063
00842603
000086B7
27868693
0FF67613
00000713
00C686B3
00C44603
FCC770E3
00E40633
00D64603
00170713
0FF77713
0FF67613
00C68EA3
FE1FF06F
00842503
EADFF0EF
0A050063
00842703
000087B7
1CC78693
00E6A823
00C44703
1CC78493
0FF77713
00E68A23
00000713
0144C683
02D76863
00100713
02E482A3
020483A3
0FA00593
00000513
02048423
A4CFF0EF
0274C703
02070663
00042223
F15FF06F
00E406B3
00D6C683
00E48633
00170713
0FF6F693
00D60AA3
0FF77713
FB1FF06F
0284C703
00070863
00100713
00E42223
EE1FF06F
00000513
AF4FF0EF
FA050AE3
FE9FF06F
00042223
00000493
00842703
0FF4F793
00F12023
11100693
02E6E863
0FF00693
04E6F663
F0070713
01100693
04E6E063
000087B7
00271713
03478693
00D70733
00072703
00070067
20100693
26D70663
02E6E463
1C100693
22D70463
1C200693
22D70E63
1C000693
1ED70E63
00100713
00E42223
0840006F
60000693
26D70063
000026B7
00368693
22D70863
2C000693
FCD71EE3
00940733
00D74603
00008737
27870713
01A74683
FFF64613
00C6F6B3
00D70D23
0440006F
00940733
00D74683
00008737
27870713
0FF6F693
00D70523
22D000EF
3DD000EF
075010EF
01C0006F
00940733
00D74683
00008737
27870713
0FF6F693
00D705A3
00842703
00012783
00148493
00170713
00E42423
00442683
00C44603
00178713
0FF77713
00C77463
EE0684E3
00442703
00100693
DCD718E3
00012783
00F406A3
00E40623
D91FF06F
00940733
00D74683
00008737
27870713
0FF6F693
00D70623
A65FF0EF
F6051EE3
331000EF
00200713
F00504E3
7CC010EF
F89FF06F
00940733
00D74683
00008737
27870713
0FF6F693
00D706A3
7D4010EF
F69FF06F
00940733
00D74683
00008737
27870713
0FF6F693
00D70723
F4DFF06F
00940733
00D74683
00008737
27870713
0FF6F693
00D707A3
F31FF06F
00940733
00D74683
00008737
27870713
0FF6F693
00D70823
F15FF06F
00940733
00D74683
00008737
27870713
0FF6F693
00D708A3
EF9FF06F
00940733
00D74683
00008737
27870713
0FF6F693
00D70923
EDDFF06F
00940733
00D74683
00008737
27870713
0FF6F693
00D709A3
249000EF
EA050EE3
000087B7
27878713
01374703
00100513
00177713
00071463
00000513
18D000EF
E99FF06F
00940733
00D74683
00008737
27870713
0FF6F693
00D70A23
E7DFF06F
00940733
00D74683
00008737
27870713
0FF6F693
00D70AA3
E61FF06F
00940733
00D74683
00008737
27870713
0FF6F693
00D70B23
E45FF06F
00940733
00D74603
00008737
27870713
01874683
FFF64613
00C6F6B3
00D70C23
E21FF06F
00940733
00D74683
00008737
27870713
0FF6F693
00D70DA3
59C000EF
AF5FF0EF
DE051EE3
F24FF0EF
DF5FF06F
00042603
00900693
52D61863
00042223
00842683
02F00713
06D77263
00842683
03F00713
04D76C63
00842583
00008537
00000693
00F5F593
27850513
00C44603
00D58733
0FF77713
00C6EA63
00442683
00200713
B6E698E3
B9DFF06F
00E50733
01D74703
00D40633
00168693
0FF77713
00E606A3
0FF6F693
FC5FF06F
00842683
3FF00713
04D77A63
00842683
40F00713
04D76463
00842583
00008537
00000693
00F5F593
27850513
00C44603
00D58733
0FF77713
F8C6FCE3
00E50733
02D74703
00D40633
00168693
0FF77713
00E606A3
0FF6F693
FD5FF06F
00842603
00001737
3FF70693
00C6F863
00842683
5FF70713
0AD77263
00842503
00000493
A05FF0EF
20050C63
00842683
000084B7
1CC48713
00D72823
00C44683
0FA00593
00000513
0FF6F693
00D70A23
00100693
02D70323
020703A3
02070423
1CC48493
DB1FE0EF
0274C703
04070C63
00042223
00000713
0144C683
EED77CE3
00E486B3
0156C683
00E40633
00170713
0FF6F693
00D606A3
0FF77713
FDDFF06F
00E406B3
00170713
000686A3
0FF77713
00C44683
FED766E3
EBDFF06F
00000713
FF1FF06F
0284C703
0FF77793
00070863
00100713
00E42223
E9DFF06F
00000513
00F12023
E25FE0EF
00012783
F6050EE3
00C44703
00E7E663
00042223
E79FF06F
00F40733
00178793
000706A3
0FF7F793
FE1FF06F
FFFFE6B7
E0068693
00D70733
00E00693
14E6E663
000087B7
00271713
07C78693
00D70733
00072703
00070067
F0070713
01100693
12E6E463
000086B7
00271713
0B868693
00D70733
00072703
00070067
000086B7
00271713
07C68693
FC5FF06F
1C000693
0ED71C63
00008737
27870713
01474703
0800006F
2C000693
2AD70863
02E6E863
1C200693
22D70063
E0070713
00700693
0CE6E463
000086B7
00271713
10068693
00D70733
00072703
00070067
000026B7
20E68613
0AE66263
1FF68613
F4E660E3
00268613
26C70A63
00368693
1ED70C63
60000693
08D71263
00008737
27870713
01B74703
00C0006F
00008737
27874703
0FF77713
009406B3
00E686A3
00842703
00148493
00170713
00E42423
00442683
00C44603
0FF4F713
0016B693
00C73733
00D77733
D2070CE3
00842703
1C100693
16D70263
F4E6E0E3
11100693
F2E6E0E3
0FF00693
EEE6E2E3
00E00693
F0E6F0E3
02100693
08D70863
00940733
000706A3
F9DFF06F
00008737
27870713
00174703
F81FF06F
00008737
27870713
00274703
F71FF06F
00008737
27870713
00374703
F61FF06F
00008737
27870713
00474703
F51FF06F
00008737
27870713
00574703
F41FF06F
00008737
27870713
00674703
F31FF06F
00008737
27870713
00774703
F21FF06F
00008737
27870713
00874703
F11FF06F
00008737
27870713
00974703
F01FF06F
00008737
27870713
00A74703
EF1FF06F
00008737
27870713
00B74703
EE1FF06F
00008737
27870713
00C74703
ED1FF06F
00008737
27870713
00D74703
EC1FF06F
00008737
27870713
00E74703
EB1FF06F
00008737
27870713
00F74703
EA1FF06F
00008737
27870713
01074703
E91FF06F
00008737
27870713
01174703
E81FF06F
00008737
27870713
01274703
E71FF06F
00008737
27870713
01374703
E61FF06F
00008737
27870713
01574703
E51FF06F
00008737
27870713
01674703
E41FF06F
00008737
27870713
01774703
E31FF06F
00008737
27870713
01874703
E21FF06F
15C010EF
00050C63
1A0010EF
1C0010EF
00051663
00200713
00E42223
C44FF0EF
00940733
00A706A3
E01FF06F
C84FF0EF
FF1FF06F
CCCFF0EF
00940733
00A706A3
00000513
D1CFF0EF
DE1FF06F
CD4FF0EF
FD1FF06F
00008737
27870713
01A74703
DBDFF06F
00008737
27870713
01C74703
DADFF06F
00072783
00078863
00072683
00400793
00F69663
FC1FE0EF
E74FF06F
00072683
00100793
00F68863
00072703
00500793
E4F71E63
818FF0EF
E54FF06F
00C12083
00812403
00412483
01010113
00008067
000087B7
2C078C23
00008067
000087B7
2CA78C23
00008067
000087B7
2D878793
0007C703
00871713
00E79123
0027D703
00E56533
00A79123
00008067
000085B7
00008637
00000793
73458593
2D860613
00C5C703
00E7E463
00008067
00265703
00170693
01069693
0106D693
00D61123
00E60733
00474703
00F586B3
00178793
0FF77713
00E686A3
0FF7F793
FC5FF06F
000087B7
00478793
0007A023
00078223
000782A3
00078323
000087B7
0207A783
00100713
00E7A023
00008067
000087B7
00478793
00078223
000782A3
00008737
00078323
1CC70713
00074683
02068663
000086B7
0206A603
0007A023
00062683
0026E693
00D62023
00070023
00100713
00E78223
00008067
00174683
02068663
000086B7
0206A583
00100613
00C7A023
0005A683
0046E693
00D5A023
000700A3
00C782A3
00008067
00274683
02068263
000086B7
0206A603
00062683
0086E693
00D62023
00070123
00100713
00E78323
00008067
000087B7
0047A503
FFF50513
00153513
00008067
000087B7
00478793
0057C503
00A03533
00008067
000087B7
00478793
0047C503
00A03533
00008067
000087B7
00478793
0067C503
00A03533
00008067
000087B7
0207A703
00072783
0087E793
00F72023
00008067
FF410113
00112423
00812223
8FDFE0EF
00157793
06078E63
00257793
00050413
00078A63
00100513
D68FE0EF
00200513
8E9FE0EF
00447793
00078863
FE4FE0EF
00400513
8D5FE0EF
02047793
00078863
D3DFE0EF
02000513
8C1FE0EF
04047793
00078863
939FE0EF
04000513
8ADFE0EF
08047413
00040E63
375010EF
00412403
00812083
08000513
00C10113
88DFE06F
00812083
00412403
00C10113
00008067
000087B7
26C78793
0007A023
00078223
000782A3
00078323
000783A3
00078423
00008067
000107B7
FF010113
01F78793
00F12023
00112623
FB5FE0EF
00400793
04F51E63
00215783
0067E793
00F11123
00215783
0087E793
00F11123
A0CFF0EF
00050663
01000793
00F11123
000087B7
72478793
01000713
00E78223
0007A023
00200713
00E782A3
0027A423
8EDFE0EF
00C12083
01010113
00008067
F51FE0EF
00200793
00F51863
00215783
0047E793
F9DFF06F
F39FE0EF
00100793
F8F51AE3
00215783
0027E793
F85FF06F
000087B7
00100713
26C78793
00E783A3
000087B7
1CC78793
00E784A3
F3DFF06F
FF010113
000087B7
00112623
72478793
01000713
00E78223
00E11023
0007A023
00200713
00A03533
00451513
00E782A3
00A11123
0027A423
855FE0EF
00C12083
01010113
00008067
FF010113
06000793
00F11023
000087B7
00112623
72478793
01000713
00E78223
FF650513
0007A023
00200713
00153513
00551513
00E782A3
00A11123
0027A423
805FE0EF
00C12083
01010113
00008067
000087B7
26C78793
0077C503
00008067
000087B7
26C78793
0057C503
00008067
000087B7
26C78793
0067C503
00008067
000087B7
26C78793
00100713
00E78223
00008067
FF410113
02000513
00112423
AACFE0EF
00812083
00800513
00C10113
C68FE06F
FF410113
00812223
00912023
00058413
00112423
00050493
FC9FF0EF
00008737
26C70793
0077C783
0087E5B3
26C70413
00058863
000087B7
1CC78793
00978423
00744783
00078863
38D000EF
00100513
FF9FE0EF
CEDFE0EF
000403A3
00812083
00412403
00012483
00C10113
00008067
02000513
A14FE06F
FF010113
00812423
00008437
26C40413
00042783
00912223
00112623
00100493
06978E63
00200713
0CE78C63
02079463
00444783
04078A63
00040223
000402A3
00040323
D5DFE0EF
00844783
00A79863
009402A3
00042023
0300006F
00040423
F09FF0EF
000087B7
1CC78793
000185B7
000785A3
6A058593
00000513
00978523
C18FE0EF
00942023
00C12083
00812403
00412483
01010113
00008067
00008737
1CC70713
00B74703
02070063
F4DFF0EF
3E800593
00000513
BE0FE0EF
00200793
00F42023
FC5FF06F
00008737
1C074703
FA071CE3
00000513
00F12023
CB0FE0EF
FA0504E3
E85FF0EF
00012783
00100593
00100513
00F40323
E91FF0EF
F59FF06F
00300593
00800513
A14FE0EF
00050863
009402A3
00040423
F3DFF06F
C70FE0EF
F60504E3
02000513
8F8FE0EF
00100593
00200513
E55FF0EF
00940323
F19FF06F
000087B7
1CC78793
00078023
000780A3
00078123
000782A3
00078323
000783A3
000781A3
00078223
00078423
000784A3
00078523
000785A3
00078623
000786A3
00078723
020782A3
02078323
020783A3
02078423
040784A3
04078523
000087B7
70078023
000087B7
6C078E23
00008067
00008737
70070693
0006C783
3A078863
70070713
00070023
00274603
01200593
0FF67793
04C5E463
00200693
06F6F463
FFD78793
0FF7F793
00F00693
04F6EC63
000086B7
00279793
12068693
00D787B3
0007A783
FF410113
00812223
00008437
00112423
6DC40413
00078067
07300613
02F66A63
07100693
2AF6EE63
00008737
02400693
6DC70713
22D78463
04200693
24D78463
000087B7
6DC78793
00078123
2240006F
07500613
24C78263
08100693
FED792E3
00374683
00474783
00008537
00869693
00D7E7B3
FFD78793
01079793
00300613
0107D793
2D850513
01300313
00C705B3
0025C583
00C786B3
01069693
0106D693
0FF5F593
00D506B3
00B68223
00160613
FC661EE3
000087B7
6DC78793
00100713
00E78123
1AC0006F
00374683
00474583
00200713
0FF6F793
0FF5F593
04E68A63
00F76E63
00200513
00079463
00100513
A19FE0EF
00051C63
0640006F
00300713
02E78C63
0FF00713
04E78063
00040123
00100713
000087B7
6DC78793
00E780A3
00412403
00812083
00C10113
B10FE06F
02100513
FBDFF06F
000087B7
21878793
02B78623
FB1FF06F
04700793
FCF590E3
02000513
EB9FD0EF
6EC000EF
00100793
00F40123
FADFF06F
00100793
000085B7
00F40123
1C058593
00000793
00800513
00078693
00178793
00F70633
00264603
00D586B3
0FF67613
00C680A3
FEA792E3
55C010EF
F60516E3
00100513
928FE0EF
F61FF06F
00500793
00F40123
E01FD0EF
00855793
0FF7F793
00F401A3
0FF57513
00200793
00A40223
00F402A3
00F40323
000403A3
E6DFD0EF
0FF57513
00A40423
8A5FF0EF
00A404A3
B29FF0EF
00A40523
989FE0EF
00A405A3
995FE0EF
00A40623
4F5000EF
00A406A3
00C00713
EF9FF06F
000087B7
00100713
1CC78793
00E780A3
00E40123
EDDFF06F
00008737
00100793
1CF70623
F1DFF06F
000087B7
00100713
1CC78793
00E78123
FD9FF06F
000087B7
00100693
1CC78793
00D78223
00D70123
000087B7
00100713
6DC78793
00E780A3
EADFF06F
000087B7
00100693
1CC78793
00D785A3
FD9FF06F
0046C603
0036C703
000087B7
27878793
01870713
00171713
00E78733
00861613
00C71723
0056C603
0036C703
01870713
00171713
00E787B3
00E7D703
00E66733
00E79723
DD9FF06F
00374683
000087B7
1CC78613
0FF6F693
00D60A23
01464683
1CC78793
04069463
00274683
07200713
04E69263
00100713
02E783A3
00008067
00268613
00C70633
00264603
00D785B3
00168693
0FF67613
00C58AA3
0FF6F693
0147C603
FCC6EEE3
FC1FF06F
00000693
FF1FF06F
00100713
02E78423
00008067
000087B7
6DC78793
00078123
DADFF06F
00008067
000087B7
1CC78793
0497C703
00E78733
02A704A3
0497C683
01F00713
00D77663
040784A3
00008067
0497C703
00170713
0FF77713
04E784A3
00008067
000087B7
1CC78793
04A7C703
00E78733
02974503
04A7C683
01F00713
0FF57513
00D77663
04078523
00008067
04A7C703
00170713
0FF77713
04E78523
00008067
000087B7
1CC78793
04A7C503
0497C783
40F50533
00A03533
00008067
FF410113
00112423
00812223
FD9FF0EF
02050263
00008437
6DC40413
00200793
00F40123
F81FF0EF
00A401A3
00200713
04C0006F
000087B7
1CC78713
00A74683
1CC78793
04068A63
00070523
00008437
000705A3
6DC40413
04000793
00F40123
F38FE0EF
00A401A3
F1CFE0EF
00A40223
9EDFE0EF
00A402A3
00400713
000087B7
6DC78793
00E780A3
00412403
00812083
00C10113
FA5FD06F
00374683
02068863
00008437
000701A3
6DC40413
02300793
00F40123
F2CFE0EF
00A401A3
EDCFE0EF
00A40223
EC0FE0EF
FADFF06F
00574683
04068063
00008437
000702A3
6DC40413
03100793
00F40123
EB0FE0EF
00A401A3
E94FE0EF
00A40223
979FE0EF
00A402A3
985FE0EF
00A40323
00500713
F71FF06F
00674683
02068863
00008437
00070323
6DC40413
03200793
00F40123
E6CFE0EF
00A401A3
E50FE0EF
00A40223
00300713
F3DFF06F
00874683
02068463
000087B7
6DC78793
04500693
00D78123
00874683
0FF6F693
00D781A3
00070423
EC1FF06F
00974683
02068063
000087B7
000704A3
6DC78793
04400713
00E78123
00100713
EEDFF06F
00E74683
14068C63
000087B7
00070723
6DC78793
06600713
00E78123
00008737
24870713
00472683
0106D693
0FF6F693
00D781A3
00472683
0086D693
0FF6F693
00D78223
00472683
0FF6F693
00D782A3
00872683
0106D693
0FF6F693
00D78323
00872683
0086D693
0FF6F693
00D783A3
00872683
0FF6F693
00D78423
00C75683
0086D693
00D784A3
00C75683
0FF6F693
00D78523
00E75683
0086D693
00D785A3
00E75683
0FF6F693
00D78623
01275683
0086D693
00D786A3
01275683
0FF6F693
00D78723
01075683
0086D693
00D787A3
01075683
0FF6F693
00D78823
01475683
0086D693
00D788A3
01475683
0FF6F693
00D78923
01675683
0086D693
00D789A3
01675683
0FF6F693
00D78A23
01A75683
0086D693
00D78AA3
01A75683
0FF6F693
00D78B23
01875683
0086D693
00D78BA3
01875683
0FF6F693
00D78C23
01C75683
0086D693
00D78CA3
01C75703
0FF77713
00E78D23
01900713
D91FF06F
00C74683
00068C63
000087B7
00070623
6DC78793
06200713
E81FF06F
00D7C703
0FF77693
02070463
00008737
6DC70713
06300693
00D70123
00D7C683
0FF6F693
00D701A3
000786A3
CF5FF06F
0257C703
0A070063
000085B7
6DC58713
07000613
00C70123
0107A603
6DC58593
01065613
0FF67613
00C701A3
0107A603
00865613
0FF67613
00C70223
0107A603
0FF67613
00C702A3
0147C603
0FF67613
00C70323
0147C603
00568713
0FF77713
02C6E263
020782A3
020783A3
02078423
CC0718E3
00812083
00412403
00C10113
00008067
00D78633
01564603
00E58733
00168693
0FF67613
00C70123
0FF6F693
FB5FF06F
0267C703
FC0706E3
00008737
6DC70713
07100693
00D70123
0107A683
0106D693
0FF6F693
00D701A3
0107A683
0086D693
0FF6F693
00D70223
0107A683
0FF6F693
00D702A3
0147C683
0FF6F693
00D70323
02078323
020783A3
02078423
CCDFF06F
000087B7
00000693
21878793
00100713
00400593
00D78633
00E60623
00E60823
00E60A23
00168693
FEB696E3
00E78C23
00E785A3
00E78423
000087B7
27878793
0017C703
0FF77713
00E78523
0027C703
0FF77713
00E785A3
BCCFF06F
FF010113
00812423
00008437
00112623
00912223
AE8FE0EF
21840493
02A484A3
AC8FE0EF
02A48523
B1CFE0EF
02A48423
02A4C783
00011123
00000693
00F11023
00000713
00000793
21840413
02A44603
04C76263
00068463
00F11123
000087B7
72478793
01100713
00E78223
0007A023
00200713
00E782A3
0027A423
BF9FD0EF
00C12083
00812403
00412483
01010113
00008067
02844683
00479793
00170713
00F6E7B3
01079793
0107D793
0FF77713
00100693
F99FF06F
000087B7
00000713
21878793
00400613
00E786B3
00068623
00068823
00068A23
00170713
FEC716E3
00078C23
00078423
00078CA3
00078D23
00078DA3
00078E23
00008067
000087B7
21878793
0007A023
00078223
000782A3
00078323
000783A3
00078523
000785A3
020785A3
F95FF06F
000087B7
21878793
0077C503
00008067
000087B7
21878793
00100713
00E78223
00008067
000087B7
21878793
00100713
00E782A3
00008067
000087B7
21878793
00100713
00E78323
00008067
000087B7
21878793
00100713
00E78523
00008067
000087B7
21878793
000785A3
00008067
000087B7
21878793
00B7C503
00008067
000087B7
21878793
01E7D503
00F55513
00008067
FD810113
000087B7
02112223
02812023
72478793
00912E23
01100713
00E78223
00100713
00E7A023
00500713
00E782A3
00C10713
00E7A423
00012623
00012823
00011A23
A75FD0EF
00C15703
00008437
21840793
00E79F23
F95FF0EF
00050713
06050063
21840413
00000793
0300006F
00178693
00169713
01070713
00C10613
00C70733
FF075703
01078793
00179793
00F407B3
00E79023
0FF6F793
02A44703
FCE7E8E3
01E45483
00100713
0034D793
00F12023
00000493
02A44683
00D4EE63
02412083
02012403
01C12483
00070513
02810113
00008067
01048693
00169693
00D406B3
0006D603
00012783
009406B3
00E12423
00D12223
02F66A63
8C4FE0EF
00412683
00812703
00100613
00050A63
00C68623
00148793
0FF7F493
F9DFF06F
00C68823
00C68A23
FEDFF06F
894FE0EF
00412683
00050863
00068623
00000713
FD5FF06F
00068823
00068A23
FF1FF06F
000087B7
21878693
0196C603
00400593
21878793
0FF67713
08C5E063
000086B7
00271713
16068693
00D70733
00072703
00070067
00100713
00E78D23
00078DA3
00E78CA3
00008067
00100713
00E78D23
00E78DA3
00200713
FE9FF06F
00100713
00E78D23
00200713
00E78DA3
00300713
FD1FF06F
00200713
00E78D23
00100713
00E78DA3
00400713
FB9FF06F
00200713
00E78D23
FEDFF06F
00068D23
00068DA3
00068CA3
00008067
FF410113
00812223
00008437
21840793
00112423
00912023
0047C783
21840413
00079663
00544783
00078663
00042023
00040523
00042783
00200493
0C978A63
04F4EA63
08079A63
00544783
04078C63
000402A3
00744783
02078063
000087B7
1CC78793
00100713
00000593
00500513
00E78323
8BCFF0EF
000403A3
020405A3
00812083
00412403
00012483
00C10113
00008067
00300713
0AE78063
00042023
FE1FF06F
00444783
FC078CE3
00040223
00100793
00F403A3
00040423
00040E23
F09FD0EF
00050463
C3DFF0EF
00100793
00F42023
FADFF06F
838FF0EF
00644783
FA0780E3
00040323
000087B7
000405A3
1CC78793
00078223
00100713
01000513
00E781A3
AB4FD0EF
00942023
F75FF06F
000087B7
1CC78793
0047C783
F60782E3
880FF0EF
B29FF0EF
01000513
A9CFD0EF
00300793
F9DFF06F
00A44783
F40782E3
00040523
CC5FF0EF
00A404A3
CA9FF0EF
F20508E3
00944783
04078663
E8DFD0EF
02050663
00100713
00E40C23
00E40423
000087B7
1CC78793
000403A3
FFF00513
00E782A3
C2CFD0EF
E8DFE0EF
00042023
00100793
00F405A3
00944703
F2070AE3
EFDFF06F
01C44783
00078863
DADFF0EF
00040E23
FDDFF06F
01C44783
00178793
0FF7F793
00F40E23
FC9FF06F
000087B7
2187A503
00008067
000087B7
24878793
00078FA3
00078F23
00079023
0207A023
00008067
FF010113
000087B7
00112623
00812423
00912223
1CC78793
00100493
04000513
00008437
24840413
00978623
998FD0EF
01245783
01300713
00F11023
000087B7
72478793
00E78223
0007A023
009782A3
0027A423
E78FD0EF
00940FA3
00C12083
02042023
00812403
00412483
01010113
00008067
FF410113
00812223
00050413
04000513
00112423
94CFD0EF
000087B7
1CC78793
008786A3
000087B7
24878793
00078FA3
00812083
00412403
00079023
0207A023
00C10113
00008067
000087B7
24878793
01F7C503
00008067
000087B7
24878793
0207A683
3E800713
00E69863
0207A023
00100513
00008067
0207A703
00000513
00170713
02E7A023
00008067
000087B7
24878793
01C7D783
00800513
0407F793
00078463
00A00513
00008067
FA410113
04812A23
00008437
04112C23
04912823
24840793
01E7C783
00079E63
00000513
05812083
05412403
05012483
05C10113
00008067
24840413
00040F23
BE1FD0EF
000087B7
72478793
01200713
00E78223
00100693
00D7A023
00E782A3
02810713
00E7A423
00A12223
D40FD0EF
02A15683
00400793
02815703
00D12023
03A15683
00D12423
00412683
0CF69263
02C15783
03015583
00FF0637
F007F313
00871693
0085D513
00656533
00C6F6B3
00D564B3
000106B7
FFF68693
01071713
00879793
00C77733
00D7F7B3
00E7E7B3
0FF5F593
00F5E5B3
00012783
03215703
00B12E23
00879513
02E15783
00875593
00C57533
F007F313
0065E5B3
00A5E5B3
02B12023
00012583
00879793
00D7F7B3
01059593
00C5F5B3
00B7E7B3
0FF77713
00F76733
02E12223
00812783
03615703
00879793
01071713
00C77733
00D7F7B3
00E7E7B3
03E14703
00F763B3
0D40006F
00812783
00412503
00200613
00879293
04415683
04215783
00871593
20C51663
02C15603
00012383
00FF0537
00865313
F003F393
00736333
00A5F5B3
00B364B3
00012583
01071713
00A77733
00859313
000105B7
FFF58593
00B37333
00E36333
0FF67613
00666633
03C15703
00C12E23
03E15603
F0077393
00A2F2B3
00865313
00736333
00536333
02612023
00812303
00871713
00B77733
01031313
00A37333
00676733
0FF67613
00E66633
04015703
00879793
00B7F7B3
01071713
00A77733
00E7E7B3
0FF6F693
02C12223
00F6E3B3
01C12783
DEF49EE3
02012783
DE979AE3
02412783
DE9796E3
DE0484E3
DE0382E3
00412703
00400793
18F71263
02810713
03E10613
00000793
00C75683
00270713
00D787B3
01079793
0107D793
FEE616E3
00045703
DAF706E3
00412503
00F41023
00400593
03615283
04015783
04815683
03415603
03815703
30B51C63
00942223
F0067513
00875593
00742423
00A5E5B3
00B41623
000105B7
FFF58593
00861613
00B67633
0FF77713
00C76733
01071713
01075713
00E41723
00812703
F002F293
0086D613
00875713
005762B3
04415703
00541923
0087D513
F0077713
00C76633
00C41823
03C15603
0FF7F793
0FF6F693
F0067313
00861613
00B67633
00C7E7B3
00656533
01079793
00A41A23
0107D793
00F41B23
03E15603
04215783
00D76733
F0067613
0087D513
00A66633
00C41D23
00E41C23
04615703
0FF7F793
00871713
00B77733
00E7E7B3
01079793
0107D793
00F41E23
3440006F
00012703
00FF0537
01079793
00875613
03015703
00B664B3
03215583
01071713
00A77733
00A7F7B3
00E5E5B3
00F6E6B3
04615703
04815783
00566633
00B12E23
02C12023
02D12223
00871713
0087D793
D81FF06F
00412703
00200793
0EF71863
04015783
02810713
00300693
F007F793
01079793
0107D793
00F12623
04215783
00D00293
00C00313
F007F793
01079793
0107D793
00F12823
04415783
00800613
00E00593
F007F793
01079793
0107D793
00F12A23
00000793
00D2EE63
04668C63
00168513
06D67A63
0FF57693
00270713
FE9FF06F
01000513
00B69E63
01412683
00270713
00F00513
00F687B3
01079793
0107D793
00675683
00270713
00D786B3
01069793
01000693
0107D793
DED506E3
FA9FF06F
00C12683
00470713
00F687B3
01012683
00D787B3
01079793
0107D793
00E00693
F85FF06F
00675683
00D786B3
01069793
0107D793
F81FF06F
03C14783
04814283
00008637
00F12A23
03015783
02810713
00000693
F007F793
01079793
0107D793
00F12823
00014783
01000313
01200513
00F12623
17460613
00000793
02D36663
00269593
00C585B3
0005A583
00058067
00C12683
00270713
00F687B3
01079793
0107D793
00200693
00075583
00168693
0FF6F693
00B785B3
01059793
0107D793
02A69463
D21FF06F
01012683
00270713
00F687B3
01079793
0107D793
00500693
00168693
0FF6F693
00270713
F91FF06F
01412683
00270713
00F687B3
01079793
0107D793
00B00693
FA1FF06F
00F287B3
01079793
0107D793
00270713
01100693
F89FF06F
03015583
00010337
FFF30313
00B12623
0085D593
00B12423
02E15583
00859093
0060F533
00A12823
00412503
00942223
00200093
00742423
0E151063
00812503
F005F593
F007F793
00B565B3
00B41623
00C14503
01012583
00869693
0066F6B3
00B56533
04215583
01051513
01055513
0085D593
00A41723
00F5E7B3
00F41923
F002F593
00875793
00B7E7B3
00F41823
03215783
00865593
0FF67613
F007F513
00879793
0067F7B3
00F66633
00A5E5B3
01061613
00B41A23
01065613
00C41B23
04415783
04615603
00829293
0062F2B3
0FF77713
00865593
F007F793
00576733
0FF67613
00B7E7B3
01071713
00C6E6B3
00F41D23
01075713
01069693
00E41C23
0106D693
00D41E23
929FF0EF
EACFE0EF
00100513
961FF06F
00012503
02C15383
01012083
00851513
00657533
0083D493
00A4E4B3
01049493
0104D493
00941623
03C15483
00C41723
03E15603
00849493
0064F4B3
00865513
00956533
01051513
01055513
00A41923
00812503
00839393
0063F3B3
00156533
0085D593
01051513
0075E5B3
00861613
01055513
01059593
00667633
0087D793
00A41823
0105D593
00C7E7B3
00B41A23
01079793
00541B23
0107D793
00F41D23
04A15783
0FF6F693
00E41C23
F007F793
00D7E7B3
BF5FF06F
000087B7
24878793
00100713
00E78F23
00008067
00008737
00000693
00000793
1C070713
00700613
00D705B3
0015C583
00168693
00F5C7B3
FEC698E3
00874703
00278513
0FF57513
40E50533
00A03533
00008067
FF410113
00100513
00112423
919FC0EF
000087B7
1C078793
00050C63
00100713
00E78023
00812083
00C10113
00008067
00078023
FF1FF06F
0000C7B7
10078693
00008737
02D72823
20078693
00008737
02D72623
30078693
00008737
02D72423
40078693
00008737
02D72223
50078693
00008737
02D72023
60078693
00008737
00D72E23
70078793
00008737
00F72C23
0000D7B7
00008737
80078793
FF410113
00F72A23
00112423
F58FE0EF
F94FC0EF
00800513
FE4FC0EF
02800513
FF8FC0EF
F41FF0EF
A21FC0EF
CFDFC0EF
C1DFC0EF
E7DFC0EF
9B0FE0EF
E15FC0EF
978FD0EF
B80FE0EF
E0CFF0EF
978FF0EF
00100513
FE0FC0EF
00200513
FD8FC0EF
00400513
FD0FC0EF
D693A5B7
40058593
00100513
A49FC0EF
000087B7
1C078793
00100713
00E784A3
98CFE0EF
A58FE0EF
00050663
930FF0EF
A54FD0EF
EA8FD0EF
FE9FF06F
00200713
00E50A63
00300713
00E50863
00100713
00E51863
F78FC06F
00400513
FF9FF06F
00008067
00200713
00E50A63
00300713
00E50863
00100713
00E51863
F60FC06F
00400513
FF9FF06F
00008067
FF410113
00112423
00812223
AF5FC0EF
00200513
B05FC0EF
00400513
AFDFC0EF
02000513
AF5FC0EF
04000513
AEDFC0EF
08000513
AE5FC0EF
00008537
00008437
AD9FC0EF
1C040413
9E8FE0EF
A95FC0EF
00050663
00800513
F08FC0EF
00100513
A5DFC0EF
FE0502E3
00944783
00078E63
00400513
EDCFC0EF
00100593
00900513
C38FE0EF
FC5FF06F
00944783
D693A5B7
40058593
00178793
0FF7F793
00100513
00F404A3
925FC0EF
FA1FF06F
FF410113
00112423
E2CFE0EF
A81FE0EF
FF9FF06F
FF410113
00812223
00112423
00008437
C60FE0EF
AB4FF0EF
B7CFE0EF
FE050AE3
00300593
02800513
FCCFC0EF
02050C63
00800513
EA0FC0EF
00050793
00200513
00078A63
02000513
E8CFC0EF
00153513
00351513
00000593
BA0FE0EF
00300513
CD0FF0EF
D14FF0EF
02050063
04000513
E64FC0EF
00051A63
D10FF0EF
00050663
00200513
CACFF0EF
D54FF0EF
F80502E3
1C040793
00100713
00E78D23
CDCFF0EF
F60518E3
C18FF0EF
F69FF06F
0100006F
0500006F
0940006F
0D80006F
00000093
00009137
00000193
00000213
00000293
00000313
00000393
00000413
00000493
00000513
00000593
00000613
00000693
00000713
00000793
1C8030EF
0000006F
00000093
00009137
F0010113
00000193
00000213
00000293
00000313
00000393
00000413
00000493
00000513
00000593
00000613
00000693
00000713
00000793
3B8030EF
0000006F
00000093
00009137
E0010113
00000193
00000213
00000293
00000313
00000393
00000413
00000493
00000513
00000593
00000613
00000693
00000713
00000793
418030EF
0000006F
00000093
00009137
D0010113
00000193
00000213
00000293
00000313
00000393
00000413
00000493
00000513
00000593
00000613
00000693
00000713
00000793
3E4030EF
0000006F
000087B7
01478793
0007A023
0007A223
000087B7
0387A683
000017B7
23478793
0006A703
00100513
01075713
00F71863
00300793
00F6A223
00000513
00008067
000087B7
0387A783
0007A503
01051513
01055513
00008067
000087B7
0387A783
00251513
0047A703
00E56533
00A7A223
00008067
000087B7
0387A783
00A51513
0047A703
00E56533
00A7A223
00008067
000087B7
0387A783
00A7AC23
00008067
000087B7
0387A783
00A7AE23
00008067
000087B7
0387A783
02A7A023
00008067
000087B7
0387A783
02B7A423
02A7A223
00008067
000087B7
0387A783
00C7A503
00008067
000087B7
0387A783
00C7A783
00A7F533
00A03533
00008067
000087B7
0387A783
00A7AC23
00A7AE23
00008067
FF410113
00912023
000084B7
0384A783
00112423
00812223
0087A783
0017F793
04078C63
00050413
58C000EF
0384A703
000087B7
01478793
01072603
0007A683
00040513
00412403
00C6E6B3
00D7A023
01472603
0047A683
00812083
00012483
00C6E6B3
00D7A223
00100793
00F72423
00C10113
56C0006F
00812083
00412403
00012483
00C10113
00008067
FF010113
00912223
000084B7
01448493
0004A783
00812423
00112623
00A7F7B3
00050413
00000513
02078663
00058513
00B12023
4F4000EF
0004A783
00012503
FFF44413
00F47433
0084A023
508000EF
00100513
00C12083
00812403
00412483
01010113
00008067
FF010113
00912223
000084B7
01448493
0044A783
00812423
00112623
00A7F7B3
00050413
00000513
02078663
00058513
00B12023
48C000EF
0044A783
00012503
FFF44413
00F47433
0084A223
4A0000EF
00100513
00C12083
00812403
00412483
01010113
00008067
000087B7
01478793
0007A703
FFF54513
00E57533
00A7A023
00008067
000087B7
01478793
0047A703
FFF54513
00E57533
00A7A223
00008067
000087B7
0347A783
00300713
00000513
00E7A023
000087B7
00078423
00878793
000780A3
00008067
000087B7
0347A783
02051C63
00B7A623
00400713
0007A683
00D76733
00E7A023
000087B7
00878793
00A78533
00050023
00054783
FE078EE3
00050023
00008067
00B7A823
00800713
FCDFF06F
000087B7
0347A783
02051663
00B7A623
00400713
0007A683
00D76733
00E7A023
000087B7
00878793
00F50533
00050023
00008067
00B7A823
00800713
FD9FF06F
02050E63
00400693
00800793
00008737
03472703
FFF7C793
00072603
00C7F7B3
00F72023
000087B7
00878793
00D72223
00F50533
00050023
00008067
00200693
00400793
FC9FF06F
000087B7
0347A703
00472783
0107F693
00068E63
01000693
00D72223
000086B7
00868693
00100613
00C68123
0027F693
00068C63
00200693
00D72223
00100613
000086B7
00C68423
0047F793
00078E63
00400793
00F72223
000087B7
00878793
00100713
00E780A3
00008067
000087B7
00878793
00A787B3
0007C703
0FF77513
00070663
00078023
00100513
00008067
000087B7
00878793
0027C703
0FF77513
00070663
00078123
00100513
00008067
000087B7
0307A783
00100713
00000513
00E7A023
00008067
000087B7
0307A783
00A7A023
00008067
000087B7
0307A783
00A7A223
00008067
000087B7
0307A783
0087A503
00008067
000087B7
0307A783
00A7A423
00008067
000087B7
02C7A783
00F00713
00000513
00E7A223
00008067
000087B7
02C7A683
00008737
10000793
00F6A623
0E470713
00000793
00174603
00C7E863
1FF00793
00F6A623
00008067
00F70633
00264603
00178793
0FF7F793
0FF67613
00C6A623
FD5FF06F
000087B7
02C7A783
00A7AA23
00008067
000087B7
02C7A603
10000693
000087B7
01062703
10878793
1FF77713
00D71C63
00078023
000780A3
00100793
00F62423
00008067
1FF00693
00D71863
00100713
00E78023
FE5FF06F
0017C583
0FF77713
00158693
0FF6F693
00D780A3
00B787B3
00E78123
FC5FF06F
000087B7
27C78793
00078623
00000513
00008067
000087B7
0207A683
00100793
00F6A023
000087B7
27C78613
00564583
00464703
00062603
27C78793
00871713
00B76733
00061663
00008637
00C76733
00020637
00C76733
00E6A423
00010537
00000713
0057C603
00C76C63
0007A603
00100713
08E60263
0006A023
00008067
0007A583
00000613
00059A63
0087A603
00171593
00B60633
00065603
0057C583
FFF58593
00B71463
00A66633
00170713
00C6A423
0FF77713
FADFF06F
0046A603
00267593
00059663
00467613
FE0618E3
00C6A583
0087A603
00171513
00170713
00A60633
00B61023
0FF77713
0057C603
FCC766E3
F85FF06F
00000713
FF1FF06F
000087B7
0207A783
0047A783
0017F793
00078A63
000087B7
27C78793
00100713
00E78623
00008067
000087B7
01C7A783
00100713
00000513
00E7A023
00008067
00100793
00A79533
000087B7
01C7A703
0FF57693
0FF57513
00A72223
00472783
00F6F7B3
FE078AE3
00008067
000087B7
01C7A703
00100793
00A797B3
0FF7F793
00F72423
00008067
000087B7
0247A783
00000513
0007A023
000087B7
28C78793
00078EA3
00078F23
00008067
000087B7
0247A683
0046A783
0017F793
00078C63
00100713
000087B7
00E6A223
28C78793
00E78EA3
00008067
000087B7
28C78793
01D7C703
0FF77513
00070663
00078EA3
00100513
00008067
FF410113
00812223
00008437
02442783
00112423
00912023
00100713
00E7A023
0007A423
0007A423
0007A423
0007A423
10000713
00E7A423
10000513
D55FF0EF
000087B7
28C78493
0004A703
0084A503
00471713
01055513
00F57513
00E56533
02442703
0FF57513
00A72423
D25FF0EF
0084A503
02442703
00855513
0FF57693
00D72423
0FF57513
D09FF0EF
0084A503
02442703
0FF57693
00D72423
0FF57513
CF1FF0EF
00C4C703
04071A63
02442783
10000713
10100513
00E7A423
CD5FF0EF
02442403
00042783
00E7E793
00F42023
F11FF0EF
FE050EE3
00442503
00812083
00412403
00155513
00154513
00012483
00157513
00C10113
00008067
000087B7
28C78793
00C7C503
02442703
FFF50513
0FF57513
00A72423
C79FF0EF
000087B7
28C78793
0007A683
00800713
04E69263
00000493
00C7C703
02442603
000086B7
F6E4F6E3
29968713
00E48733
00074503
00148493
0FF4F493
0FF57513
00A62423
C31FF0EF
000087B7
28C78793
FC9FF06F
0007A703
FA070EE3
0007A683
00400713
F2E696E3
FADFF06F
000025B7
FF010113
71058593
00000513
00112623
00812423
00912223
9F9FF0EF
E39FF0EF
06051263
AE1FF0EF
FE050AE3
00100693
1300006F
0067D793
0A40006F
02472783
00D12023
00C7A503
29960793
00F487B3
0FF57513
00A78023
BADFF0EF
00012683
00148493
0FF4F493
00008737
00C44783
00008637
FCF4E4E3
0D80006F
00100693
0D00006F
00008737
02472783
0047A783
0087F793
F8078CE3
10200513
B69FF0EF
00008737
02472783
00008437
00800693
00D7A223
28C40613
00C7A783
00062603
28C40413
0FF7F793
00D60863
00042603
00900693
F6D610E3
0047D793
00F42223
00442783
0037F793
00F42223
00442503
01051513
01055513
B0DFF0EF
00442683
F6069EE3
00042603
00900793
00008737
00F60E63
00042603
00100793
00F60863
00042603
00500793
02F61463
02472783
00000493
0047A783
00A7D793
01F7F793
00F40623
00C44603
01000793
F2C7F0E3
10300513
00D12023
AADFF0EF
00012683
000087B7
0247A783
00C12083
00812403
0007A023
00412483
00068513
01010113
00008067
FE810113
000087B7
00812823
00912623
00D12223
00112A23
00A12023
00000493
28C78413
00100693
01E44503
FED50EE3
00012783
00D40F23
00F42023
00B42423
00C40623
02060463
00000693
00412783
00D785B3
0005C503
00D405B3
00168693
00A586A3
0FF6F593
FEC5E2E3
00100693
00300593
08B68E63
00C12423
C75FF0EF
00812603
00300693
FE0514E3
DEDFF0EF
00812603
06051663
00442503
04051863
00012783
00900693
00000713
02D78A63
00040F23
01412083
01012403
00C12483
01810113
00008067
00E406B3
00412783
00D6C583
00E786B3
00B68023
00170713
0FF77693
FEC6E2E3
FC9FF06F
00442583
00200693
00D58E63
00100513
FB5FF06F
00100693
00D50663
00200693
FED506E3
00800693
FED482E3
00148713
0FF77493
F59FF06F
00100713
00000793
00E51463
01100793
00008737
02472703
00F72023
00008067
FE410113
00812A23
00008437
00912823
00112C23
28C40493
0204D783
01F4C583
00010693
00100613
00400513
00F10023
E8DFF0EF
28C40413
02051063
01F4C583
0224C603
00010693
00100513
E71FF0EF
00100793
00050E63
01F44583
00010693
00000613
00100513
E55FF0EF
00000793
01812083
01412403
00100513
01012483
40F50533
01C10113
00008067
FE410113
00010693
01000613
00000593
00900513
00112C23
E19FF0EF
000087B7
23078793
02051C63
00014703
00E78023
00114703
00E780A3
00214703
00E78123
00314703
00E781A3
00E14703
00E78223
01812083
01C10113
00008067
00078023
000780A3
00078123
000781A3
00078223
FE1FF06F
FE410113
00010693
00500613
20000593
00900513
00112C23
DA5FF0EF
000087B7
23078793
02051C63
00014703
00E782A3
00114703
00E78323
00214703
00E783A3
00314703
00E78423
00414703
00E784A3
01812083
01C10113
00008067
000782A3
00078323
000783A3
00078423
000784A3
FE1FF06F
FE410113
01200793
00F10023
03400793
00F100A3
05600793
00F10123
04D00793
00F101A3
04100793
00F10223
05200793
00F102A3
04300793
00F10323
04F00793
00F103A3
04700793
00F10423
01000793
00F104A3
00010693
00100793
00C00613
30000593
00800513
00112C23
00F10523
000105A3
CD5FF0EF
01812083
01C10113
00008067
00153513
FF010113
00150513
00A101A3
00310693
00100613
60000593
00800513
00112623
CA1FF0EF
00C12083
01010113
00008067
FF010113
00310693
00100613
10700593
00800513
00112623
000101A3
C75FF0EF
00C12083
01010113
00008067
000087B7
2307C503
FEE50513
00153513
00008067
000087B7
2307C503
FEC50513
00153513
00008067
000087B7
23078793
0027C503
00655513
00157513
00008067
000087B7
23078793
0037C503
00755513
00008067
000087B7
23078793
0027C503
00755513
00008067
000087B7
23078793
0037C503
00655513
00157513
00008067
000087B7
23078793
0067C503
00455513
00157513
00008067
000087B7
23078793
000086B7
0047C783
0806C683
00050713
0FF7F793
02069E63
06400513
02070C63
07F7F793
FFF78713
0FF77713
00300693
19000513
02E6E063
00579513
40F50533
00251513
00F50533
00551513
00008067
00A00513
00008067
000087B7
12C78793
10078023
00008067
FF410113
00912023
000084B7
00812223
00112423
12C48793
00008437
10078023
05000713
28C40793
00E78FA3
02079023
01000713
02E78123
12C48493
28C40413
C61FF0EF
06050463
00812083
00412403
00012483
00C10113
00008067
02045703
00170693
01069693
0106D693
02D41023
00F406B3
00D6C683
00E48733
00178793
0FF6F693
00D70023
0FF7F793
02244703
FCE7E6E3
02045703
0FF00793
FAE7F2E3
00100793
10F48023
FA1FF06F
00000793
FDDFF06F
000087B7
00C78793
0007A023
000782A3
00078223
00078323
000087B7
0287A783
00300713
00000513
00E7A023
00008067
000087B7
0287A703
00072783
0047E793
00F72023
00008067
000087B7
0287A683
0046A783
0017F793
06078C63
00100793
00F6A223
0046A583
00008737
00008637
0105F593
00C70713
08C60613
00058E63
01000593
00B6A223
00F72023
00F70323
00060123
00008067
0046A583
0085F593
00058E63
00800593
00B6A223
00F72023
00F70223
00F600A3
00008067
00400593
00B6A223
00072023
00F702A3
00F60023
00008067
000087B7
00C7A503
FFF50513
00153513
00008067
FF410113
00112423
00812223
BB0FF0EF
00157793
06078E63
00257793
00050413
00078A63
00100513
81CFF0EF
00200513
B9CFF0EF
00447793
00078863
A98FF0EF
00400513
B88FF0EF
01047793
00078863
F11FF0EF
01000513
B74FF0EF
02047793
00078863
E00FF0EF
02000513
B60FF0EF
04047413
00040E63
BD8FF0EF
00412403
00812083
04000513
00C10113
B40FF06F
00812083
00412403
00C10113
00008067
FF410113
000087B7
00112423
00078793
01400713
00E78023
00400713
00E780A3
00078123
000781A3
00300713
00E78223
00E782A3
00800513
00078323
EB1FE0EF
00812083
00800513
00C10113
EBDFE06F
000087B7
0007C503
00008067
000087B7
00078793
0017C503
00008067
000087B7
00A78023
00008067
000087B7
00078793
00A780A3
00008067
000087B7
00078793
0027C503
00008067
000087B7
00078793
0037C503
00008067
000087B7
00078793
0047C503
00008067
000087B7
00078793
0057C503
00008067
000087B7
00078793
00A78123
00008067
000087B7
00078793
00A781A3
00008067
000087B7
00100713
00078793
00E78323
000087B7
08C78793
00E78223
00008067
FF410113
00812223
00050413
02000513
00912023
00112423
00058493
E11FE0EF
000087B7
00078713
00674703
00078793
009765B3
00058863
00008737
08C70713
008701A3
00078323
00812083
00412403
00012483
00C10113
00008067
FF010113
00008737
00112623
00070713
00374603
78700793
00F11023
00400693
00300793
00D60C63
00374683
00200713
00200793
00E68463
00100793
00100713
02E51E63
0047E793
00F11123
000087B7
27C78793
01000713
00E78223
0007A023
00200713
00E782A3
0027A423
A5CFF0EF
00C12083
01010113
00008067
00200713
00E51663
1007E793
FC1FF06F
00300713
02E51663
78F00713
0887E793
00E11023
00F11123
00000513
4D1010EF
FA0500E3
00215783
2007E793
F91FF06F
00400713
00E51E63
79700713
0907E793
00E11023
00F11123
00100513
FD1FF06F
79F00713
00E11023
0807E793
F61FF06F
FF410113
02000513
00812223
00912023
00008437
00112423
CCDFE0EF
08C40793
000782A3
00000493
08C40413
00800513
E81FE0EF
00100793
000403A3
00F402A3
000087B7
08078793
0007C783
3E800593
00079663
000185B7
6A058593
00000513
EFDFE0EF
00744783
02079863
00000513
FE1FE0EF
FE0508E3
00100593
00100513
E39FF0EF
00800793
06F48663
00148493
0FF4F493
F99FF06F
02000513
C39FE0EF
3E800593
00000513
EB5FE0EF
00300593
00800513
D2DFE0EF
02051263
F95FE0EF
FE0506E3
00100593
00200513
DEDFF0EF
02000513
C11FE0EF
FADFF06F
00000513
00812083
00412403
00012483
00C10113
00008067
00100513
FE9FF06F
000087B7
00078793
0067C503
00008067
000087B7
00078793
0027C603
01400713
0FF67693
02E60463
01E00613
00C68A63
00A00713
00100513
00E69E63
00600713
00E78123
00000513
00008067
00A00713
FF1FF06F
00008067
000087B7
00078793
0037C683
000087B7
23078793
0097C703
0FF6F693
00100513
00177713
02070663
0077C703
00700613
00777713
00C71E63
00200613
00C69C63
0077C503
07057513
F9050513
00A03533
00008067
00400613
00000513
FEC69AE3
0077C683
07000613
00100513
0706F693
FEC690E3
0087C683
0076F693
FCE69AE3
0087C503
FC1FF06F
FF410113
000087B7
00112423
00078793
0017C703
02000513
0FF77713
00E781A3
0007C703
0FF77713
00E78123
000087B7
23078793
F8000713
00E78123
ABDFE0EF
00000513
CF5FF0EF
00812083
00C10113
C6DFF06F
FF410113
000087B7
00112423
08C78793
000784A3
00078523
3F0010EF
00051C63
C49FF0EF
00812083
FFF00513
00C10113
C6DFE06F
00100593
00500513
C4DFF0EF
FE5FF06F
000087B7
08C78793
00078023
000780A3
00078123
000781A3
00078223
000782A3
00078323
000783A3
00078423
000784A3
00078523
000785A3
00078623
000786A3
00078723
000787A3
00078823
000788A3
00078923
000789A3
020786A3
02078723
020787A3
02078823
020788A3
040789A3
04078A23
000087B7
10078423
000087B7
0E078223
00008067
FF410113
00008737
00812223
00112423
00912023
10870413
00044783
4E078463
10870713
00070023
00274603
04200693
0FF67793
30D60863
06F6E663
000084B7
01300693
0E448493
02F6EA63
00200693
04F6F263
FFD78793
0FF7F793
01000693
02F6EA63
000086B7
00279793
03C68693
00D787B3
0007A783
00078067
02200713
34E78663
03000713
2CE78C63
02100713
2EE78A63
000087B7
0E478793
00078123
2800006F
07100693
4AD78663
0EF6EE63
06600693
34D78E63
04F6E663
000084B7
06000693
0E448493
32D78063
06100693
FCD792E3
D2DFF0EF
18050863
000087B7
10878713
00374703
000087B7
08C78793
0FF77713
00E78723
00100713
00E786A3
20C0006F
07000693
F8D796E3
CF5FF0EF
F80502E3
000086B7
08C68793
00800613
00008737
00C7AA23
10870713
00374603
08C68693
0FF67613
00C7AC23
0187A603
00861613
00C7AC23
00474603
0187A583
00B66633
00C7AC23
0187A603
00861613
00C7AC23
00574603
0187A583
00B66633
00C7AC23
00674603
0FF67613
00C78E23
00008637
00000793
28C60613
00C64583
3AB7E063
00100713
02E686A3
020687A3
02068823
1B00006F
09000713
34E78463
00008737
09100693
0E470713
34D78E63
08000693
ECD798E3
00344683
000087B7
08C78793
0FF6F693
02D78923
000086B7
12C68693
1006C683
3E068863
00100693
00D70123
02D788A3
1280006F
00100793
000085B7
00F48123
08058593
00000793
00800513
00078693
00178793
00F70633
00264603
00D586B3
0FF67613
00C68123
FEA792E3
784010EF
0E051463
00100513
A61FE0EF
0DC0006F
00374683
00474503
00100793
00F48123
0FF6F613
0FF57513
00068863
00F60A63
00048123
0B40006F
8B1FF0EF
0AC0006F
8B5FF0EF
0A40006F
00500793
00F48123
F00FE0EF
00855793
0FF7F793
00F481A3
0FF57513
00200793
00A48223
00F482A3
00F48323
000483A3
F6CFE0EF
0FF57513
00A48423
F44FF0EF
00A484A3
B3DFF0EF
00A48523
881FF0EF
00A485A3
869FF0EF
00A48623
00000513
690010EF
00A486A3
00100513
684010EF
00A48723
00D00713
02C0006F
000087B7
00100713
08078793
00E780A3
00E48123
0100006F
E48FF0EF
00100793
00F48123
00100713
000087B7
0E478793
00E780A3
00412403
00812083
00012483
00C10113
AC9FE06F
000087B7
00100713
08C78793
00E783A3
000087B7
0E478793
1900006F
EA0FF0EF
F00502E3
00344503
FB4FF0EF
000087B7
00100713
08C78793
00E78423
F8DFF06F
00344703
000087B7
23C78793
0FF77713
00E78023
00444703
0FF77713
00E780A3
00544703
0FF77713
00E78123
E50FF0EF
EA050AE3
000087B7
00100713
08C78793
00E785A3
F45FF06F
00344703
00100793
00100513
00F70463
00000513
918FF0EF
F35FF06F
A19FF0EF
E6050EE3
00344703
000087B7
08C78793
0FF77713
00E78723
00100713
00E78623
F01FF06F
00344603
00444783
00544683
00161713
00879793
00F6E6B3
00C70733
000087B7
00371713
24C78793
00E787B3
00D79223
00644683
00744703
00869693
00D76733
00E79323
00844683
00944703
00869693
00D76733
00E79423
00A44683
00B44703
00869693
00D76733
00E79523
00C44683
00D44703
00869693
00D76733
00E79623
00E44683
00F44703
00869693
00D76733
00E79723
01044683
01144703
00869693
00D76733
00E79823
01244683
01344703
00869693
00D76733
00E79923
01444683
01544703
00871713
00D76733
00E79A23
000087B7
0E478793
00100713
00E78123
E31FF06F
000087B7
08C78793
00100713
00E788A3
00812083
00412403
00012483
00C10113
00008067
000087B7
00100693
08C78793
00D78923
00D70123
DF5FF06F
00578593
00B705B3
0025C583
00F68533
00178793
0FF5F593
00B50EA3
0FF7F793
C3DFF06F
8ADFF0EF
00008737
0E470713
06050C63
000087B7
08C78793
00900693
00D7AA23
00344683
0FF6F693
00D7AC23
0187A683
00869693
00D7AC23
00444683
0187A603
00C6E6B3
00D7AC23
0187A683
00869693
00D7AC23
00544683
0187A603
00C6E6B3
00D7AC23
00644683
0FF6F693
00D78E23
00100693
02D78723
020787A3
02078823
F55FF06F
00070123
D45FF06F
000087B7
08C78793
0537C703
00E78733
02A709A3
0537C683
01F00713
00D77663
040789A3
00008067
0537C703
00170713
0FF77713
04E789A3
00008067
000087B7
08C78793
0547C703
00E78733
03374503
0547C683
01F00713
0FF57513
00D77663
04078A23
00008067
0547C703
00170713
0FF77713
04E78A23
00008067
000087B7
08C78793
0547C503
0537C783
40F50533
00A03533
00008067
FF410113
00112423
00812223
FD9FF0EF
02050263
00008437
0E440413
00200793
00F40123
F81FF0EF
00A401A3
00200713
0BC0006F
000087B7
08C78713
00074683
08C78793
02068063
000087B7
00070023
0E478793
01000713
00E78123
00100713
08C0006F
00174683
00068C63
000087B7
000700A3
0E478793
01100713
FDDFF06F
00274683
00068C63
000087B7
00070123
0E478793
01200713
FC1FF06F
00974683
06068463
00008437
0E440413
000704A3
03100793
00F40123
C0CFF0EF
00A401A3
C14FF0EF
000087B7
00A40223
23C78793
0017C703
0FF77713
00E402A3
0027C783
00500713
0FF7F793
00F40323
000087B7
0E478793
00E780A3
00412403
00812083
00C10113
E8CFE06F
00A74683
02068863
00008437
00070523
0E440413
03200793
00F40123
BA0FF0EF
00A401A3
BA8FF0EF
00A40223
00300713
FB5FF06F
00574683
00068E63
000702A3
00008437
000703A3
0E440413
04000793
FC9FF06F
00674683
04068063
00070323
000087B7
000703A3
0E478793
04100713
00E78123
00008737
23C70713
00174683
0FF6F693
00D781A3
00274703
0FF77713
00E78223
F99FF06F
00374683
02068463
000087B7
0E478793
04500693
00D78123
00374683
0FF6F693
00D781A3
000701A3
E65FF06F
0047C703
00070C63
00078223
000087B7
0E478793
04400713
E75FF06F
00F7C703
02070463
00008737
0E470713
06200693
00D70123
00E7C683
0FF6F693
00D701A3
000787A3
E1DFF06F
0107C703
02070A63
00008737
0E470713
06300693
00D70123
00E7C683
0FF6F693
00D701A3
0107C683
0FF6F693
00D70223
00078823
EEDFF06F
0137C703
0FF77693
02070263
000789A3
000087B7
0E478793
00100713
00E78123
00300713
00E781A3
DB9FF06F
02F7C703
06070A63
00008637
020787A3
0E460593
07200713
00E58123
01C7C703
0FF77713
00E581A3
0147A503
00900713
D8E512E3
01C7C603
00268713
0FF77713
00C6EC63
E20718E3
00812083
00412403
00C10113
00008067
00D78633
01D64603
00E58733
00168693
0FF67613
00C70123
0FF6F693
FC1FF06F
0307C703
00070C63
02078823
000087B7
0E478793
07300713
D51FF06F
0317C703
FA0708E3
0327C703
00008637
020788A3
F8100693
0E460793
00471713
00D78123
000085B7
FFF70793
00100693
0E460613
0FF7F793
12C58593
01100513
00D78733
0FF77713
00E58733
00074703
00D60333
00168693
0FF77713
00E30123
FEA690E3
01100713
D79FF06F
000087B7
0007A737
23C78793
12070713
00E7A423
00078023
00300713
00E780A3
00E78123
000781A3
00078223
000782A3
00078623
00008067
FE410113
00112C23
00812A23
908FF0EF
00A10023
910FF0EF
00050413
D81FE0EF
00050663
F8046413
0FF47413
00010693
00200613
10000593
00800513
008100A3
96DFE0EF
01812083
01412403
01C10113
00008067
FF010113
00310693
00100613
10200593
00800513
00112623
000101A3
93DFE0EF
00C12083
01010113
00008067
000087B7
23C78713
00174503
00274683
00374703
23C78793
00369693
00D56533
0FF57513
00070463
00456513
0047C783
00078463
02056513
00008067
EE010113
10812C23
00050413
00200513
10912A23
10112E23
00058493
F2DFD0EF
00100793
00011A23
08F41A63
004A07B7
04A78793
04A00713
00F12C23
000087B7
27C78793
00E11B23
00E11E23
01100713
00E78223
0007A023
00500713
00E782A3
01410713
00E7A423
B94FE0EF
02048C63
02046413
00810223
F4DFF0EF
00A102A3
00A10323
00A103A3
00A10423
00410693
00500613
10200593
00800513
855FE0EF
00A12023
11C12083
11812403
00012503
11412483
12010113
00008067
00A03533
00200393
00150513
06741863
004A0737
07BC06B7
0CB70593
5BC00313
04A70713
0CB68693
04A00613
000087B7
00611B23
00D12C23
00B12E23
02E12023
02E12223
02C11423
27C78793
12851263
02E12A23
02E12C23
01100713
00E78223
02611523
02D12623
02B12823
02C11E23
0007A023
01500713
F29FF06F
00300793
10F41C63
05BC0637
044A06B7
047E07B7
7BC60293
7BC68313
7BC78593
44A68693
67E78793
67E00713
5BC00093
44A60613
04E11C23
00111B23
00008737
00512C23
00612E23
02D12023
02D12223
02D12423
02C12623
02B12823
02F12A23
02F12C23
02F12E23
04F12023
04F12223
04F12423
04F12623
04F12823
04F12A23
27C70713
08751263
06F12C23
06F12E23
08F12023
08F12223
08F12423
08F12623
08F12823
08F12A23
08F12C23
67E00793
08F11E23
01100793
00F70223
04111D23
04512E23
06612023
06D12223
06D12423
06D12623
06C12823
06B12A23
00072023
04500793
00F702A3
01410793
00F72423
E41FF06F
01100713
00E78223
0007A023
00B00713
E21FF06F
01100793
00F70223
00072023
02300793
FCDFF06F
E40488E3
00400793
E0F41AE3
00700413
E11FF06F
FE010113
00112E23
DF9FE0EF
00A12023
D4DFF0EF
00012603
00A10223
00200793
02F61263
00A102A3
00410693
10300593
00800513
E54FE0EF
01C12083
02010113
00008067
00400793
00F61A63
00A102A3
00A10323
00A103A3
FD1FF06F
00100613
FC9FF06F
FE010113
00812C23
00912A23
00112E23
00050413
D89FE0EF
00050493
00410693
00200613
20200593
00900513
DF8FE0EF
0A051A63
00414703
008035B3
00158593
00677793
00F12023
00177613
000087B7
23C78793
10060863
00200693
08D49E63
01077693
10068063
00100693
00D78623
00000513
00100693
02D58863
00012603
00600693
08D61C63
00200693
08D49E63
06077713
06000693
08D71263
08051063
00100713
00E786A3
00D7C783
FFF40413
00143413
00F47433
02040663
00410693
00100613
20400593
00900513
D58FE0EF
00414783
0017F793
00079663
00051463
00100513
01C12083
01812403
01412483
02010113
00008067
00400693
F6D496E3
01077693
06068063
00000513
00000313
01000293
0340006F
04030663
000786A3
00100513
F85FF06F
00400693
F6D498E3
06077693
06000613
FEC692E3
00600613
00100313
06000293
00514683
00C6F3B3
FCC394E3
0056F6B3
FC5690E3
F40310E3
F00504E3
00078623
00100513
F09FF06F
FDC10113
02112023
00812E23
00912C23
C1DFE0EF
00A12223
C25FE0EF
00050413
C2DFE0EF
00050493
00810693
00200613
20600593
00900513
C7CFE0EF
10051063
00814703
00275693
0036F793
00F12023
00412783
00200693
00377393
02D79263
00475613
00367613
00675713
00000693
00000593
00000313
00000293
0340006F
00400693
0CD79663
00914683
00475613
00367613
0026D593
0046D313
0036F293
00675713
0035F593
00337313
0066D693
0FF2F793
0062F463
0FF37793
0FF7F313
00737463
0FF3F793
0FF7F313
00C37463
0FF67793
00008637
23C60613
0887E063
00100793
00F601A3
00164783
06879E63
00564783
00178793
0FF7F793
00F602A3
00058793
00D5F463
00068793
00012583
0FF7F693
00B6F463
00014783
0FF7F693
00E6F463
00070793
0FF7F793
0497E463
00100793
00F60223
00960123
02012083
01C12403
01812483
02410113
00008067
00000713
00000613
F15FF06F
000601A3
00078413
F85FF06F
000602A3
008600A3
F91FF06F
00060223
00078493
FBDFF06F
FF410113
00812223
00008437
08C40793
00112423
000783A3
00100713
3E800593
00000513
00E78323
08C40413
B95FD0EF
00744783
00000513
00079863
C79FD0EF
FE0508E3
00100513
00812083
00412403
00C10113
00008067
FF410113
02000513
00112423
8D5FD0EF
3E800593
00000513
B05FD0EF
00400513
A75FE0EF
00100513
AF9FE0EF
000087B7
23C7C503
00000593
9B5FF0EF
00812083
00C10113
F65FF06F
FF010113
00812423
00008437
23040793
00112623
00912223
0017C483
9A9FE0EF
23040413
0FF4F493
0AA4F863
00144503
A0DFE0EF
00244483
999FE0EF
0FF4F493
0074F493
08A4FE63
00244503
00757513
9FDFE0EF
000084B7
B6DFE0EF
04051263
889FF0EF
02051E63
23C48793
000780A3
00078123
000782A3
000781A3
00078223
EE1FF0EF
00100513
A51FE0EF
00100593
00100513
911FF0EF
23C48413
06050463
00000493
899FF0EF
00050413
00051663
00100413
40940433
00000513
A1DFE0EF
00C12083
00040513
00812403
00412483
01010113
00008067
8EDFE0EF
F55FF06F
8F1FE0EF
F6DFF06F
D88FE0EF
06051663
D68FE0EF
00100593
0A050E63
00300513
0680006F
01000513
F90FD0EF
00000513
DB8FE0EF
00050593
00000513
9B9FD0EF
01000513
F84FD0EF
00000513
B45FF0EF
00A12023
CADFF0EF
00012783
FA0786E3
00544703
00500793
08F70863
E15FF0EF
ABDFF0EF
FB1FF06F
00200513
97DFE0EF
00100593
00400513
83DFF0EF
00000413
00100513
D54FE0EF
00050593
00000513
955FD0EF
00100513
AE9FF0EF
00A12023
C51FF0EF
00012783
02079263
000087B7
08C78793
00100713
00E784A3
00100493
EF5FF06F
00200513
FB1FF06F
00600793
00F40C63
00140413
0FF47413
D95FF0EF
A3DFF0EF
F9DFF06F
000087B7
08C78793
00100713
00E78523
F54FF0EF
EA051AE3
AE1FE0EF
E60502E3
EA9FF06F
FF410113
00000513
00112423
BC8FE0EF
00050A63
00100513
00812083
00C10113
00008067
A44FE0EF
FE0516E3
BDCFE0EF
FE0512E3
00100513
B9CFE0EF
FC051CE3
DC5FF0EF
00A03533
FD1FF06F
FF410113
000087B7
00112423
24C78793
00078B23
01000513
02078723
DFCFD0EF
00812083
01000513
00C10113
E08FD06F
F7410113
08812223
08112423
00050413
F84FE0EF
015C06B7
00400793
15C68693
1AF51A63
00D12023
00D12223
00D12423
00D12623
00010793
01810713
00079823
00278793
FEE79CE3
00141713
000087B7
00870733
00371713
24C78793
00E787B3
0047D703
1FD00593
1FD00613
00875713
02E11423
0067D703
1FD00693
00875713
02E11523
0087D703
02011723
00875713
02E11623
0047D703
0FF77713
02E11823
0067D703
0FF77713
02E11923
0087D703
0FF77713
02E11A23
08000713
02E11B23
00C7D703
00875713
02E11C23
00E7D703
00875713
02E11D23
0107D703
02011F23
00875713
02E11E23
00C7D703
0FF77713
04E11023
00E7D703
0FF77713
04E11123
0107D703
0FF77713
04E11223
0147D703
0FF77713
04E11323
00A7D703
00875713
04E11423
0127D703
00875713
04E11523
04011623
0147D703
00875713
04E11723
00A7D703
0FF77713
04E11823
0127D783
1FD00713
0FF7F793
04E11F23
04F11923
04012A23
04B11C23
04C11D23
04D11E23
03000713
000087B7
27C78793
2C041663
01200693
00D78223
0007A023
00E782A3
0027A423
995FD0EF
00300513
EC4FE0EF
000087B7
08C78713
00870723
00100693
00D707A3
08C78793
00100713
00F7C683
FEE68EE3
08812083
08412403
08C10113
00008067
000087B7
00200613
00D12023
24C78793
00141713
12C50663
00870733
00371713
00E787B3
00012223
00011423
0047D703
00875713
00E11523
0047D703
0FF77713
00E11623
00C7D703
00875713
00E11723
00C7D703
0FF77713
00E11823
00A7D703
00875713
00E11923
00A7D703
00011B23
00012C23
0FF77713
00E11A23
0067D703
00875713
00E11E23
0067D703
0FF77713
00E11F23
00E7D703
00875713
02E11023
00E7D703
0FF77713
02E11123
0127D703
00875713
02E11223
0127D703
02012423
02011623
0FF77713
02E11323
0087D703
00875713
02E11723
0087D703
0FF77713
02E11823
0107D703
00875713
02E11923
0107D703
02011B23
02012C23
0FF77713
02E11A23
00800737
02012E23
04E12023
04011223
0147D703
0FF77713
04E11323
0147D783
02700713
04011523
0087D793
04F11423
1FD00793
04F11623
E65FF06F
00870733
00371713
00E787B3
00D12223
00012423
00012623
00012823
0047D703
00000593
00000613
00875713
00E11A23
0067D703
00000693
00875713
00E11B23
0047D703
0FF77713
00E11C23
0067D703
0FF77713
00E11D23
00C7D703
00875713
00E11E23
00E7D703
00875713
00E11F23
00C7D703
0FF77713
02E11023
00E7D703
0FF77713
02E11123
00A7D703
00875713
02E11223
0127D703
00875713
02E11323
00A7D703
0FF77713
02E11423
0127D703
02012623
02012823
0FF77713
02E11523
02012A23
0087D703
00875713
02E11C23
02011D23
0087D703
0FF77713
02E11E23
08000713
02E11F23
0107D703
04011123
00875713
04E11023
0107D703
0FF77713
04E11223
0147D703
04011423
0FF77713
04E11323
0147D783
00000713
04012623
0087D793
04F11523
1FD00793
04F11823
D15FF06F
01300693
00D78223
0007A023
00E782A3
0027A423
ECCFD0EF
00400513
D39FF06F
00000513
BF4FE06F
FF010113
00812423
00112623
00912223
00050413
06050C63
08000793
02000493
00048513
00F12023
B64FD0EF
00012783
00078513
97CFD0EF
06400593
00000513
BF8FD0EF
00200593
00048513
A70FD0EF
04050463
00141713
000087B7
00870733
00371713
24C78793
00E787B3
00100713
00E78B23
00000513
00C12083
00812403
00412483
01010113
00008067
04000793
01000493
F8DFF06F
C94FD0EF
FA0504E3
00000513
B4CFE0EF
00100513
FCDFF06F
FF010113
00812423
00912223
00050413
00112623
00058493
08000513
00041463
04000513
00C12023
8E8FD0EF
00141713
000087B7
008705B3
24C78693
00359593
00B686B3
0166C683
00012603
24C78793
00C6E633
02060063
000086B7
08C68613
00860723
00960823
08C68693
0106C603
FE061EE3
00870733
00371713
00E787B3
00078B23
00C12083
00812403
00412483
01010113
00008067
00151713
00A70733
000087B7
00371713
24C78793
00E787B3
0167C503
00008067
00151713
00A70733
000087B7
00371713
24C78793
00E787B3
0147D503
00655513
00157513
00008067
00008737
00000693
00000793
08070713
00700613
00D705B3
0025C583
00168693
00F5C7B3
FEC698E3
00974703
00178513
0FF57513
40E50533
00A03533
00008067
FF410113
00100513
00112423
828FD0EF
000087B7
08078793
00050C63
00100713
00E78023
00812083
00C10113
00008067
00078023
FF1FF06F
0000C7B7
10078693
00008737
02D72C23
20078693
00008737
02D72A23
30078693
00008737
02D72823
40078693
00008737
02D72623
50078693
00008737
02D72423
60078693
00008737
FF410113
02D72223
70078793
00008737
00812223
02F72023
00008437
0000D7B7
80078793
00112423
00008737
00912023
08040493
00F72E23
000480A3
E95FC0EF
F41FF0EF
930FD0EF
D94FD0EF
C08FD0EF
B28FD0EF
E61FD0EF
D24FD0EF
FE1FD0EF
8B1FF0EF
F15FE0EF
C98FE0EF
00100513
EF1FC0EF
00200513
EE9FC0EF
D693A5B7
40058593
00100513
960FD0EF
00100793
00F48523
08040413
000086B7
00C68793
0057C703
00C68493
04070263
00400513
000482A3
EBDFC0EF
00000593
00600513
884FE0EF
00000613
00300593
00000513
D91FF0EF
00000613
00300593
00100513
D81FF0EF
00040C23
00040CA3
00144703
06070263
0044C703
00070863
00400513
00048223
E5DFC0EF
0064C703
02070663
00048323
A74FE0EF
02050063
A85FD0EF
AC0FE0EF
00050A63
00400513
E45FC0EF
00400513
E2DFC0EF
01444783
00078C63
00400513
00040A23
E29FC0EF
00400513
E11FC0EF
03944783
00079663
03A44783
F2078CE3
02040CA3
02040D23
02040DA3
02040E23
02042503
02442583
02844603
02940693
FD8FD0EF
00100793
00051663
02F40DA3
F05FF06F
02F40E23
EFDFF06F
00200713
00E50A63
00300713
00E50863
00100713
00E51863
DA9FC06F
00400513
FF9FF06F
00008067
00200713
00E50A63
00300713
00E50863
00100713
00E51863
D91FC06F
00400513
FF9FF06F
00008067
FF410113
00112423
00812223
924FD0EF
00200513
934FD0EF
00400513
92CFD0EF
01000513
924FD0EF
02000513
91CFD0EF
04000513
00008437
910FD0EF
08040413
D6DFD0EF
8CCFD0EF
00050663
00800513
D41FC0EF
00100513
894FD0EF
FE0502E3
00A44783
02078063
00400513
000400A3
D11FC0EF
00100593
00900513
ED9FD0EF
FC1FF06F
00A44783
D693A5B7
40058593
00178793
0FF7F793
00100513
00F40523
F59FC0EF
F9DFF06F
FF410113
00112423
AE8FE0EF
95DFE0EF
FF9FF06F
FF010113
00812423
00008437
08040793
00112623
00912223
0007C783
08040413
10079063
9ECFE0EF
01844783
04078463
00040C23
01A44483
0FF4F493
00048513
C0DFF0EF
00050E63
00048513
AB1FF0EF
00000613
00200593
00048513
B59FF0EF
00048513
AA1FF0EF
0C051063
00048513
E24FF0EF
01944783
02078463
00040CA3
01A44503
0FF57513
00A12023
A71FF0EF
00012503
00000613
00200593
B19FF0EF
01D44783
00078863
00040EA3
00100793
00F40FA3
01E44783
00078463
00040F23
01744783
00078663
00040BA3
B08FF0EF
80CFE0EF
F4050AE3
00300593
03800513
D49FC0EF
F40502E3
00800513
C1DFC0EF
04051663
00000593
00200513
D9DFD0EF
00000613
00300593
00000513
AA9FF0EF
00000613
00300593
00100513
0340006F
89CFE0EF
F05FF06F
00100613
00100593
00048513
A81FF0EF
F3DFF06F
01000513
BC9FC0EF
00051A63
00000613
00100593
A65FF0EF
ED5FF06F
02000513
BADFC0EF
EC0514E3
00000613
00100593
FADFF06F
10001388
10001388
00000754
00003BE8
000002B0
00003678
00000000
00000000
00000000
00000000
00000000
00000000
00000000
00000000
00000000
00000000
00000000
00000000
00000000
00000000
00000000
00000000
00000000
00000000
00000000
00000000
00000000
00000000
00000000
00000000
00000000
00000000
00000000
00000000
00000000
00000000
00000000
00000000
00000000
00000000
00000000
00000000
00000000
00000000
00000000
00000000
00000000
00000000
00000000
00000000
00000000
00000000
00000000
00000000
00000000
00000000
00000000
00000000
00000000
00000000
00000000
00000000
00000000
00000000
00000000
00000000
00000000
00000000
00000000
00000000
00000000
00000000
00000000
00000000
00000000
00000000
00000000
00000000
00000000
00000000
00000000
00000000
00000000
00000000
00000000
00000000
00000000
00000000
00000000
00000000
00000000
00000000
00000000
00000000
00000000
00000000
00000000
00000000
00000000
00000000
00000000
00000000
00000000
00000000
00000000
00000000
00000000
00000000
00000000
00000000
00000000
00000000
00000000
00000000
00000000
00000000
00000000
00000000
00000000
00000000
00000000
00000000
00000000
00000000
00000000
00000000
00000000
00000000
00000000
00000000
00000000
00000000
00000000
00000000
00000000
00000000
00000000
00000000
00000000
00000000
00000000
00000000
00000000
00000000
00000000
00000000
00000000
00000000
00000000
00000000
00000000
00000000
00000000
00000000
00000000
00000000
00000000
00000000
00000000
00000000
00000000
00000000
00000000
00000000
00000000
00000000
00000000
00000000
00000000
00000000
00000000
00000000
00000000
00000000
00000000
00000000
00000000
00000000
00000000
00000000
00000000
00000000
00000000
00000000
00000000
00000000
00000000
00000000
00000000
00000000
00000000
00000000
00000000
00000000
00000000
00000000
00000000
00000000
00000000
00000000
00000000
00000000
00000000
00000000
00000000
00000000
00000000
00000000
00000000
00000000
00000000
00000000
00000000
00000000
00000000
00000000
00000000
00000000
00000000
00000000
00000000
00000000
00000000
00000000
00000000
00000000
00000000
00000000
00000000
00000000
00000000
00000000
00000000
00000000
00000000
00000000
00000000
00000000
00000000
00000000
00000000
00000000
00000000
00000000
00000000
00000000
00000000
00000000
00000000
00000000
00000000
00000000
00000000
00000000
00000000
00000000
00000000
00000000
00000000
00000000
00000000
00000000
00000000
00000000
00000000
00000000
00000000
00000000
00000000
00000000
00000000
00000000
00000000
00000000
00000000
00000000
00000000
00000000
00000000
00000000
00000000
00000000
00000000
00000000
00000000
00000000
00000000
00000000
00000000
00000000
00000000
00000000
00000000
00000000
00000000
00000000
00000000
00000000
00000000
00000000
00000000
00000000
00000000
00000000
00000000
00000000
00000000
00000000
00000000
00000000
00000000
00000000
00000000
00000000
00000000
00000000
00000000
00000000
00000000
00000000
00000000
00000000
00000000
00000000
00000000
00000000
00000000
00000000
00000000
00000000
00000000
00000000
00000000
00000000
00000000
00000000
00000000
00000000
00000000
00000000
00000000
00000000
00000000
00000000
00000000
00000000
00000000
00000000
00000000
00000000
00000000
00000000
00000000
00000000
00000000
00000000
00000000
00000000
00000000
00000000
00000000
00000000
00000000
00000000
00000000
00000000
00000000
00000000
00000000
00000000
00000000
00000000
00000000
00000000
00000000
00000000
00000000
00000000
00000000
00000000
00000000
00000000
00000000
00000000
00000000
00000000
00000000
00000000
00000000
00000000
00000000
00000000
00000000
00000000
00000000
00000000
00000000
00000000
00000000
00000000
00000000
00000000
00000000
00000000
00000000
00000000
00000000
00000000
00000000
00000000
00000000
00000000
00000000
00000000
00000000
00000000
00000000
00000000
00000000
00000000
00000000
00000000
00000000
00000000
00000000
00000000
00000000
00000000
00000000
00000000
00000000
00000000
00000000
00000000
00000000
00000000
00000000
00000000
00000000
00000000
00000000
00000000
00000000
00000000
00000000
00000000
00000000
00000000
00000000
00000000
00000000
00000000
00000000
00000000
00000000
00000000
00000000
00000000
00000000
00000000
00000000
00000000
00000000
00000000
00000000
00000000
00000000
00000000
00000000
00000000
00000000
00000000
00000000
00000000
00000000
00000000
00000000
00000000
00000000
00000000
00000000
00000000
00000000
00000000
00000000
00000000
00000000
00000000
00000000
00000000
00000000
00000000
00000000
00000000
00000000
00000000
00000000
00000000
00000000
00000000
00000000
00000000
00000000
00000000
00000000
00000000
00000000
00000000
00000000
00000000
00000000
00000000
00000000
00000000
00000000
00000000
00000000
00000000
00000000
00000000
00000000
00000000
00000000
00000000
00000000
00000000
00000000
00000000
00000000
00000000
00000000
00000000
00000000
00000000
00000000
00000000
00000000
00000000
00000000
00000000
00000000
00000000
00000000
00000000
00000000
00000000
00000000
00000000
00000000
00000000
00000000
00000000
00000000
00000000
00000000
00000000
00000000
00000000
00000000
00000000
00000000
00000000
00000000
00000000
00000000
00000000
00000000
00000000
00000000
00000000
00000000
00000000
00000000
00000000
00000000
00000000
00000000
00000000
00000000
00000000
00000000
00000000
00000000
00000000
00000000
00000000
00000000
00000000
00000000
00000000
00000000
00000000
00000000
00000000
00000000
00000000
00000000
00000000
00000000
00000000
00000000
00000000
00000000
00000000
00000000
00000000
00000000
00000000
00000000
00000000
00000000
00000000
00000000
00000000
00000000
00000000
00000000
00000000
00000000
00000000
00000000
00000000
00000000
00000000
00000000
00000000
00000000
00000000
00000000
00000000
00000000
00000000
00000000
00000000
00000000
00000000
00000000
00000000
00000000
00000000
00000000
00000000
00000000
00000000
00000000
00000000
00000000
00000000
00000000
00000000
00000000
00000000
00000000
00000000
00000000
00000000
00000000
00000000
00000000
00000000
00000000
00000000
00000000
00000000
00000000
00000000
00000000
00000000
00000000
00000000
00000000
00000000
00000000
00000000
00000000
00000000
00000000
00000000
00000000
00000000
00000000
00000000
00000000
00000000
00000000
00000000
00000000
00000000
00000000
00000000
00000000
00000000
00000000
00000000
00000000
00000000
00000000
00000000
00000000
00000000
00000000
00000000
00000000
00000000
00000000
00000000
00000000
00000000
00000000
00000000
00000000
00000000
00000000
00000000
00000000
00000000
00000000
00000000
00000000
00000000
00000000
00000000
00000000
00000000
00000000
00000000
00000000
00000000
00000000
00000000
00000000
00000000
00000000
00000000
00000000
00000000
00000000
00000000
00000000
00000000
00000000
00000000
00000000
00000000
00000000
00000000
00000000
00000000
00000000
00000000
00000000
00000000
00000000
00000000
00000000
00000000
00000000
00000000
00000000
00000000
00000000
00000000
00000000
00000000
00000000
00000000
00000000
00000000
00000000
00000000
00000000
00000000
00000000
00000000
00000000
00000000
00000000
00000000
00000000
00000000
00000000
00000000
00000000
00000000
00000000
00000000
00000000
00000000
00000000
00000000
00000000
00000000
00000000
00000000
00000000
00000000
00000000
00000000
00000000
00000000
00000000
00000000
00000000
00000000
00000000
00000000
00000000
00000000
00000000
00000000
00000000
00000000
00000000
00000000
00000000
00000000
00000000
00000000
00000000
00000000
00000000
00000000
00000000
00000000
00000000
00000000
00000000
00000000
00000000
00000000
00000000
00000000
00000000
00000000
00000000
00000000
00000000
00000000
00000000
00000000
00000000
00000000
00000000
00000000
00000000
00000000
00000000
00000000
00000000
00000000
00000000
00000000
00000000
00000000
00000000
00000000
00000000
00000000
00000000
00000000
00000000
00000000
00000000
00000000
00000000
00000000
00000000
00000000
00000000
00000000
00000000
00000000
00000000
00000000
00000000
00000000
00000000
00000000
00000000
00000000
00000000
00000000
00000000
00000000
00000000
00000000
00000000
00000000
00000000
00000000
00000000
00000000
00000000
00000000
00000000
00000000
00000000
00000000
00000000
00000000
00000000
00000000
00000000
00000000
00000000
00000000
00000000
00000000
00000000
00000000
00000000
00000000
00000000
00000000
00000000
00000000
00000000
00000000
00000000
00000000
00000000
00000000
00000000
00000000
00000000
00000000
00000000
00000000
00000000
00000000
00000000
00000000
00000000
00000000
00000000
00000000
00000000
00000000
00000000
00000000
00000000
00000000
00000000
00000000
00000000
00000000
00000000
00000000
00000000
00000000
00000000
00000000
00000000
00000000
00000000
00000000
00000000
00000000
00000000
00000000
00000000
00000000
00000000
00000000
00000000
00000000
00000000
00000000
