-----
-- MIF ROM 
-- Thu Jun  5 09:55:53 2025
-----

WIDTH=32;
DEPTH=9420;
ADDRESS_RADIX=HEX;
DATA_RADIX=HEX;

CONTENT BEGIN
	0000 : 0040006F;
	0001 : 00000093;
	0002 : 10010117;
	0003 : FF810113;
	0004 : 00000193;
	0005 : 00000213;
	0006 : 00000293;
	0007 : 00000313;
	0008 : 00000393;
	0009 : 00000413;
	000a : 00000493;
	000b : 00000513;
	000c : 00000593;
	000d : 00000613;
	000e : 00000693;
	000f : 00000713;
	0010 : 00000793;
	0011 : 00000813;
	0012 : 00000893;
	0013 : 00000913;
	0014 : 00000993;
	0015 : 00000A13;
	0016 : 00000A93;
	0017 : 00000B13;
	0018 : 00000B93;
	0019 : 00000C13;
	001a : 00000C93;
	001b : 00000D13;
	001c : 00000D93;
	001d : 00000E13;
	001e : 00000E93;
	001f : 00000F13;
	0020 : 00000F93;
	0021 : 645070EF;
	0022 : 0000006F;
	0023 : FC010113;
	0024 : 02112E23;
	0025 : 02512C23;
	0026 : 02612A23;
	0027 : 02712823;
	0028 : 02A12623;
	0029 : 02B12423;
	002a : 02C12223;
	002b : 02D12023;
	002c : 00E12E23;
	002d : 00F12C23;
	002e : 01012A23;
	002f : 01112823;
	0030 : 01C12623;
	0031 : 01D12423;
	0032 : 01E12223;
	0033 : 01F12023;
	0034 : 1000F537;
	0035 : 92C50513;
	0036 : 0F8060EF;
	0037 : 1000F537;
	0038 : E7450513;
	0039 : 0EC060EF;
	003a : 03C12083;
	003b : 03812283;
	003c : 03412303;
	003d : 03012383;
	003e : 02C12503;
	003f : 02812583;
	0040 : 02412603;
	0041 : 02012683;
	0042 : 01C12703;
	0043 : 01812783;
	0044 : 01412803;
	0045 : 01012883;
	0046 : 00C12E03;
	0047 : 00812E83;
	0048 : 00412F03;
	0049 : 00012F83;
	004a : 04010113;
	004b : 30200073;
	004c : 08C00793;
	004d : 30579073;
	004e : 00800793;
	004f : 30079073;
	0050 : 000017B7;
	0051 : 80078793;
	0052 : 30479073;
	0053 : 00008067;
	0054 : 0FF67793;
	0055 : 00100713;
	0056 : 10001637;
	0057 : 5B460613;
	0058 : 00100693;
	0059 : 02F77863;
	005a : 00062703;
	005b : 02E57863;
	005c : FFF78793;
	005d : 0FF7F793;
	005e : 00460613;
	005f : FED796E3;
	0060 : 00000713;
	0061 : 00170713;
	0062 : 00E58833;
	0063 : 03000893;
	0064 : 0480006F;
	0065 : 10001637;
	0066 : 5B460613;
	0067 : FFF78713;
	0068 : 0FF77713;
	0069 : FE0790E3;
	006a : 00058813;
	006b : 00080023;
	006c : 00008067;
	006d : 40D70733;
	006e : 00178793;
	006f : 0FF7F793;
	0070 : FED77AE3;
	0071 : 00070513;
	0072 : 00158593;
	0073 : FEF58FA3;
	0074 : 00460613;
	0075 : FCB80CE3;
	0076 : 00062683;
	0077 : 00050713;
	0078 : 00088793;
	0079 : FCD578E3;
	007a : FE1FF06F;
	007b : FA010113;
	007c : 02112E23;
	007d : 02812C23;
	007e : 02912A23;
	007f : 03212823;
	0080 : 03312623;
	0081 : 03412423;
	0082 : 03512223;
	0083 : 03612023;
	0084 : 01712E23;
	0085 : 01812C23;
	0086 : 01912A23;
	0087 : 00050313;
	0088 : 04B12223;
	0089 : 04C12423;
	008a : 04D12623;
	008b : 04E12823;
	008c : 04F12A23;
	008d : 05012C23;
	008e : 05112E23;
	008f : 04410793;
	0090 : 00F12623;
	0091 : 00150413;
	0092 : 00054503;
	0093 : 18050463;
	0094 : 02500493;
	0095 : 06300B13;
	0096 : 07800B93;
	0097 : 06400C13;
	0098 : 07300C93;
	0099 : 0180006F;
	009a : 650000EF;
	009b : 00040313;
	009c : 00130413;
	009d : 00034503;
	009e : 14050E63;
	009f : FE9516E3;
	00a0 : 00230993;
	00a1 : 00134783;
	00a2 : 14078663;
	00a3 : 04978463;
	00a4 : 05678A63;
	00a5 : 07778663;
	00a6 : 0F878463;
	00a7 : 00098313;
	00a8 : FD9798E3;
	00a9 : 00C12783;
	00aa : 00478713;
	00ab : 00E12623;
	00ac : 0007A403;
	00ad : 00044503;
	00ae : FA050CE3;
	00af : 00140413;
	00b0 : 5F8000EF;
	00b1 : 00044503;
	00b2 : FE051AE3;
	00b3 : 00098313;
	00b4 : FA1FF06F;
	00b5 : 00048513;
	00b6 : 5E0000EF;
	00b7 : 00098313;
	00b8 : F91FF06F;
	00b9 : 00C12783;
	00ba : 00478713;
	00bb : 00E12623;
	00bc : 0007C503;
	00bd : 5C4000EF;
	00be : 00098313;
	00bf : F75FF06F;
	00c0 : 00C12783;
	00c1 : 00478713;
	00c2 : 00E12623;
	00c3 : 0007A903;
	00c4 : 02090863;
	00c5 : 100007B7;
	00c6 : 01C00413;
	00c7 : 00F00713;
	00c8 : 00F97A63;
	00c9 : FFC40413;
	00ca : 008717B3;
	00cb : 0127F7B3;
	00cc : FE078AE3;
	00cd : 00F00A93;
	00ce : 00900A13;
	00cf : 0280006F;
	00d0 : 03000513;
	00d1 : 574000EF;
	00d2 : 00098313;
	00d3 : F25FF06F;
	00d4 : 05750513;
	00d5 : 0FF57513;
	00d6 : 560000EF;
	00d7 : 06040863;
	00d8 : FFC40413;
	00d9 : 008A9533;
	00da : 01257533;
	00db : 00855533;
	00dc : FEAA60E3;
	00dd : 03050513;
	00de : 0FF57513;
	00df : FDDFF06F;
	00e0 : 00C12783;
	00e1 : 00478713;
	00e2 : 00E12623;
	00e3 : 00A00613;
	00e4 : 00010593;
	00e5 : 0007A503;
	00e6 : DB9FF0EF;
	00e7 : 00014503;
	00e8 : 02050263;
	00e9 : 00000413;
	00ea : 00140413;
	00eb : 0FF47413;
	00ec : 508000EF;
	00ed : 01040793;
	00ee : 002787B3;
	00ef : FF07C503;
	00f0 : FE0514E3;
	00f1 : 00098313;
	00f2 : EA9FF06F;
	00f3 : 00098313;
	00f4 : EA1FF06F;
	00f5 : 03C12083;
	00f6 : 03812403;
	00f7 : 03412483;
	00f8 : 03012903;
	00f9 : 02C12983;
	00fa : 02812A03;
	00fb : 02412A83;
	00fc : 02012B03;
	00fd : 01C12B83;
	00fe : 01812C03;
	00ff : 01412C83;
	0100 : 06010113;
	0101 : 00008067;
	0102 : 00051023;
	0103 : 00051123;
	0104 : 00008067;
	0105 : 00055783;
	0106 : 01079793;
	0107 : 0107D793;
	0108 : 3FF00713;
	0109 : 00E78E63;
	010a : 00055783;
	010b : 00178793;
	010c : 01079793;
	010d : 0107D793;
	010e : 00F51023;
	010f : 00008067;
	0110 : 00051023;
	0111 : 00008067;
	0112 : 00255783;
	0113 : 01079793;
	0114 : 0107D793;
	0115 : 3FF00713;
	0116 : 00E78E63;
	0117 : 00255783;
	0118 : 00178793;
	0119 : 01079793;
	011a : 0107D793;
	011b : 00F51123;
	011c : 00008067;
	011d : 00051123;
	011e : 00008067;
	011f : FF010113;
	0120 : 00112623;
	0121 : 00055703;
	0122 : 00E507B3;
	0123 : 00B78223;
	0124 : F85FF0EF;
	0125 : 00C12083;
	0126 : 01010113;
	0127 : 00008067;
	0128 : FF010113;
	0129 : 00112623;
	012a : 00812423;
	012b : 00255703;
	012c : 00E507B3;
	012d : 0047C403;
	012e : F91FF0EF;
	012f : 00040513;
	0130 : 00C12083;
	0131 : 00812403;
	0132 : 01010113;
	0133 : 00008067;
	0134 : 00055783;
	0135 : 00255703;
	0136 : 40E78533;
	0137 : 00153513;
	0138 : 00008067;
	0139 : FF010113;
	013a : 00112623;
	013b : 00812423;
	013c : 00050413;
	013d : 00055783;
	013e : 00255703;
	013f : 01079793;
	0140 : 0107D793;
	0141 : 02E78263;
	0142 : 00040513;
	0143 : F95FF0EF;
	0144 : 3A8000EF;
	0145 : 00045783;
	0146 : 00245703;
	0147 : 01079793;
	0148 : 0107D793;
	0149 : FEE792E3;
	014a : 00C12083;
	014b : 00812403;
	014c : 01010113;
	014d : 00008067;
	014e : 0FF67793;
	014f : 00100713;
	0150 : 10001637;
	0151 : 5DC60613;
	0152 : 00100693;
	0153 : 02F77863;
	0154 : 00062703;
	0155 : 02E57863;
	0156 : FFF78793;
	0157 : 0FF7F793;
	0158 : 00460613;
	0159 : FED796E3;
	015a : 00000713;
	015b : 00170713;
	015c : 00E58833;
	015d : 03000893;
	015e : 0480006F;
	015f : 10001637;
	0160 : 5DC60613;
	0161 : FFF78713;
	0162 : 0FF77713;
	0163 : FE0790E3;
	0164 : 00058813;
	0165 : 00080023;
	0166 : 00008067;
	0167 : 40D70733;
	0168 : 00178793;
	0169 : 0FF7F793;
	016a : FED77AE3;
	016b : 00070513;
	016c : 00158593;
	016d : FEF58FA3;
	016e : 00460613;
	016f : FCB80CE3;
	0170 : 00062683;
	0171 : 00050713;
	0172 : 00088793;
	0173 : FCD578E3;
	0174 : FE1FF06F;
	0175 : FA010113;
	0176 : 02112E23;
	0177 : 02812C23;
	0178 : 02912A23;
	0179 : 03212823;
	017a : 03312623;
	017b : 03412423;
	017c : 03512223;
	017d : 03612023;
	017e : 01712E23;
	017f : 01812C23;
	0180 : 01912A23;
	0181 : 01A12823;
	0182 : 00050493;
	0183 : 00058513;
	0184 : 04C12423;
	0185 : 04D12623;
	0186 : 04E12823;
	0187 : 04F12A23;
	0188 : 05012C23;
	0189 : 05112E23;
	018a : 04810793;
	018b : 00F12623;
	018c : 00158413;
	018d : 0005C583;
	018e : 1A058263;
	018f : 02500913;
	0190 : 06300B93;
	0191 : 07800C13;
	0192 : 06400C93;
	0193 : 07300D13;
	0194 : 01C0006F;
	0195 : 00048513;
	0196 : E25FF0EF;
	0197 : 00040513;
	0198 : 00150413;
	0199 : 00054583;
	019a : 16058A63;
	019b : FF2594E3;
	019c : 00250A13;
	019d : 00154783;
	019e : 16078263;
	019f : 05278663;
	01a0 : 05778E63;
	01a1 : 07878C63;
	01a2 : 0F978E63;
	01a3 : 000A0513;
	01a4 : FDA798E3;
	01a5 : 00C12783;
	01a6 : 00478713;
	01a7 : 00E12623;
	01a8 : 0007A403;
	01a9 : 00044583;
	01aa : FA058CE3;
	01ab : 00140413;
	01ac : 00048513;
	01ad : DC9FF0EF;
	01ae : 00044583;
	01af : FE0598E3;
	01b0 : 000A0513;
	01b1 : F9DFF06F;
	01b2 : 00090593;
	01b3 : 00048513;
	01b4 : DADFF0EF;
	01b5 : 000A0513;
	01b6 : F89FF06F;
	01b7 : 00C12783;
	01b8 : 00478713;
	01b9 : 00E12623;
	01ba : 0007C583;
	01bb : 00048513;
	01bc : D8DFF0EF;
	01bd : 000A0513;
	01be : F69FF06F;
	01bf : 00C12783;
	01c0 : 00478713;
	01c1 : 00E12623;
	01c2 : 0007A983;
	01c3 : 02098863;
	01c4 : 100007B7;
	01c5 : 01C00413;
	01c6 : 00F00713;
	01c7 : 00F9FA63;
	01c8 : FFC40413;
	01c9 : 008717B3;
	01ca : 0137F7B3;
	01cb : FE078AE3;
	01cc : 00F00B13;
	01cd : 00900A93;
	01ce : 0300006F;
	01cf : 03000593;
	01d0 : 00048513;
	01d1 : D39FF0EF;
	01d2 : 000A0513;
	01d3 : F15FF06F;
	01d4 : 05758593;
	01d5 : 0FF5F593;
	01d6 : 00048513;
	01d7 : D21FF0EF;
	01d8 : 06040A63;
	01d9 : FFC40413;
	01da : 008B15B3;
	01db : 0135F5B3;
	01dc : 0085D5B3;
	01dd : FCBAEEE3;
	01de : 03058593;
	01df : 0FF5F593;
	01e0 : FD9FF06F;
	01e1 : 00C12783;
	01e2 : 00478713;
	01e3 : 00E12623;
	01e4 : 00A00613;
	01e5 : 00010593;
	01e6 : 0007A503;
	01e7 : D9DFF0EF;
	01e8 : 00014583;
	01e9 : 02058463;
	01ea : 00000413;
	01eb : 00140413;
	01ec : 0FF47413;
	01ed : 00048513;
	01ee : CC5FF0EF;
	01ef : 01040793;
	01f0 : 002787B3;
	01f1 : FF07C583;
	01f2 : FE0592E3;
	01f3 : 000A0513;
	01f4 : E91FF06F;
	01f5 : 000A0513;
	01f6 : E89FF06F;
	01f7 : 03C12083;
	01f8 : 03812403;
	01f9 : 03412483;
	01fa : 03012903;
	01fb : 02C12983;
	01fc : 02812A03;
	01fd : 02412A83;
	01fe : 02012B03;
	01ff : 01C12B83;
	0200 : 01812C03;
	0201 : 01412C83;
	0202 : 01012D03;
	0203 : 06010113;
	0204 : 00008067;
	0205 : 00B52023;
	0206 : 00100793;
	0207 : 00F5A223;
	0208 : 00008067;
	0209 : 00052783;
	020a : 00B7AC23;
	020b : 00008067;
	020c : 00052783;
	020d : 00B7AE23;
	020e : 00008067;
	020f : 00052783;
	0210 : 02B7A023;
	0211 : 00008067;
	0212 : 00052783;
	0213 : 02C7A423;
	0214 : 00052783;
	0215 : 02B7A223;
	0216 : 00008067;
	0217 : 00052783;
	0218 : 0047A703;
	0219 : 00259593;
	021a : 00E5E5B3;
	021b : 00B7A223;
	021c : 00008067;
	021d : 00052783;
	021e : 0107A503;
	021f : 00B57533;
	0220 : 00A03533;
	0221 : 00008067;
	0222 : 00052783;
	0223 : 00C7A503;
	0224 : 00008067;
	0225 : 00052783;
	0226 : 00C7A503;
	0227 : 00B57533;
	0228 : 00A03533;
	0229 : 00008067;
	022a : 00B52023;
	022b : 00100793;
	022c : 00F5A023;
	022d : 00008067;
	022e : 10000737;
	022f : 00472783;
	0230 : 0047A783;
	0231 : 0027F793;
	0232 : FE079AE3;
	0233 : 100007B7;
	0234 : 0047A783;
	0235 : 00A7A423;
	0236 : 00008067;
	0237 : 100007B7;
	0238 : 0047A783;
	0239 : 0047A503;
	023a : 00855513;
	023b : 00154513;
	023c : 00157513;
	023d : 00008067;
	023e : 10000737;
	023f : 00472783;
	0240 : 0047A783;
	0241 : 1007F793;
	0242 : FE079AE3;
	0243 : 100007B7;
	0244 : 0047A783;
	0245 : 00C7A503;
	0246 : 0FF57513;
	0247 : 00008067;
	0248 : FE010113;
	0249 : 00112E23;
	024a : 00812C23;
	024b : 00912A23;
	024c : 01212823;
	024d : 01312623;
	024e : 01412423;
	024f : 01512223;
	0250 : 01612023;
	0251 : 00000913;
	0252 : 00000B13;
	0253 : 10000437;
	0254 : 10000A37;
	0255 : 00D00993;
	0256 : 00500A93;
	0257 : 0180006F;
	0258 : 016484B3;
	0259 : 01049B13;
	025a : 010B5B13;
	025b : 00190913;
	025c : 0FF97913;
	025d : 00442783;
	025e : 0047A783;
	025f : 1007F793;
	0260 : FE079AE3;
	0261 : 00442783;
	0262 : 00C7A583;
	0263 : 0FF5F493;
	0264 : 00048593;
	0265 : 00CA0513;
	0266 : 855FF0EF;
	0267 : 03348A63;
	0268 : FD048493;
	0269 : 0FF4F493;
	026a : FA090CE3;
	026b : 002B1793;
	026c : 00FB07B3;
	026d : 00179793;
	026e : 009787B3;
	026f : 01079B13;
	0270 : 010B5B13;
	0271 : 00190913;
	0272 : 0FF97913;
	0273 : FB5914E3;
	0274 : 000B0513;
	0275 : 01C12083;
	0276 : 01812403;
	0277 : 01412483;
	0278 : 01012903;
	0279 : 00C12983;
	027a : 00812A03;
	027b : 00412A83;
	027c : 00012B03;
	027d : 02010113;
	027e : 00008067;
	027f : FD010113;
	0280 : 02112623;
	0281 : 02812423;
	0282 : 02912223;
	0283 : 03212023;
	0284 : 01312E23;
	0285 : 01412C23;
	0286 : 01512A23;
	0287 : 01612823;
	0288 : 01712623;
	0289 : 00000913;
	028a : 00000993;
	028b : 10000437;
	028c : 10000AB7;
	028d : 00D00A13;
	028e : 06000B13;
	028f : 00500B93;
	0290 : 0240006F;
	0291 : FD048493;
	0292 : 0FF4F493;
	0293 : 0500006F;
	0294 : 013484B3;
	0295 : 01049993;
	0296 : 0109D993;
	0297 : 00190913;
	0298 : 0FF97913;
	0299 : 00442783;
	029a : 0047A783;
	029b : 1007F793;
	029c : FE079AE3;
	029d : 00442783;
	029e : 00C7A583;
	029f : 0FF5F493;
	02a0 : 00048593;
	02a1 : 00CA8513;
	02a2 : F64FF0EF;
	02a3 : 03448863;
	02a4 : FA9B7AE3;
	02a5 : FA948493;
	02a6 : 0FF4F493;
	02a7 : FA090AE3;
	02a8 : 00499993;
	02a9 : 009989B3;
	02aa : 01099993;
	02ab : 0109D993;
	02ac : 00190913;
	02ad : 0FF97913;
	02ae : FB7916E3;
	02af : 00098513;
	02b0 : 02C12083;
	02b1 : 02812403;
	02b2 : 02412483;
	02b3 : 02012903;
	02b4 : 01C12983;
	02b5 : 01812A03;
	02b6 : 01412A83;
	02b7 : 01012B03;
	02b8 : 00C12B83;
	02b9 : 03010113;
	02ba : 00008067;
	02bb : 00B52023;
	02bc : 00100793;
	02bd : 00F5A023;
	02be : 00008067;
	02bf : 02059863;
	02c0 : 00052783;
	02c1 : 00C7A623;
	02c2 : 00200693;
	02c3 : 00400793;
	02c4 : 00052703;
	02c5 : 00072603;
	02c6 : 00C7E7B3;
	02c7 : 00F72023;
	02c8 : 00052783;
	02c9 : 00D7A223;
	02ca : 00008067;
	02cb : 00052783;
	02cc : 00C7A823;
	02cd : 00400693;
	02ce : 00800793;
	02cf : FD5FF06F;
	02d0 : 00052783;
	02d1 : 0047A783;
	02d2 : 00B03533;
	02d3 : 00151513;
	02d4 : 00250513;
	02d5 : 00F57533;
	02d6 : 00A03533;
	02d7 : 00008067;
	02d8 : FF010113;
	02d9 : 00112623;
	02da : 00812423;
	02db : 00912223;
	02dc : 00050493;
	02dd : 00058413;
	02de : F85FF0EF;
	02df : 00040593;
	02e0 : 00048513;
	02e1 : FBDFF0EF;
	02e2 : FE050AE3;
	02e3 : 00C12083;
	02e4 : 00812403;
	02e5 : 00412483;
	02e6 : 01010113;
	02e7 : 00008067;
	02e8 : 00B52023;
	02e9 : 00265613;
	02ea : 00C5A423;
	02eb : 00050B23;
	02ec : 00052783;
	02ed : 0007A023;
	02ee : 00008067;
	02ef : 00050693;
	02f0 : 00052783;
	02f1 : 00300713;
	02f2 : 00E7A023;
	02f3 : 00052703;
	02f4 : 00472783;
	02f5 : 0027F793;
	02f6 : FE078CE3;
	02f7 : 00200793;
	02f8 : 00F72223;
	02f9 : 0006A703;
	02fa : 0046C783;
	02fb : 00179793;
	02fc : 00F72623;
	02fd : 0006A783;
	02fe : 00900713;
	02ff : 00E7A023;
	0300 : 0006A703;
	0301 : 00472783;
	0302 : 0027F793;
	0303 : FE078CE3;
	0304 : 00200793;
	0305 : 00F72223;
	0306 : 0006A783;
	0307 : 0047A503;
	0308 : 00457513;
	0309 : 08050663;
	030a : 0156C783;
	030b : 04078463;
	030c : 00000613;
	030d : 00900513;
	030e : 00200593;
	030f : 0006A783;
	0310 : 00C68733;
	0311 : 00574703;
	0312 : 00E7A623;
	0313 : 0006A783;
	0314 : 00A7A023;
	0315 : 0006A703;
	0316 : 00472783;
	0317 : 0027F793;
	0318 : FE078CE3;
	0319 : 00B72223;
	031a : 00160613;
	031b : 0156C783;
	031c : FCF646E3;
	031d : 0166C783;
	031e : 00100513;
	031f : 02079A63;
	0320 : 0006A783;
	0321 : 00500713;
	0322 : 00E7A023;
	0323 : 0006A703;
	0324 : 00472783;
	0325 : 0027F793;
	0326 : FE078CE3;
	0327 : 00200793;
	0328 : 00F72223;
	0329 : 0006A783;
	032a : 0007A023;
	032b : 00100513;
	032c : 00008067;
	032d : 00050693;
	032e : 00052783;
	032f : 00300713;
	0330 : 00E7A023;
	0331 : 00052703;
	0332 : 00472783;
	0333 : 0027F793;
	0334 : FE078CE3;
	0335 : 00200793;
	0336 : 00F72223;
	0337 : 0006A703;
	0338 : 0046C783;
	0339 : 00179793;
	033a : 0017E793;
	033b : 00F72623;
	033c : 0006A783;
	033d : 00900713;
	033e : 00E7A023;
	033f : 0006A703;
	0340 : 00472783;
	0341 : 0027F793;
	0342 : FE078CE3;
	0343 : 00200793;
	0344 : 00F72223;
	0345 : 0006A783;
	0346 : 0047A503;
	0347 : 00457513;
	0348 : 0A050063;
	0349 : 0156C783;
	034a : 04078E63;
	034b : 00000613;
	034c : 00200513;
	034d : 00060593;
	034e : FFF78793;
	034f : 00F627B3;
	0350 : 00579793;
	0351 : 01178793;
	0352 : 0006A703;
	0353 : 00F72023;
	0354 : 0006A703;
	0355 : 00472783;
	0356 : 0027F793;
	0357 : FE078CE3;
	0358 : 00A72223;
	0359 : 0006A783;
	035a : 0107A703;
	035b : 00B687B3;
	035c : 00E782A3;
	035d : 00160613;
	035e : 0FF67613;
	035f : 0156C783;
	0360 : FAF66AE3;
	0361 : 0166C783;
	0362 : 00100513;
	0363 : 02079A63;
	0364 : 0006A783;
	0365 : 00500713;
	0366 : 00E7A023;
	0367 : 0006A703;
	0368 : 00472783;
	0369 : 0027F793;
	036a : FE078CE3;
	036b : 00200793;
	036c : 00F72223;
	036d : 0006A783;
	036e : 0007A023;
	036f : 00100513;
	0370 : 00008067;
	0371 : 00B035B3;
	0372 : 40B005B3;
	0373 : 0415F593;
	0374 : 00060463;
	0375 : 0805E593;
	0376 : 00052783;
	0377 : 00B7A023;
	0378 : 00008067;
	0379 : FF010113;
	037a : 00112623;
	037b : 00812423;
	037c : 00912223;
	037d : 00050413;
	037e : 00B50223;
	037f : FFD00793;
	0380 : 00F502A3;
	0381 : 00100793;
	0382 : 00F50323;
	0383 : 00200493;
	0384 : 00950AA3;
	0385 : DA9FF0EF;
	0386 : 04400793;
	0387 : 00F402A3;
	0388 : 00500793;
	0389 : 00F40323;
	038a : 00940AA3;
	038b : 00040513;
	038c : D8DFF0EF;
	038d : 00C12083;
	038e : 00812403;
	038f : 00412483;
	0390 : 01010113;
	0391 : 00008067;
	0392 : FF010113;
	0393 : 00112623;
	0394 : 00812423;
	0395 : 00912223;
	0396 : 01212023;
	0397 : 00050413;
	0398 : 00068493;
	0399 : 00B50223;
	039a : 00865793;
	039b : 00F502A3;
	039c : 00C50323;
	039d : 00200793;
	039e : 00F50AA3;
	039f : 00100913;
	03a0 : 01250B23;
	03a1 : D39FF0EF;
	03a2 : 01250E63;
	03a3 : 00C12083;
	03a4 : 00812403;
	03a5 : 00412483;
	03a6 : 00012903;
	03a7 : 01010113;
	03a8 : 00008067;
	03a9 : 00100793;
	03aa : 00F40AA3;
	03ab : 00040B23;
	03ac : 00040513;
	03ad : E01FF0EF;
	03ae : 00544783;
	03af : 00F48023;
	03b0 : FCDFF06F;
	03b1 : FF010113;
	03b2 : 00112623;
	03b3 : 00B50223;
	03b4 : 00865713;
	03b5 : 00E502A3;
	03b6 : 00C50323;
	03b7 : 00D503A3;
	03b8 : 00300713;
	03b9 : 00E50AA3;
	03ba : CD5FF0EF;
	03bb : 00C12083;
	03bc : 01010113;
	03bd : 00008067;
	03be : FD010113;
	03bf : 02112623;
	03c0 : 02812423;
	03c1 : 02912223;
	03c2 : 03212023;
	03c3 : 01312E23;
	03c4 : 01412C23;
	03c5 : 01512A23;
	03c6 : 00050913;
	03c7 : 00058993;
	03c8 : 02060C63;
	03c9 : 00068413;
	03ca : 00060A13;
	03cb : 00000493;
	03cc : 00100A93;
	03cd : 00444683;
	03ce : 00045603;
	03cf : 00098593;
	03d0 : 00090513;
	03d1 : F81FF0EF;
	03d2 : 01551863;
	03d3 : 00840413;
	03d4 : 00148493;
	03d5 : FF4490E3;
	03d6 : 00F10693;
	03d7 : 00A00613;
	03d8 : 00098593;
	03d9 : 00090513;
	03da : EE1FF0EF;
	03db : 00F14403;
	03dc : 00146693;
	03dd : 00A00613;
	03de : 00098593;
	03df : 00090513;
	03e0 : F45FF0EF;
	03e1 : 0FE47693;
	03e2 : 00A00613;
	03e3 : 00098593;
	03e4 : 00090513;
	03e5 : F31FF0EF;
	03e6 : 02C12083;
	03e7 : 02812403;
	03e8 : 02412483;
	03e9 : 02012903;
	03ea : 01C12983;
	03eb : 01812A03;
	03ec : 01412A83;
	03ed : 03010113;
	03ee : 00008067;
	03ef : FD010113;
	03f0 : 02112623;
	03f1 : 02812423;
	03f2 : 02912223;
	03f3 : 03212023;
	03f4 : 01312E23;
	03f5 : 00050493;
	03f6 : 00058913;
	03f7 : 00068993;
	03f8 : 00200793;
	03f9 : 11200413;
	03fa : 02F60063;
	03fb : 00300793;
	03fc : 11A00413;
	03fd : 00F60A63;
	03fe : 00100793;
	03ff : 10A00413;
	0400 : 00F60463;
	0401 : 10200413;
	0402 : 00F10693;
	0403 : 00040613;
	0404 : 00090593;
	0405 : 00048513;
	0406 : E31FF0EF;
	0407 : 02098C63;
	0408 : 00F14683;
	0409 : 0FD6F693;
	040a : 00040613;
	040b : 00090593;
	040c : 00048513;
	040d : E91FF0EF;
	040e : 02C12083;
	040f : 02812403;
	0410 : 02412483;
	0411 : 02012903;
	0412 : 01C12983;
	0413 : 03010113;
	0414 : 00008067;
	0415 : 00F14683;
	0416 : 0026E693;
	0417 : FCDFF06F;
	0418 : FE010113;
	0419 : 00112E23;
	041a : 00812C23;
	041b : 00912A23;
	041c : 01212823;
	041d : 01312623;
	041e : 01412423;
	041f : 00050913;
	0420 : 00058993;
	0421 : 00060413;
	0422 : 00068493;
	0423 : 00000693;
	0424 : F2DFF0EF;
	0425 : 00200793;
	0426 : 11000A13;
	0427 : 02F40063;
	0428 : 00300793;
	0429 : 11800A13;
	042a : 00F40A63;
	042b : 00100793;
	042c : 10800A13;
	042d : 00F40463;
	042e : 10000A13;
	042f : 0FF4F693;
	0430 : 000A0613;
	0431 : 00098593;
	0432 : 00090513;
	0433 : DF9FF0EF;
	0434 : 0084D693;
	0435 : 0806E693;
	0436 : 001A0613;
	0437 : 00098593;
	0438 : 00090513;
	0439 : DE1FF0EF;
	043a : 00050493;
	043b : 00100693;
	043c : 00040613;
	043d : 00098593;
	043e : 00090513;
	043f : EC1FF0EF;
	0440 : 00048513;
	0441 : 01C12083;
	0442 : 01812403;
	0443 : 01412483;
	0444 : 01012903;
	0445 : 00C12983;
	0446 : 00812A03;
	0447 : 02010113;
	0448 : 00008067;
	0449 : FF010113;
	044a : 00112623;
	044b : 00812423;
	044c : 00912223;
	044d : 01212023;
	044e : 00050493;
	044f : 00058913;
	0450 : 00060413;
	0451 : 0FF67693;
	0452 : 0C800613;
	0453 : D79FF0EF;
	0454 : 00845693;
	0455 : 0FF6F693;
	0456 : 0C900613;
	0457 : 00090593;
	0458 : 00048513;
	0459 : D61FF0EF;
	045a : 01045693;
	045b : 0FF6F693;
	045c : 0CA00613;
	045d : 00090593;
	045e : 00048513;
	045f : D49FF0EF;
	0460 : 01845693;
	0461 : 0CB00613;
	0462 : 00090593;
	0463 : 00048513;
	0464 : D35FF0EF;
	0465 : 00C12083;
	0466 : 00812403;
	0467 : 00412483;
	0468 : 00012903;
	0469 : 01010113;
	046a : 00008067;
	046b : 00459793;
	046c : 00659713;
	046d : 00E7E7B3;
	046e : 00A7E7B3;
	046f : 00C59713;
	0470 : 00E7E7B3;
	0471 : 00E59593;
	0472 : 00B7E7B3;
	0473 : 00251713;
	0474 : 00E7E7B3;
	0475 : 00851713;
	0476 : 00E7E7B3;
	0477 : 00A51513;
	0478 : 00A7E533;
	0479 : 01051513;
	047a : 01055513;
	047b : 00008067;
	047c : FF010113;
	047d : 00112623;
	047e : 00812423;
	047f : 00912223;
	0480 : 01212023;
	0481 : 00050413;
	0482 : 00068493;
	0483 : 00B50223;
	0484 : 00C502A3;
	0485 : 00865613;
	0486 : 00C50323;
	0487 : 00200793;
	0488 : 00F50AA3;
	0489 : 00100913;
	048a : 01250B23;
	048b : 991FF0EF;
	048c : 01250E63;
	048d : 00C12083;
	048e : 00812403;
	048f : 00412483;
	0490 : 00012903;
	0491 : 01010113;
	0492 : 00008067;
	0493 : 00400793;
	0494 : 00F40AA3;
	0495 : 00040B23;
	0496 : 00040513;
	0497 : A59FF0EF;
	0498 : 00544783;
	0499 : 00F4A023;
	049a : 00644703;
	049b : 00871713;
	049c : 00F76733;
	049d : 00E4A023;
	049e : 00744783;
	049f : 01079793;
	04a0 : 00E7E7B3;
	04a1 : 00F4A023;
	04a2 : 00844703;
	04a3 : 01871713;
	04a4 : 00F767B3;
	04a5 : 00F4A023;
	04a6 : F9DFF06F;
	04a7 : FF010113;
	04a8 : 00112623;
	04a9 : 00B50223;
	04aa : 00C502A3;
	04ab : 00865613;
	04ac : 00C50323;
	04ad : 00D503A3;
	04ae : 0086D713;
	04af : 00E50423;
	04b0 : 0106D713;
	04b1 : 00E504A3;
	04b2 : 0186D693;
	04b3 : 00D50523;
	04b4 : 00600713;
	04b5 : 00E50AA3;
	04b6 : 8E5FF0EF;
	04b7 : 00C12083;
	04b8 : 01010113;
	04b9 : 00008067;
	04ba : FE010113;
	04bb : 00112E23;
	04bc : 00812C23;
	04bd : 00912A23;
	04be : 01212823;
	04bf : 00050413;
	04c0 : 00058493;
	04c1 : 00060913;
	04c2 : 00C10693;
	04c3 : 50400613;
	04c4 : EE1FF0EF;
	04c5 : 00C12683;
	04c6 : 02090863;
	04c7 : 0486E693;
	04c8 : 50400613;
	04c9 : 00048593;
	04ca : 00040513;
	04cb : F71FF0EF;
	04cc : 01C12083;
	04cd : 01812403;
	04ce : 01412483;
	04cf : 01012903;
	04d0 : 02010113;
	04d1 : 00008067;
	04d2 : FBF6F693;
	04d3 : 0086E693;
	04d4 : FD1FF06F;
	04d5 : FE010113;
	04d6 : 00112E23;
	04d7 : 00812C23;
	04d8 : 00912A23;
	04d9 : 01212823;
	04da : 00050413;
	04db : 00058493;
	04dc : 00C10693;
	04dd : 50400613;
	04de : E79FF0EF;
	04df : 00C12903;
	04e0 : 40096693;
	04e1 : 50400613;
	04e2 : 00048593;
	04e3 : 00040513;
	04e4 : F0DFF0EF;
	04e5 : BFF97693;
	04e6 : 50400613;
	04e7 : 00048593;
	04e8 : 00040513;
	04e9 : EF9FF0EF;
	04ea : 01C12083;
	04eb : 01812403;
	04ec : 01412483;
	04ed : 01012903;
	04ee : 02010113;
	04ef : 00008067;
	04f0 : FE010113;
	04f1 : 00112E23;
	04f2 : 00812C23;
	04f3 : 00912A23;
	04f4 : 00050413;
	04f5 : 00058493;
	04f6 : 00C10693;
	04f7 : 35000613;
	04f8 : E11FF0EF;
	04f9 : 00C12683;
	04fa : FEF6F693;
	04fb : 35000613;
	04fc : 00048593;
	04fd : 00040513;
	04fe : EA5FF0EF;
	04ff : 01C12083;
	0500 : 01812403;
	0501 : 01412483;
	0502 : 02010113;
	0503 : 00008067;
	0504 : FF010113;
	0505 : 00112623;
	0506 : 333326B7;
	0507 : A5068693;
	0508 : 24C00613;
	0509 : E79FF0EF;
	050a : 00C12083;
	050b : 01010113;
	050c : 00008067;
	050d : FE010113;
	050e : 00112E23;
	050f : 00812C23;
	0510 : 00912A23;
	0511 : 01212823;
	0512 : 00050413;
	0513 : 00058493;
	0514 : 00C10693;
	0515 : 50400613;
	0516 : D99FF0EF;
	0517 : 00C12903;
	0518 : 40096693;
	0519 : 50400613;
	051a : 00048593;
	051b : 00040513;
	051c : E2DFF0EF;
	051d : BFF97693;
	051e : 50400613;
	051f : 00048593;
	0520 : 00040513;
	0521 : E19FF0EF;
	0522 : 01C12083;
	0523 : 01812403;
	0524 : 01412483;
	0525 : 01012903;
	0526 : 02010113;
	0527 : 00008067;
	0528 : FE010113;
	0529 : 00112E23;
	052a : 00812C23;
	052b : 00912A23;
	052c : 01212823;
	052d : 00050413;
	052e : 00058493;
	052f : 00C10693;
	0530 : 15000613;
	0531 : D2DFF0EF;
	0532 : 00C12903;
	0533 : 000086B7;
	0534 : 00D966B3;
	0535 : 15000613;
	0536 : 00048593;
	0537 : 00040513;
	0538 : DBDFF0EF;
	0539 : FFFF86B7;
	053a : FFF68693;
	053b : 00D976B3;
	053c : 15000613;
	053d : 00048593;
	053e : 00040513;
	053f : DA1FF0EF;
	0540 : 01C12083;
	0541 : 01812403;
	0542 : 01412483;
	0543 : 01012903;
	0544 : 02010113;
	0545 : 00008067;
	0546 : FE010113;
	0547 : 00112E23;
	0548 : 00812C23;
	0549 : 00912A23;
	054a : 01212823;
	054b : 00050413;
	054c : 00058493;
	054d : 00060913;
	054e : 00C10693;
	054f : 00001637;
	0550 : 90860613;
	0551 : CADFF0EF;
	0552 : 04090063;
	0553 : 00C12683;
	0554 : FFFFF7B7;
	0555 : 7FF78793;
	0556 : 00F6F6B3;
	0557 : 00001637;
	0558 : 90860613;
	0559 : 00048593;
	055a : 00040513;
	055b : D31FF0EF;
	055c : 01C12083;
	055d : 01812403;
	055e : 01412483;
	055f : 01012903;
	0560 : 02010113;
	0561 : 00008067;
	0562 : 00C12683;
	0563 : 000017B7;
	0564 : 80078793;
	0565 : 00F6E6B3;
	0566 : FC5FF06F;
	0567 : FE010113;
	0568 : 00112E23;
	0569 : 00812C23;
	056a : 00912A23;
	056b : 01212823;
	056c : 00050413;
	056d : 00058493;
	056e : 00C10693;
	056f : 00001937;
	0570 : 90890613;
	0571 : C2DFF0EF;
	0572 : 00C12683;
	0573 : FFFFF7B7;
	0574 : 7FF78793;
	0575 : 00F6F6B3;
	0576 : 90890613;
	0577 : 00048593;
	0578 : 00040513;
	0579 : CB9FF0EF;
	057a : 00000693;
	057b : 92C90613;
	057c : 00048593;
	057d : 00040513;
	057e : CA5FF0EF;
	057f : 555506B7;
	0580 : 50568693;
	0581 : 91090613;
	0582 : 00048593;
	0583 : 00040513;
	0584 : C8DFF0EF;
	0585 : 5A5A16B7;
	0586 : A0A68693;
	0587 : 91490613;
	0588 : 00048593;
	0589 : 00040513;
	058a : C75FF0EF;
	058b : 5F5FB6B7;
	058c : AAA68693;
	058d : 91890613;
	058e : 00048593;
	058f : 00040513;
	0590 : C5DFF0EF;
	0591 : FFFFB6B7;
	0592 : FAF68693;
	0593 : 91C90613;
	0594 : 00048593;
	0595 : 00040513;
	0596 : C45FF0EF;
	0597 : 01C12083;
	0598 : 01812403;
	0599 : 01412483;
	059a : 01012903;
	059b : 02010113;
	059c : 00008067;
	059d : FD010113;
	059e : 02112623;
	059f : 02812423;
	05a0 : 02912223;
	05a1 : 03212023;
	05a2 : 01312E23;
	05a3 : 01412C23;
	05a4 : 00050493;
	05a5 : 00058913;
	05a6 : 00060413;
	05a7 : 00068A13;
	05a8 : 00C10693;
	05a9 : 000019B7;
	05aa : 90898613;
	05ab : B45FF0EF;
	05ac : 00C12683;
	05ad : 4006E693;
	05ae : 00D12623;
	05af : 90898613;
	05b0 : 00090593;
	05b1 : 00048513;
	05b2 : BD5FF0EF;
	05b3 : 00C10693;
	05b4 : 90498613;
	05b5 : 00090593;
	05b6 : 00048513;
	05b7 : B15FF0EF;
	05b8 : 00AA1793;
	05b9 : 00EA1713;
	05ba : 00E7E7B3;
	05bb : 00C12703;
	05bc : FF0006B7;
	05bd : 0FF68693;
	05be : 00D77733;
	05bf : 00E7E7B3;
	05c0 : 012A1713;
	05c1 : 00E7E7B3;
	05c2 : 016A1A13;
	05c3 : 0147E7B3;
	05c4 : 00841713;
	05c5 : 00E7E7B3;
	05c6 : 00C41713;
	05c7 : 00E7E7B3;
	05c8 : 01041713;
	05c9 : 00E7E7B3;
	05ca : 01441693;
	05cb : 00D7E6B3;
	05cc : 90498613;
	05cd : 00090593;
	05ce : 00048513;
	05cf : B61FF0EF;
	05d0 : 02C12083;
	05d1 : 02812403;
	05d2 : 02412483;
	05d3 : 02012903;
	05d4 : 01C12983;
	05d5 : 01812A03;
	05d6 : 03010113;
	05d7 : 00008067;
	05d8 : FE010113;
	05d9 : 00112E23;
	05da : 00812C23;
	05db : 00912A23;
	05dc : 01212823;
	05dd : 00050413;
	05de : 00058493;
	05df : 00012623;
	05e0 : 02060A63;
	05e1 : 00060913;
	05e2 : 00C10693;
	05e3 : 00001637;
	05e4 : 90060613;
	05e5 : A5DFF0EF;
	05e6 : 00100793;
	05e7 : 02F91E63;
	05e8 : 00C12683;
	05e9 : FFFF87B7;
	05ea : FFF78793;
	05eb : 00F6F6B3;
	05ec : 0340006F;
	05ed : 00000693;
	05ee : 00001937;
	05ef : A0090613;
	05f0 : ADDFF0EF;
	05f1 : 00C10693;
	05f2 : 90090613;
	05f3 : 00048593;
	05f4 : 00040513;
	05f5 : A1DFF0EF;
	05f6 : 000086B7;
	05f7 : 00C12783;
	05f8 : 00F6E6B3;
	05f9 : 00001637;
	05fa : 90060613;
	05fb : 00048593;
	05fc : 00040513;
	05fd : AA9FF0EF;
	05fe : 01C12083;
	05ff : 01812403;
	0600 : 01412483;
	0601 : 01012903;
	0602 : 02010113;
	0603 : 00008067;
	0604 : FF010113;
	0605 : 00112623;
	0606 : 00812423;
	0607 : 00912223;
	0608 : 00050413;
	0609 : 00058493;
	060a : 00000613;
	060b : ABDFF0EF;
	060c : 00100613;
	060d : 00048593;
	060e : 00040513;
	060f : AADFF0EF;
	0610 : 00048593;
	0611 : 00040513;
	0612 : B0DFF0EF;
	0613 : 00048593;
	0614 : 00040513;
	0615 : B6DFF0EF;
	0616 : 00048593;
	0617 : 00040513;
	0618 : BB1FF0EF;
	0619 : 00100613;
	061a : 00048593;
	061b : 00040513;
	061c : CA9FF0EF;
	061d : 00100693;
	061e : 00100613;
	061f : 00048593;
	0620 : 00040513;
	0621 : DF1FF0EF;
	0622 : 00000613;
	0623 : 00048593;
	0624 : 00040513;
	0625 : ECDFF0EF;
	0626 : 00C12083;
	0627 : 00812403;
	0628 : 00412483;
	0629 : 01010113;
	062a : 00008067;
	062b : FE010113;
	062c : 00112E23;
	062d : 00812C23;
	062e : 00912A23;
	062f : 00050413;
	0630 : 00058493;
	0631 : 00C10693;
	0632 : 30C00613;
	0633 : 925FF0EF;
	0634 : 800006B7;
	0635 : 00C12783;
	0636 : 00F6E6B3;
	0637 : 30C00613;
	0638 : 00048593;
	0639 : 00040513;
	063a : 9B5FF0EF;
	063b : 01C12083;
	063c : 01812403;
	063d : 01412483;
	063e : 02010113;
	063f : 00008067;
	0640 : FE010113;
	0641 : 00112E23;
	0642 : 00812C23;
	0643 : 00912A23;
	0644 : 00050413;
	0645 : 00058493;
	0646 : 00C10693;
	0647 : 15000613;
	0648 : 8D1FF0EF;
	0649 : 001006B7;
	064a : 00C12783;
	064b : 00F6E6B3;
	064c : 00D12623;
	064d : 15000613;
	064e : 00048593;
	064f : 00040513;
	0650 : 95DFF0EF;
	0651 : 00C10693;
	0652 : 66800613;
	0653 : 00048593;
	0654 : 00040513;
	0655 : 89DFF0EF;
	0656 : 00C12683;
	0657 : 0016E693;
	0658 : 00D12623;
	0659 : 66800613;
	065a : 00048593;
	065b : 00040513;
	065c : 92DFF0EF;
	065d : 00C10693;
	065e : 67400613;
	065f : 00048593;
	0660 : 00040513;
	0661 : 86DFF0EF;
	0662 : 00C12683;
	0663 : 0016E693;
	0664 : 00D12623;
	0665 : 67400613;
	0666 : 00048593;
	0667 : 00040513;
	0668 : 8FDFF0EF;
	0669 : 00C10693;
	066a : 68000613;
	066b : 00048593;
	066c : 00040513;
	066d : 83DFF0EF;
	066e : 00C12683;
	066f : FFF107B7;
	0670 : FFF78793;
	0671 : 00F6F6B3;
	0672 : 000707B7;
	0673 : 00F6E6B3;
	0674 : 00D12623;
	0675 : 68000613;
	0676 : 00048593;
	0677 : 00040513;
	0678 : 8BDFF0EF;
	0679 : 00C10693;
	067a : 60400613;
	067b : 00048593;
	067c : 00040513;
	067d : FFCFF0EF;
	067e : 00C12683;
	067f : 0046E693;
	0680 : 00D12623;
	0681 : 60400613;
	0682 : 00048593;
	0683 : 00040513;
	0684 : 88DFF0EF;
	0685 : 00C10693;
	0686 : 68400613;
	0687 : 00048593;
	0688 : 00040513;
	0689 : FCCFF0EF;
	068a : 00C12683;
	068b : FBF6F693;
	068c : 68400613;
	068d : 00048593;
	068e : 00040513;
	068f : 861FF0EF;
	0690 : 01C12083;
	0691 : 01812403;
	0692 : 01412483;
	0693 : 02010113;
	0694 : 00008067;
	0695 : FE010113;
	0696 : 00112E23;
	0697 : 00812C23;
	0698 : 00912A23;
	0699 : 01212823;
	069a : 00050413;
	069b : 00058493;
	069c : 00060913;
	069d : 00C10693;
	069e : 63000613;
	069f : F74FF0EF;
	06a0 : 00C12683;
	06a1 : 8C06F693;
	06a2 : 0126E6B3;
	06a3 : 4006E693;
	06a4 : 63000613;
	06a5 : 00048593;
	06a6 : 00040513;
	06a7 : 801FF0EF;
	06a8 : 01C12083;
	06a9 : 01812403;
	06aa : 01412483;
	06ab : 01012903;
	06ac : 02010113;
	06ad : 00008067;
	06ae : FD010113;
	06af : 02112623;
	06b0 : 02812423;
	06b1 : 02912223;
	06b2 : 03212023;
	06b3 : 01312E23;
	06b4 : 00050493;
	06b5 : 00058913;
	06b6 : 00060993;
	06b7 : 00068413;
	06b8 : 00C10693;
	06b9 : 72000613;
	06ba : F08FF0EF;
	06bb : 01899793;
	06bc : 01A99713;
	06bd : 00E7E7B3;
	06be : 00C12703;
	06bf : 00871713;
	06c0 : 00875713;
	06c1 : 00E7E7B3;
	06c2 : 01C99713;
	06c3 : 00E7E7B3;
	06c4 : 01E99993;
	06c5 : 0137E6B3;
	06c6 : 00D12623;
	06c7 : 72000613;
	06c8 : 00090593;
	06c9 : 00048513;
	06ca : F74FF0EF;
	06cb : 00C10693;
	06cc : 72400613;
	06cd : 00090593;
	06ce : 00048513;
	06cf : EB4FF0EF;
	06d0 : 00C12783;
	06d1 : F007F793;
	06d2 : 0087E7B3;
	06d3 : 00241713;
	06d4 : 00E7E7B3;
	06d5 : 00441713;
	06d6 : 00E7E7B3;
	06d7 : 00641693;
	06d8 : 00D7E6B3;
	06d9 : 72400613;
	06da : 00090593;
	06db : 00048513;
	06dc : F2CFF0EF;
	06dd : 02C12083;
	06de : 02812403;
	06df : 02412483;
	06e0 : 02012903;
	06e1 : 01C12983;
	06e2 : 03010113;
	06e3 : 00008067;
	06e4 : FE010113;
	06e5 : 00112E23;
	06e6 : 00812C23;
	06e7 : 00060413;
	06e8 : 00C10693;
	06e9 : E4CFF0EF;
	06ea : 00C12603;
	06eb : 00040593;
	06ec : 10000537;
	06ed : 01050513;
	06ee : E34FE0EF;
	06ef : 01C12083;
	06f0 : 01812403;
	06f1 : 02010113;
	06f2 : 00008067;
	06f3 : FF010113;
	06f4 : 00112623;
	06f5 : 00812423;
	06f6 : 00912223;
	06f7 : 01212023;
	06f8 : 00050413;
	06f9 : 00068493;
	06fa : 00B50223;
	06fb : 00C502A3;
	06fc : 00865613;
	06fd : 00C50323;
	06fe : 00200793;
	06ff : 00F50AA3;
	0700 : 00100913;
	0701 : 01250B23;
	0702 : FB5FE0EF;
	0703 : 01250E63;
	0704 : 00C12083;
	0705 : 00812403;
	0706 : 00412483;
	0707 : 00012903;
	0708 : 01010113;
	0709 : 00008067;
	070a : 00400793;
	070b : 00F40AA3;
	070c : 00040B23;
	070d : 00040513;
	070e : 87CFF0EF;
	070f : 00544783;
	0710 : 00F4A023;
	0711 : 00644703;
	0712 : 00871713;
	0713 : 00F76733;
	0714 : 00E4A023;
	0715 : 00744783;
	0716 : 01079793;
	0717 : 00E7E7B3;
	0718 : 00F4A023;
	0719 : 00844703;
	071a : 01871713;
	071b : 00F767B3;
	071c : 00F4A023;
	071d : F9DFF06F;
	071e : FE010113;
	071f : 00112E23;
	0720 : 00812C23;
	0721 : 00912A23;
	0722 : 01212823;
	0723 : 00C10693;
	0724 : 51000613;
	0725 : F39FF0EF;
	0726 : 00050493;
	0727 : 00C12583;
	0728 : 0085D913;
	0729 : 01C5F413;
	072a : 10000537;
	072b : 03450513;
	072c : D3CFE0EF;
	072d : 0FF97713;
	072e : 03200793;
	072f : 04F70063;
	0730 : 0FF97593;
	0731 : 10000537;
	0732 : 05050513;
	0733 : D20FE0EF;
	0734 : 00040593;
	0735 : 10000537;
	0736 : 06050513;
	0737 : D10FE0EF;
	0738 : 00048513;
	0739 : 01C12083;
	073a : 01812403;
	073b : 01412483;
	073c : 01012903;
	073d : 02010113;
	073e : 00008067;
	073f : 10000537;
	0740 : 04C50513;
	0741 : CE8FE0EF;
	0742 : FC9FF06F;
	0743 : FF010113;
	0744 : 00112623;
	0745 : 00B50223;
	0746 : 00C502A3;
	0747 : 00865613;
	0748 : 00C50323;
	0749 : 00D503A3;
	074a : 0086D713;
	074b : 00E50423;
	074c : 0106D713;
	074d : 00E504A3;
	074e : 0186D693;
	074f : 00D50523;
	0750 : 00600713;
	0751 : 00E50AA3;
	0752 : E75FE0EF;
	0753 : 00C12083;
	0754 : 01010113;
	0755 : 00008067;
	0756 : FF010113;
	0757 : 00112623;
	0758 : 000176B7;
	0759 : 00E68693;
	075a : 50400613;
	075b : FA1FF0EF;
	075c : 00C12083;
	075d : 01010113;
	075e : 00008067;
	075f : FF010113;
	0760 : 00112623;
	0761 : 00812423;
	0762 : 00912223;
	0763 : 01212023;
	0764 : 00050413;
	0765 : 00058493;
	0766 : 00017937;
	0767 : 15E90693;
	0768 : 50400613;
	0769 : F69FF0EF;
	076a : 05E90693;
	076b : 50400613;
	076c : 00048593;
	076d : 00040513;
	076e : F55FF0EF;
	076f : 00C12083;
	0770 : 00812403;
	0771 : 00412483;
	0772 : 00012903;
	0773 : 01010113;
	0774 : 00008067;
	0775 : FF010113;
	0776 : 00112623;
	0777 : 00812423;
	0778 : 00912223;
	0779 : 00050413;
	077a : 00058493;
	077b : 01000693;
	077c : 35000613;
	077d : F19FF0EF;
	077e : 198916B7;
	077f : F0F68693;
	0780 : 00002637;
	0781 : 61460613;
	0782 : 00048593;
	0783 : 00040513;
	0784 : EFDFF0EF;
	0785 : 00C12083;
	0786 : 00812403;
	0787 : 00412483;
	0788 : 01010113;
	0789 : 00008067;
	078a : FF010113;
	078b : 00112623;
	078c : 00812423;
	078d : 00912223;
	078e : 01212023;
	078f : 00050413;
	0790 : 00058493;
	0791 : 222226B7;
	0792 : A5068693;
	0793 : 24C00613;
	0794 : EBDFF0EF;
	0795 : 00001937;
	0796 : 86690693;
	0797 : 90890613;
	0798 : 00048593;
	0799 : 00040513;
	079a : EA5FF0EF;
	079b : 040206B7;
	079c : 90C90613;
	079d : 00048593;
	079e : 00040513;
	079f : E91FF0EF;
	07a0 : 50000693;
	07a1 : 00002937;
	07a2 : 34090613;
	07a3 : 00048593;
	07a4 : 00040513;
	07a5 : E79FF0EF;
	07a6 : 50000693;
	07a7 : 54090613;
	07a8 : 00048593;
	07a9 : 00040513;
	07aa : E65FF0EF;
	07ab : 00C12083;
	07ac : 00812403;
	07ad : 00412483;
	07ae : 00012903;
	07af : 01010113;
	07b0 : 00008067;
	07b1 : FF010113;
	07b2 : 00112623;
	07b3 : 00812423;
	07b4 : 00912223;
	07b5 : 00050413;
	07b6 : 00058493;
	07b7 : 60100693;
	07b8 : 1D800613;
	07b9 : E29FF0EF;
	07ba : 000056B7;
	07bb : 01168693;
	07bc : 66000613;
	07bd : 00048593;
	07be : 00040513;
	07bf : E11FF0EF;
	07c0 : 00100693;
	07c1 : 67C00613;
	07c2 : 00048593;
	07c3 : 00040513;
	07c4 : DFDFF0EF;
	07c5 : 00C12083;
	07c6 : 00812403;
	07c7 : 00412483;
	07c8 : 01010113;
	07c9 : 00008067;
	07ca : FF010113;
	07cb : 00112623;
	07cc : 00812423;
	07cd : 00912223;
	07ce : 00050413;
	07cf : 00058493;
	07d0 : D39FF0EF;
	07d1 : 00048593;
	07d2 : 00040513;
	07d3 : E0DFF0EF;
	07d4 : 00048593;
	07d5 : 00040513;
	07d6 : E25FF0EF;
	07d7 : 00048593;
	07d8 : 00040513;
	07d9 : E71FF0EF;
	07da : 00048593;
	07db : 00040513;
	07dc : EB9FF0EF;
	07dd : 00048593;
	07de : 00040513;
	07df : F49FF0EF;
	07e0 : 00C12083;
	07e1 : 00812403;
	07e2 : 00412483;
	07e3 : 01010113;
	07e4 : 00008067;
	07e5 : FF010113;
	07e6 : 00112623;
	07e7 : 46600693;
	07e8 : 00001637;
	07e9 : 90860613;
	07ea : D65FF0EF;
	07eb : 00C12083;
	07ec : 01010113;
	07ed : 00008067;
	07ee : FD010113;
	07ef : 02112623;
	07f0 : 02812423;
	07f1 : 02912223;
	07f2 : 03212023;
	07f3 : 01312E23;
	07f4 : 01412C23;
	07f5 : 00050493;
	07f6 : 00058913;
	07f7 : 00060413;
	07f8 : 00068A13;
	07f9 : 00C10693;
	07fa : 000019B7;
	07fb : 90498613;
	07fc : BDDFF0EF;
	07fd : 00AA1793;
	07fe : 00EA1713;
	07ff : 00E7E7B3;
	0800 : 00C12703;
	0801 : FF0006B7;
	0802 : 0FF68693;
	0803 : 00D77733;
	0804 : 00E7E7B3;
	0805 : 012A1713;
	0806 : 00E7E7B3;
	0807 : 016A1A13;
	0808 : 0147E7B3;
	0809 : 00841713;
	080a : 00E7E7B3;
	080b : 00C41713;
	080c : 00E7E7B3;
	080d : 01041713;
	080e : 00E7E7B3;
	080f : 01441693;
	0810 : 00D7E6B3;
	0811 : 90498613;
	0812 : 00090593;
	0813 : 00048513;
	0814 : CBDFF0EF;
	0815 : 02C12083;
	0816 : 02812403;
	0817 : 02412483;
	0818 : 02012903;
	0819 : 01C12983;
	081a : 01812A03;
	081b : 03010113;
	081c : 00008067;
	081d : FE010113;
	081e : 00112E23;
	081f : 00812C23;
	0820 : 00912A23;
	0821 : 01212823;
	0822 : 00050413;
	0823 : 00058493;
	0824 : 00C10693;
	0825 : 15000613;
	0826 : B35FF0EF;
	0827 : 00C12903;
	0828 : 000086B7;
	0829 : 00D966B3;
	082a : 15000613;
	082b : 00048593;
	082c : 00040513;
	082d : C59FF0EF;
	082e : FFFF86B7;
	082f : FFF68693;
	0830 : 00D976B3;
	0831 : 15000613;
	0832 : 00048593;
	0833 : 00040513;
	0834 : C3DFF0EF;
	0835 : 01C12083;
	0836 : 01812403;
	0837 : 01412483;
	0838 : 01012903;
	0839 : 02010113;
	083a : 00008067;
	083b : FE010113;
	083c : 00112E23;
	083d : 00812C23;
	083e : 00060413;
	083f : 00C10693;
	0840 : ACDFF0EF;
	0841 : 00C12603;
	0842 : 00040593;
	0843 : 10000537;
	0844 : 07050513;
	0845 : 8D8FE0EF;
	0846 : 01C12083;
	0847 : 01812403;
	0848 : 02010113;
	0849 : 00008067;
	084a : FF010113;
	084b : 00112623;
	084c : 00812423;
	084d : 00912223;
	084e : 01212023;
	084f : 00050413;
	0850 : 00058913;
	0851 : 00461493;
	0852 : 00C4E4B3;
	0853 : 0FF4F493;
	0854 : 00B50223;
	0855 : 01000793;
	0856 : 00F502A3;
	0857 : 00950323;
	0858 : 00200793;
	0859 : 00F50AA3;
	085a : A55FE0EF;
	085b : 00100793;
	085c : 02F50063;
	085d : 00000513;
	085e : 00C12083;
	085f : 00812403;
	0860 : 00412483;
	0861 : 00012903;
	0862 : 01010113;
	0863 : 00008067;
	0864 : 01240223;
	0865 : 01100793;
	0866 : 00F402A3;
	0867 : 00940323;
	0868 : 00200793;
	0869 : 00F40AA3;
	086a : 00040513;
	086b : A11FE0EF;
	086c : FFF50513;
	086d : 00153513;
	086e : FC1FF06F;
	086f : FF010113;
	0870 : 00112623;
	0871 : 00812423;
	0872 : 00912223;
	0873 : 01212023;
	0874 : 00050413;
	0875 : 00068913;
	0876 : 00B50223;
	0877 : 00C502A3;
	0878 : 00100493;
	0879 : 00950AA3;
	087a : 00950B23;
	087b : 9D1FE0EF;
	087c : 00950E63;
	087d : 00C12083;
	087e : 00812403;
	087f : 00412483;
	0880 : 00012903;
	0881 : 01010113;
	0882 : 00008067;
	0883 : 00100793;
	0884 : 00F40AA3;
	0885 : 00040B23;
	0886 : 00040513;
	0887 : A99FE0EF;
	0888 : 00544783;
	0889 : 00F90023;
	088a : FCDFF06F;
	088b : FE010113;
	088c : 00112E23;
	088d : 00812C23;
	088e : 00912A23;
	088f : 00050413;
	0890 : 00058493;
	0891 : 00F10693;
	0892 : 00A00613;
	0893 : F71FF0EF;
	0894 : 00100793;
	0895 : 00F50E63;
	0896 : 00000513;
	0897 : 01C12083;
	0898 : 01812403;
	0899 : 01412483;
	089a : 02010113;
	089b : 00008067;
	089c : 00F14783;
	089d : FFC7F793;
	089e : 01A7E793;
	089f : 00940223;
	08a0 : 00A00713;
	08a1 : 00E402A3;
	08a2 : 00F40323;
	08a3 : 00200793;
	08a4 : 00F40AA3;
	08a5 : 00040513;
	08a6 : 925FE0EF;
	08a7 : FFF50513;
	08a8 : 00153513;
	08a9 : FB9FF06F;
	08aa : FE010113;
	08ab : 00112E23;
	08ac : 00812C23;
	08ad : 00912A23;
	08ae : 01212823;
	08af : 00050413;
	08b0 : 00058493;
	08b1 : 00060913;
	08b2 : 00F10693;
	08b3 : 01300613;
	08b4 : EEDFF0EF;
	08b5 : 00100793;
	08b6 : 04F51E63;
	08b7 : 04090663;
	08b8 : 00F14783;
	08b9 : 07F7F793;
	08ba : 00940223;
	08bb : 01300713;
	08bc : 00E402A3;
	08bd : 00F40323;
	08be : 00200793;
	08bf : 00F40AA3;
	08c0 : 00040513;
	08c1 : 8B9FE0EF;
	08c2 : FFF50513;
	08c3 : 00153513;
	08c4 : 01C12083;
	08c5 : 01812403;
	08c6 : 01412483;
	08c7 : 01012903;
	08c8 : 02010113;
	08c9 : 00008067;
	08ca : 00F14783;
	08cb : 0807E793;
	08cc : FB9FF06F;
	08cd : 00000513;
	08ce : FD9FF06F;
	08cf : FF010113;
	08d0 : 00112623;
	08d1 : 00812423;
	08d2 : 00912223;
	08d3 : 01212023;
	08d4 : 00050413;
	08d5 : 00058493;
	08d6 : 00060913;
	08d7 : ED1FF0EF;
	08d8 : 00100613;
	08d9 : 00048593;
	08da : 00040513;
	08db : F3DFF0EF;
	08dc : 00090613;
	08dd : 00048593;
	08de : 00040513;
	08df : DADFF0EF;
	08e0 : 00C12083;
	08e1 : 00812403;
	08e2 : 00412483;
	08e3 : 00012903;
	08e4 : 01010113;
	08e5 : 00008067;
	08e6 : FF010113;
	08e7 : 00112623;
	08e8 : 00B50223;
	08e9 : 00C502A3;
	08ea : 00D50323;
	08eb : 00200713;
	08ec : 00E50AA3;
	08ed : 809FE0EF;
	08ee : 00C12083;
	08ef : 01010113;
	08f0 : 00008067;
	08f1 : FF010113;
	08f2 : 00112623;
	08f3 : 00812423;
	08f4 : 00912223;
	08f5 : 01212023;
	08f6 : 00050413;
	08f7 : 00068913;
	08f8 : 00B50223;
	08f9 : 00C502A3;
	08fa : 00100493;
	08fb : 00950AA3;
	08fc : 00950B23;
	08fd : FC8FE0EF;
	08fe : 00950E63;
	08ff : 00C12083;
	0900 : 00812403;
	0901 : 00412483;
	0902 : 00012903;
	0903 : 01010113;
	0904 : 00008067;
	0905 : 00100793;
	0906 : 00F40AA3;
	0907 : 00040B23;
	0908 : 00040513;
	0909 : 891FE0EF;
	090a : 00544783;
	090b : 00F90023;
	090c : FCDFF06F;
	090d : FE010113;
	090e : 00112E23;
	090f : 00812C23;
	0910 : 00912A23;
	0911 : 00050413;
	0912 : 00058493;
	0913 : 00F10693;
	0914 : 0F000613;
	0915 : F71FF0EF;
	0916 : 00F10693;
	0917 : 0F100613;
	0918 : 00048593;
	0919 : 00040513;
	091a : F5DFF0EF;
	091b : 00F14503;
	091c : FD750513;
	091d : 00153513;
	091e : 01C12083;
	091f : 01812403;
	0920 : 01412483;
	0921 : 02010113;
	0922 : 00008067;
	0923 : FE010113;
	0924 : 00112E23;
	0925 : 00812C23;
	0926 : 00912A23;
	0927 : 00050413;
	0928 : 00058493;
	0929 : 00F10693;
	092a : 08400613;
	092b : F19FF0EF;
	092c : 00F14783;
	092d : 0047E793;
	092e : 00940223;
	092f : F8400713;
	0930 : 00E402A3;
	0931 : 00F40323;
	0932 : 00200793;
	0933 : 00F40AA3;
	0934 : 00040513;
	0935 : EE8FE0EF;
	0936 : 01C12083;
	0937 : 01812403;
	0938 : 01412483;
	0939 : 02010113;
	093a : 00008067;
	093b : FF010113;
	093c : 00112623;
	093d : 00812423;
	093e : 00912223;
	093f : 00050413;
	0940 : 00058493;
	0941 : F31FF0EF;
	0942 : 00048593;
	0943 : 00040513;
	0944 : F7DFF0EF;
	0945 : 00C12083;
	0946 : 00812403;
	0947 : 00412483;
	0948 : 01010113;
	0949 : 00008067;
	094a : FF010113;
	094b : 00112623;
	094c : 00B50223;
	094d : 00C502A3;
	094e : 00D50323;
	094f : 00200713;
	0950 : 00E50AA3;
	0951 : E78FE0EF;
	0952 : 00C12083;
	0953 : 01010113;
	0954 : 00008067;
	0955 : FE010113;
	0956 : 00112E23;
	0957 : 00812C23;
	0958 : 00912A23;
	0959 : 01212823;
	095a : 01312623;
	095b : 01412423;
	095c : 01512223;
	095d : 01612023;
	095e : 00050413;
	095f : 00058493;
	0960 : 00B50223;
	0961 : 00A00793;
	0962 : 00F502A3;
	0963 : 01500B13;
	0964 : 01650323;
	0965 : 00200913;
	0966 : 01250AA3;
	0967 : E20FE0EF;
	0968 : 00940223;
	0969 : 00B00793;
	096a : 00F402A3;
	096b : 02300993;
	096c : 01340323;
	096d : 01240AA3;
	096e : 00040513;
	096f : E00FE0EF;
	0970 : 00940223;
	0971 : 00C00793;
	0972 : 00F402A3;
	0973 : 01340323;
	0974 : 01240AA3;
	0975 : 00040513;
	0976 : DE4FE0EF;
	0977 : 00940223;
	0978 : 00E00793;
	0979 : 00F402A3;
	097a : F9700793;
	097b : 00F40323;
	097c : 01240AA3;
	097d : 00040513;
	097e : DC4FE0EF;
	097f : 00940223;
	0980 : 01100A13;
	0981 : 014402A3;
	0982 : 00040323;
	0983 : 01240AA3;
	0984 : 00040513;
	0985 : DA8FE0EF;
	0986 : 00940223;
	0987 : 00900793;
	0988 : 00F402A3;
	0989 : 00040323;
	098a : 01240AA3;
	098b : 00040513;
	098c : D8CFE0EF;
	098d : 00940223;
	098e : 00D00793;
	098f : 00F402A3;
	0990 : 02000A93;
	0991 : 01540323;
	0992 : 01240AA3;
	0993 : 00040513;
	0994 : D6CFE0EF;
	0995 : 00940223;
	0996 : 01200793;
	0997 : 00F402A3;
	0998 : 00300993;
	0999 : 01340323;
	099a : 01240AA3;
	099b : 00040513;
	099c : D4CFE0EF;
	099d : 00940223;
	099e : 01300793;
	099f : 00F402A3;
	09a0 : 00040323;
	09a1 : 01240AA3;
	09a2 : 00040513;
	09a3 : D30FE0EF;
	09a4 : 00940223;
	09a5 : 01400793;
	09a6 : 00F402A3;
	09a7 : 01340323;
	09a8 : 01240AA3;
	09a9 : 00040513;
	09aa : D14FE0EF;
	09ab : 00940223;
	09ac : 016402A3;
	09ad : 01340323;
	09ae : 01240AA3;
	09af : 00040513;
	09b0 : CFCFE0EF;
	09b1 : 00940223;
	09b2 : 01600793;
	09b3 : 00F402A3;
	09b4 : 01340323;
	09b5 : 01240AA3;
	09b6 : 00040513;
	09b7 : CE0FE0EF;
	09b8 : 00940223;
	09b9 : 01700793;
	09ba : 00F402A3;
	09bb : 01340323;
	09bc : 01240AA3;
	09bd : 00040513;
	09be : CC4FE0EF;
	09bf : 00940223;
	09c0 : 01800793;
	09c1 : 00F402A3;
	09c2 : 01340323;
	09c3 : 01240AA3;
	09c4 : 00040513;
	09c5 : CA8FE0EF;
	09c6 : 00940223;
	09c7 : 01900793;
	09c8 : 00F402A3;
	09c9 : 01340323;
	09ca : 01240AA3;
	09cb : 00040513;
	09cc : C8CFE0EF;
	09cd : 00940223;
	09ce : 015402A3;
	09cf : 00040323;
	09d0 : 01240AA3;
	09d1 : 00040513;
	09d2 : C74FE0EF;
	09d3 : 00940223;
	09d4 : 03100793;
	09d5 : 00F402A3;
	09d6 : 00040323;
	09d7 : 01240AA3;
	09d8 : 00040513;
	09d9 : C58FE0EF;
	09da : 00940223;
	09db : 014402A3;
	09dc : 00F00793;
	09dd : 00F40323;
	09de : 01240AA3;
	09df : 00040513;
	09e0 : C3CFE0EF;
	09e1 : 00940223;
	09e2 : 01000793;
	09e3 : 00F402A3;
	09e4 : 01340323;
	09e5 : 01240AA3;
	09e6 : 00040513;
	09e7 : C20FE0EF;
	09e8 : 01C12083;
	09e9 : 01812403;
	09ea : 01412483;
	09eb : 01012903;
	09ec : 00C12983;
	09ed : 00812A03;
	09ee : 00412A83;
	09ef : 00012B03;
	09f0 : 02010113;
	09f1 : 00008067;
	09f2 : FF010113;
	09f3 : 00112623;
	09f4 : 00812423;
	09f5 : 00912223;
	09f6 : 01212023;
	09f7 : 00050413;
	09f8 : 00068913;
	09f9 : 00B50223;
	09fa : 00C502A3;
	09fb : 00100493;
	09fc : 00950AA3;
	09fd : 00950B23;
	09fe : BC4FE0EF;
	09ff : 00950E63;
	0a00 : 00C12083;
	0a01 : 00812403;
	0a02 : 00412483;
	0a03 : 00012903;
	0a04 : 01010113;
	0a05 : 00008067;
	0a06 : 00100793;
	0a07 : 00F40AA3;
	0a08 : 00040B23;
	0a09 : 00040513;
	0a0a : C8CFE0EF;
	0a0b : 00544783;
	0a0c : 00F90023;
	0a0d : FCDFF06F;
	0a0e : FE010113;
	0a0f : 00112E23;
	0a10 : 00F10693;
	0a11 : 00800613;
	0a12 : F81FF0EF;
	0a13 : 00F14503;
	0a14 : FFD50513;
	0a15 : 00153513;
	0a16 : 01C12083;
	0a17 : 02010113;
	0a18 : 00008067;
	0a19 : FF010113;
	0a1a : 00112623;
	0a1b : 00812423;
	0a1c : 00912223;
	0a1d : 00050413;
	0a1e : 00058493;
	0a1f : FBDFF0EF;
	0a20 : 00100793;
	0a21 : 00F50E63;
	0a22 : 00000513;
	0a23 : 00C12083;
	0a24 : 00812403;
	0a25 : 00412483;
	0a26 : 01010113;
	0a27 : 00008067;
	0a28 : 00048593;
	0a29 : 00040513;
	0a2a : CADFF0EF;
	0a2b : FE1FF06F;
	0a2c : FF010113;
	0a2d : 00112623;
	0a2e : 00B50223;
	0a2f : 00C502A3;
	0a30 : 00D50323;
	0a31 : 00200713;
	0a32 : 00E50AA3;
	0a33 : AF0FE0EF;
	0a34 : 00C12083;
	0a35 : 01010113;
	0a36 : 00008067;
	0a37 : FE010113;
	0a38 : 00112E23;
	0a39 : 00812C23;
	0a3a : 00912A23;
	0a3b : 01212823;
	0a3c : 01312623;
	0a3d : 01412423;
	0a3e : 00050413;
	0a3f : 00058493;
	0a40 : 00B50223;
	0a41 : 00A00793;
	0a42 : 00F502A3;
	0a43 : 04500793;
	0a44 : 00F50323;
	0a45 : 00200913;
	0a46 : 01250AA3;
	0a47 : AA0FE0EF;
	0a48 : 00940223;
	0a49 : 00B00793;
	0a4a : 00F402A3;
	0a4b : 02300793;
	0a4c : 00F40323;
	0a4d : 01240AA3;
	0a4e : 00040513;
	0a4f : A80FE0EF;
	0a50 : 00940223;
	0a51 : 00C00793;
	0a52 : 00F402A3;
	0a53 : 00040323;
	0a54 : 01240AA3;
	0a55 : 00040513;
	0a56 : A64FE0EF;
	0a57 : 00940223;
	0a58 : 00E00793;
	0a59 : 00F402A3;
	0a5a : F9700793;
	0a5b : 00F40323;
	0a5c : 01240AA3;
	0a5d : 00040513;
	0a5e : A44FE0EF;
	0a5f : 00940223;
	0a60 : 01100A13;
	0a61 : 014402A3;
	0a62 : 00040323;
	0a63 : 01240AA3;
	0a64 : 00040513;
	0a65 : A28FE0EF;
	0a66 : 00940223;
	0a67 : 00900793;
	0a68 : 00F402A3;
	0a69 : 00040323;
	0a6a : 01240AA3;
	0a6b : 00040513;
	0a6c : A0CFE0EF;
	0a6d : 00940223;
	0a6e : 00D00793;
	0a6f : 00F402A3;
	0a70 : 06000793;
	0a71 : 00F40323;
	0a72 : 01240AA3;
	0a73 : 00040513;
	0a74 : 9ECFE0EF;
	0a75 : 00940223;
	0a76 : 01200793;
	0a77 : 00F402A3;
	0a78 : 00300993;
	0a79 : 01340323;
	0a7a : 01240AA3;
	0a7b : 00040513;
	0a7c : 9CCFE0EF;
	0a7d : 00940223;
	0a7e : 01300793;
	0a7f : 00F402A3;
	0a80 : 00040323;
	0a81 : 01240AA3;
	0a82 : 00040513;
	0a83 : 9B0FE0EF;
	0a84 : 00940223;
	0a85 : 01400793;
	0a86 : 00F402A3;
	0a87 : 01340323;
	0a88 : 01240AA3;
	0a89 : 00040513;
	0a8a : 994FE0EF;
	0a8b : 00940223;
	0a8c : 01500793;
	0a8d : 00F402A3;
	0a8e : 01340323;
	0a8f : 01240AA3;
	0a90 : 00040513;
	0a91 : 978FE0EF;
	0a92 : 00940223;
	0a93 : 01600793;
	0a94 : 00F402A3;
	0a95 : 01340323;
	0a96 : 01240AA3;
	0a97 : 00040513;
	0a98 : 95CFE0EF;
	0a99 : 00940223;
	0a9a : 01700793;
	0a9b : 00F402A3;
	0a9c : 01340323;
	0a9d : 01240AA3;
	0a9e : 00040513;
	0a9f : 940FE0EF;
	0aa0 : 00940223;
	0aa1 : 01800793;
	0aa2 : 00F402A3;
	0aa3 : 01340323;
	0aa4 : 01240AA3;
	0aa5 : 00040513;
	0aa6 : 924FE0EF;
	0aa7 : 00940223;
	0aa8 : 01900793;
	0aa9 : 00F402A3;
	0aaa : 01340323;
	0aab : 01240AA3;
	0aac : 00040513;
	0aad : 908FE0EF;
	0aae : 00940223;
	0aaf : 02000793;
	0ab0 : 00F402A3;
	0ab1 : 00040323;
	0ab2 : 01240AA3;
	0ab3 : 00040513;
	0ab4 : 8ECFE0EF;
	0ab5 : 00940223;
	0ab6 : 03100793;
	0ab7 : 00F402A3;
	0ab8 : 00040323;
	0ab9 : 01240AA3;
	0aba : 00040513;
	0abb : 8D0FE0EF;
	0abc : 00940223;
	0abd : 014402A3;
	0abe : 00F00793;
	0abf : 00F40323;
	0ac0 : 01240AA3;
	0ac1 : 00040513;
	0ac2 : 8B4FE0EF;
	0ac3 : 01C12083;
	0ac4 : 01812403;
	0ac5 : 01412483;
	0ac6 : 01012903;
	0ac7 : 00C12983;
	0ac8 : 00812A03;
	0ac9 : 02010113;
	0aca : 00008067;
	0acb : FF010113;
	0acc : 00112623;
	0acd : 00812423;
	0ace : 00912223;
	0acf : 01212023;
	0ad0 : 00050413;
	0ad1 : 00068913;
	0ad2 : 00B50223;
	0ad3 : 00C502A3;
	0ad4 : 00100493;
	0ad5 : 00950AA3;
	0ad6 : 00950B23;
	0ad7 : 860FE0EF;
	0ad8 : 00950E63;
	0ad9 : 00C12083;
	0ada : 00812403;
	0adb : 00412483;
	0adc : 00012903;
	0add : 01010113;
	0ade : 00008067;
	0adf : 00100793;
	0ae0 : 00F40AA3;
	0ae1 : 00040B23;
	0ae2 : 00040513;
	0ae3 : 928FE0EF;
	0ae4 : 00544783;
	0ae5 : 00F90023;
	0ae6 : FCDFF06F;
	0ae7 : FE010113;
	0ae8 : 00112E23;
	0ae9 : 00F10693;
	0aea : 00800613;
	0aeb : F81FF0EF;
	0aec : 00F14503;
	0aed : FFD50513;
	0aee : 00153513;
	0aef : 01C12083;
	0af0 : 02010113;
	0af1 : 00008067;
	0af2 : FF010113;
	0af3 : 00112623;
	0af4 : 00812423;
	0af5 : 00912223;
	0af6 : 00050413;
	0af7 : 00058493;
	0af8 : FBDFF0EF;
	0af9 : 00100793;
	0afa : 00F50E63;
	0afb : 00000513;
	0afc : 00C12083;
	0afd : 00812403;
	0afe : 00412483;
	0aff : 01010113;
	0b00 : 00008067;
	0b01 : 00048593;
	0b02 : 00040513;
	0b03 : CD1FF0EF;
	0b04 : FE1FF06F;
	0b05 : FF010113;
	0b06 : 00112623;
	0b07 : 00B50223;
	0b08 : 00C502A3;
	0b09 : 00D50323;
	0b0a : 00200713;
	0b0b : 00E50AA3;
	0b0c : F8DFD0EF;
	0b0d : 00C12083;
	0b0e : 01010113;
	0b0f : 00008067;
	0b10 : 00050023;
	0b11 : 000500A3;
	0b12 : 00050123;
	0b13 : 00B52223;
	0b14 : 00C52423;
	0b15 : 00D52623;
	0b16 : 02E52823;
	0b17 : 02F52A23;
	0b18 : 03052C23;
	0b19 : 00052823;
	0b1a : 02052023;
	0b1b : 02050E23;
	0b1c : 02050EA3;
	0b1d : 00008067;
	0b1e : 00059E63;
	0b1f : 00460613;
	0b20 : 00261613;
	0b21 : 00C50633;
	0b22 : 00D62223;
	0b23 : 00E51E23;
	0b24 : 00008067;
	0b25 : 00860613;
	0b26 : 00261613;
	0b27 : 00C50633;
	0b28 : 00D62223;
	0b29 : 02E51623;
	0b2a : 00008067;
	0b2b : FF010113;
	0b2c : 00112623;
	0b2d : 00059E63;
	0b2e : 03852583;
	0b2f : 00452503;
	0b30 : B65FD0EF;
	0b31 : 00C12083;
	0b32 : 01010113;
	0b33 : 00008067;
	0b34 : 03852583;
	0b35 : 00452503;
	0b36 : B59FD0EF;
	0b37 : FE9FF06F;
	0b38 : FF010113;
	0b39 : 00112623;
	0b3a : 00154783;
	0b3b : 04500713;
	0b3c : 00E78C63;
	0b3d : 09900713;
	0b3e : 02E78A63;
	0b3f : 00C12083;
	0b40 : 01010113;
	0b41 : 00008067;
	0b42 : 01500593;
	0b43 : 00852503;
	0b44 : F24FE0EF;
	0b45 : 00100793;
	0b46 : FEF502E3;
	0b47 : 10000537;
	0b48 : 09450513;
	0b49 : CC8FD0EF;
	0b4a : FD5FF06F;
	0b4b : 01400593;
	0b4c : 00852503;
	0b4d : B40FF0EF;
	0b4e : 00100793;
	0b4f : FCF500E3;
	0b50 : 10000537;
	0b51 : 0B450513;
	0b52 : CA4FD0EF;
	0b53 : FB1FF06F;
	0b54 : FF010113;
	0b55 : 00112623;
	0b56 : 00000613;
	0b57 : 04700593;
	0b58 : 00852503;
	0b59 : D44FF0EF;
	0b5a : 00C12083;
	0b5b : 01010113;
	0b5c : 00008067;
	0b5d : FE010113;
	0b5e : 00112E23;
	0b5f : 00812C23;
	0b60 : 00050413;
	0b61 : 10000537;
	0b62 : 0D450513;
	0b63 : C60FD0EF;
	0b64 : 00F10693;
	0b65 : 00A00613;
	0b66 : 04700593;
	0b67 : 00842503;
	0b68 : C1CFF0EF;
	0b69 : 10000537;
	0b6a : 0EC50513;
	0b6b : C40FD0EF;
	0b6c : 00F10693;
	0b6d : 01000613;
	0b6e : 04700593;
	0b6f : 00842503;
	0b70 : BFCFF0EF;
	0b71 : 10000537;
	0b72 : 0F850513;
	0b73 : C20FD0EF;
	0b74 : 00F10693;
	0b75 : 01100613;
	0b76 : 04700593;
	0b77 : 00842503;
	0b78 : BDCFF0EF;
	0b79 : 10000537;
	0b7a : 10450513;
	0b7b : C00FD0EF;
	0b7c : 00F10693;
	0b7d : 01200613;
	0b7e : 04700593;
	0b7f : 00842503;
	0b80 : BBCFF0EF;
	0b81 : 10000537;
	0b82 : 11050513;
	0b83 : BE0FD0EF;
	0b84 : 00F10693;
	0b85 : 01300613;
	0b86 : 04700593;
	0b87 : 00842503;
	0b88 : B9CFF0EF;
	0b89 : 10000537;
	0b8a : 11C50513;
	0b8b : BC0FD0EF;
	0b8c : 01C12083;
	0b8d : 01812403;
	0b8e : 02010113;
	0b8f : 00008067;
	0b90 : 00054503;
	0b91 : 00008067;
	0b92 : 00054503;
	0b93 : FDD50513;
	0b94 : 00153513;
	0b95 : 00008067;
	0b96 : 00B50533;
	0b97 : 00154503;
	0b98 : 00008067;
	0b99 : 00B50533;
	0b9a : 00C500A3;
	0b9b : 00008067;
	0b9c : FF010113;
	0b9d : 00112623;
	0b9e : 00B50223;
	0b9f : 000502A3;
	0ba0 : 00050323;
	0ba1 : 04D00713;
	0ba2 : 00E503A3;
	0ba3 : 04700713;
	0ba4 : 00E50423;
	0ba5 : 00C504A3;
	0ba6 : 00500713;
	0ba7 : 00E50AA3;
	0ba8 : D1DFD0EF;
	0ba9 : 00C12083;
	0baa : 01010113;
	0bab : 00008067;
	0bac : FF010113;
	0bad : 00112623;
	0bae : 00812423;
	0baf : 00912223;
	0bb0 : 01212023;
	0bb1 : 00050493;
	0bb2 : 00058413;
	0bb3 : 10000537;
	0bb4 : 12850513;
	0bb5 : B18FD0EF;
	0bb6 : 05100793;
	0bb7 : 16F40A63;
	0bb8 : 0287FE63;
	0bb9 : 07900793;
	0bba : 12F40063;
	0bbb : 0887FE63;
	0bbc : 09400793;
	0bbd : 1AF41263;
	0bbe : 10000537;
	0bbf : 16C50513;
	0bc0 : AECFD0EF;
	0bc1 : 09400613;
	0bc2 : 05700593;
	0bc3 : 0084A503;
	0bc4 : F61FF0EF;
	0bc5 : 00050913;
	0bc6 : 0C40006F;
	0bc7 : 04500793;
	0bc8 : 08F40E63;
	0bc9 : 0287F863;
	0bca : 04600793;
	0bcb : 16F41663;
	0bcc : 10000537;
	0bcd : 14850513;
	0bce : AB4FD0EF;
	0bcf : 04600613;
	0bd0 : 05300593;
	0bd1 : 0084A503;
	0bd2 : F29FF0EF;
	0bd3 : 00050913;
	0bd4 : 08C0006F;
	0bd5 : 02200793;
	0bd6 : 10F40E63;
	0bd7 : 02300793;
	0bd8 : 12F41C63;
	0bd9 : 10000537;
	0bda : 1A450513;
	0bdb : A80FD0EF;
	0bdc : 02300613;
	0bdd : 05000593;
	0bde : 0084A503;
	0bdf : EF5FF0EF;
	0be0 : 00050913;
	0be1 : 0580006F;
	0be2 : 06300793;
	0be3 : 0AF40063;
	0be4 : 07800793;
	0be5 : 10F41263;
	0be6 : 10000537;
	0be7 : 15450513;
	0be8 : A4CFD0EF;
	0be9 : 07800613;
	0bea : 05700593;
	0beb : 0084A503;
	0bec : EC1FF0EF;
	0bed : 00050913;
	0bee : 0240006F;
	0bef : 10000537;
	0bf0 : 13C50513;
	0bf1 : A28FD0EF;
	0bf2 : 04500613;
	0bf3 : 05300593;
	0bf4 : 0084A503;
	0bf5 : E9DFF0EF;
	0bf6 : 00050913;
	0bf7 : 00100793;
	0bf8 : 0CF90463;
	0bf9 : 10000537;
	0bfa : 7EC50513;
	0bfb : A00FD0EF;
	0bfc : 00C12083;
	0bfd : 00812403;
	0bfe : 00412483;
	0bff : 00012903;
	0c00 : 01010113;
	0c01 : 00008067;
	0c02 : 10000537;
	0c03 : 16050513;
	0c04 : 9DCFD0EF;
	0c05 : 07900613;
	0c06 : 05700593;
	0c07 : 0084A503;
	0c08 : E51FF0EF;
	0c09 : 00050913;
	0c0a : FB5FF06F;
	0c0b : 10000537;
	0c0c : 17850513;
	0c0d : 9B8FD0EF;
	0c0e : 06300613;
	0c0f : 05700593;
	0c10 : 0084A503;
	0c11 : E2DFF0EF;
	0c12 : 00050913;
	0c13 : F91FF06F;
	0c14 : 10000537;
	0c15 : 18450513;
	0c16 : 994FD0EF;
	0c17 : 05100613;
	0c18 : 05300593;
	0c19 : 0084A503;
	0c1a : E09FF0EF;
	0c1b : 00050913;
	0c1c : F6DFF06F;
	0c1d : 10000537;
	0c1e : 19050513;
	0c1f : 970FD0EF;
	0c20 : 02200613;
	0c21 : 05000593;
	0c22 : 0084A503;
	0c23 : DE5FF0EF;
	0c24 : 00050913;
	0c25 : F49FF06F;
	0c26 : 10000537;
	0c27 : 1B850513;
	0c28 : 94CFD0EF;
	0c29 : F39FF06F;
	0c2a : 10000537;
	0c2b : 1C850513;
	0c2c : 93CFD0EF;
	0c2d : F3DFF06F;
	0c2e : FF010113;
	0c2f : 00112623;
	0c30 : 00812423;
	0c31 : 00050413;
	0c32 : 00B50223;
	0c33 : 000502A3;
	0c34 : 00050323;
	0c35 : 00200793;
	0c36 : 00F50AA3;
	0c37 : 00050B23;
	0c38 : ADDFD0EF;
	0c39 : 00300793;
	0c3a : 00F40AA3;
	0c3b : 00040B23;
	0c3c : 00040513;
	0c3d : BC1FD0EF;
	0c3e : 00100793;
	0c3f : 00F50A63;
	0c40 : 00C12083;
	0c41 : 00812403;
	0c42 : 01010113;
	0c43 : 00008067;
	0c44 : 00442503;
	0c45 : 010007B7;
	0c46 : F0078793;
	0c47 : 00F57533;
	0c48 : FFB8B7B7;
	0c49 : 30078793;
	0c4a : 00F50533;
	0c4b : 00153513;
	0c4c : FD1FF06F;
	0c4d : FF010113;
	0c4e : 00112623;
	0c4f : 00B50223;
	0c50 : 00C502A3;
	0c51 : 00D50323;
	0c52 : 0086D713;
	0c53 : 00E503A3;
	0c54 : 0106D713;
	0c55 : 00E50423;
	0c56 : 0186D693;
	0c57 : 00D504A3;
	0c58 : 00500713;
	0c59 : 00E50AA3;
	0c5a : A55FD0EF;
	0c5b : 00C12083;
	0c5c : 01010113;
	0c5d : 00008067;
	0c5e : FF010113;
	0c5f : 00112623;
	0c60 : 00812423;
	0c61 : 00912223;
	0c62 : 01212023;
	0c63 : 00050413;
	0c64 : 00068493;
	0c65 : 00B50223;
	0c66 : 00C502A3;
	0c67 : 00100913;
	0c68 : 01250AA3;
	0c69 : 01250B23;
	0c6a : A15FD0EF;
	0c6b : 01240AA3;
	0c6c : 00040B23;
	0c6d : 00040513;
	0c6e : AFDFD0EF;
	0c6f : 00544783;
	0c70 : 00F48023;
	0c71 : 00C12083;
	0c72 : 00812403;
	0c73 : 00412483;
	0c74 : 00012903;
	0c75 : 01010113;
	0c76 : 00008067;
	0c77 : FE010113;
	0c78 : 00112E23;
	0c79 : 00812C23;
	0c7a : 00912A23;
	0c7b : 01212823;
	0c7c : 00050913;
	0c7d : 00058413;
	0c7e : 00060493;
	0c7f : 00F10693;
	0c80 : 00100613;
	0c81 : 04D00593;
	0c82 : F71FF0EF;
	0c83 : 00100793;
	0c84 : 04F51C63;
	0c85 : 00200793;
	0c86 : 00F40463;
	0c87 : 00100413;
	0c88 : FFF44793;
	0c89 : 00F14683;
	0c8a : 00F6F6B3;
	0c8b : 00100793;
	0c8c : 02F48863;
	0c8d : 00D107A3;
	0c8e : 00100613;
	0c8f : 04D00593;
	0c90 : 00090513;
	0c91 : EF1FF0EF;
	0c92 : 01C12083;
	0c93 : 01812403;
	0c94 : 01412483;
	0c95 : 01012903;
	0c96 : 02010113;
	0c97 : 00008067;
	0c98 : 0086E6B3;
	0c99 : FD1FF06F;
	0c9a : 00000513;
	0c9b : FDDFF06F;
	0c9c : FE010113;
	0c9d : 00112E23;
	0c9e : 00F10693;
	0c9f : 00000613;
	0ca0 : 04D00593;
	0ca1 : EF5FF0EF;
	0ca2 : 00100793;
	0ca3 : 00F50A63;
	0ca4 : 00000513;
	0ca5 : 01C12083;
	0ca6 : 02010113;
	0ca7 : 00008067;
	0ca8 : 00F14503;
	0ca9 : FF1FF06F;
	0caa : FD010113;
	0cab : 02112623;
	0cac : 02812423;
	0cad : 02912223;
	0cae : 03212023;
	0caf : 01312E23;
	0cb0 : 01412C23;
	0cb1 : 01512A23;
	0cb2 : 01612823;
	0cb3 : 01712623;
	0cb4 : 01812423;
	0cb5 : 01912223;
	0cb6 : 00050493;
	0cb7 : 10000537;
	0cb8 : 1CC50513;
	0cb9 : F09FC0EF;
	0cba : 05000593;
	0cbb : 0084A503;
	0cbc : DC9FF0EF;
	0cbd : 00100793;
	0cbe : 04F51863;
	0cbf : 0084A783;
	0cc0 : 0077C783;
	0cc1 : 00F48023;
	0cc2 : 02200713;
	0cc3 : 00E78E63;
	0cc4 : 02300713;
	0cc5 : 02E78263;
	0cc6 : 10000537;
	0cc7 : 1F050513;
	0cc8 : ECDFC0EF;
	0cc9 : 0300006F;
	0cca : 10000537;
	0ccb : 1E050513;
	0ccc : EBDFC0EF;
	0ccd : 0200006F;
	0cce : 10000537;
	0ccf : 1E850513;
	0cd0 : EADFC0EF;
	0cd1 : 0100006F;
	0cd2 : 10000537;
	0cd3 : 1FC50513;
	0cd4 : E9DFC0EF;
	0cd5 : 0004C703;
	0cd6 : 02300793;
	0cd7 : 02F70663;
	0cd8 : 00000413;
	0cd9 : 10000A37;
	0cda : 00100993;
	0cdb : 06300913;
	0cdc : 07900C93;
	0cdd : 09400C13;
	0cde : 07800B93;
	0cdf : 04600B13;
	0ce0 : 05100A93;
	0ce1 : 0C40006F;
	0ce2 : 0084A503;
	0ce3 : EE5FF0EF;
	0ce4 : 00455593;
	0ce5 : 00F57613;
	0ce6 : 0FF5F593;
	0ce7 : 10000537;
	0ce8 : 20850513;
	0ce9 : E49FC0EF;
	0cea : FB9FF06F;
	0ceb : 04500713;
	0cec : 06E79863;
	0ced : 10000537;
	0cee : 25850513;
	0cef : E31FC0EF;
	0cf0 : 07C0006F;
	0cf1 : 03978663;
	0cf2 : 01879A63;
	0cf3 : 10000537;
	0cf4 : 28050513;
	0cf5 : E19FC0EF;
	0cf6 : 0640006F;
	0cf7 : 05779263;
	0cf8 : 10000537;
	0cf9 : 24850513;
	0cfa : E05FC0EF;
	0cfb : 0500006F;
	0cfc : 10000537;
	0cfd : 25050513;
	0cfe : DF5FC0EF;
	0cff : 0400006F;
	0d00 : 10000537;
	0d01 : 26050513;
	0d02 : DE5FC0EF;
	0d03 : 0300006F;
	0d04 : 10000537;
	0d05 : 26850513;
	0d06 : DD5FC0EF;
	0d07 : 0200006F;
	0d08 : 10000537;
	0d09 : 28850513;
	0d0a : DC5FC0EF;
	0d0b : 0100006F;
	0d0c : 10000537;
	0d0d : 29450513;
	0d0e : DB5FC0EF;
	0d0f : 00140413;
	0d10 : 00200793;
	0d11 : 04F40E63;
	0d12 : 00040593;
	0d13 : 234A0513;
	0d14 : D9DFC0EF;
	0d15 : 0FF47593;
	0d16 : 00B035B3;
	0d17 : 00259593;
	0d18 : 05358593;
	0d19 : 0084A503;
	0d1a : C51FF0EF;
	0d1b : FD3512E3;
	0d1c : 0084A783;
	0d1d : 0077C783;
	0d1e : 00848733;
	0d1f : 00F700A3;
	0d20 : F92788E3;
	0d21 : F4F960E3;
	0d22 : F7678CE3;
	0d23 : F35790E3;
	0d24 : 10000537;
	0d25 : 27450513;
	0d26 : D55FC0EF;
	0d27 : FA1FF06F;
	0d28 : 02C12083;
	0d29 : 02812403;
	0d2a : 02412483;
	0d2b : 02012903;
	0d2c : 01C12983;
	0d2d : 01812A03;
	0d2e : 01412A83;
	0d2f : 01012B03;
	0d30 : 00C12B83;
	0d31 : 00812C03;
	0d32 : 00412C83;
	0d33 : 03010113;
	0d34 : 00008067;
	0d35 : FE010113;
	0d36 : 00112E23;
	0d37 : 00F10693;
	0d38 : 00200613;
	0d39 : 04D00593;
	0d3a : C91FF0EF;
	0d3b : 00100793;
	0d3c : 00F50A63;
	0d3d : 00000513;
	0d3e : 01C12083;
	0d3f : 02010113;
	0d40 : 00008067;
	0d41 : 00F14503;
	0d42 : FF1FF06F;
	0d43 : FE010113;
	0d44 : 00112E23;
	0d45 : 00812C23;
	0d46 : 00912A23;
	0d47 : 01212823;
	0d48 : 01312623;
	0d49 : 00050493;
	0d4a : 00058913;
	0d4b : 00002637;
	0d4c : 71060613;
	0d4d : 00000593;
	0d4e : 00C52503;
	0d4f : DC0FD0EF;
	0d50 : 02300993;
	0d51 : 0004C783;
	0d52 : 03378A63;
	0d53 : 0044A503;
	0d54 : B38FD0EF;
	0d55 : 01257433;
	0d56 : 02041863;
	0d57 : 00000593;
	0d58 : 00C4A503;
	0d59 : DDCFD0EF;
	0d5a : FC050EE3;
	0d5b : 10000537;
	0d5c : 29C50513;
	0d5d : C79FC0EF;
	0d5e : 0140006F;
	0d5f : 0084A503;
	0d60 : F55FF0EF;
	0d61 : FD1FF06F;
	0d62 : 00100413;
	0d63 : 00040513;
	0d64 : 01C12083;
	0d65 : 01812403;
	0d66 : 01412483;
	0d67 : 01012903;
	0d68 : 00C12983;
	0d69 : 02010113;
	0d6a : 00008067;
	0d6b : FE010113;
	0d6c : 00112E23;
	0d6d : 00812C23;
	0d6e : 00912A23;
	0d6f : 01212823;
	0d70 : 01312623;
	0d71 : 00050413;
	0d72 : 00060493;
	0d73 : 00068913;
	0d74 : 00070993;
	0d75 : ED8FF0EF;
	0d76 : 00900593;
	0d77 : 00842503;
	0d78 : 805FD0EF;
	0d79 : 00100793;
	0d7a : 02F50063;
	0d7b : 01C12083;
	0d7c : 01812403;
	0d7d : 01412483;
	0d7e : 01012903;
	0d7f : 00C12983;
	0d80 : 02010113;
	0d81 : 00008067;
	0d82 : 00090693;
	0d83 : 00048613;
	0d84 : 00900593;
	0d85 : 00842503;
	0d86 : 8E1FD0EF;
	0d87 : 00100793;
	0d88 : FCF516E3;
	0d89 : 00098593;
	0d8a : 00040513;
	0d8b : EE1FF0EF;
	0d8c : 00100793;
	0d8d : FB9FF06F;
	0d8e : FF010113;
	0d8f : 00112623;
	0d90 : 00812423;
	0d91 : 00912223;
	0d92 : 01212023;
	0d93 : 00050413;
	0d94 : 00058913;
	0d95 : 00054703;
	0d96 : 02200793;
	0d97 : 04F70A63;
	0d98 : 00144783;
	0d99 : 05100713;
	0d9a : 12E78863;
	0d9b : 0CF76663;
	0d9c : 04500713;
	0d9d : 0EE78C63;
	0d9e : 04600713;
	0d9f : 14E79463;
	0da0 : 00244783;
	0da1 : 07800713;
	0da2 : 14E78863;
	0da3 : 07900713;
	0da4 : 18E78E63;
	0da5 : 06300713;
	0da6 : 1CE78063;
	0da7 : 10000537;
	0da8 : 36850513;
	0da9 : B49FC0EF;
	0daa : 00000493;
	0dab : 1540006F;
	0dac : 03052703;
	0dad : 01452683;
	0dae : 01C55603;
	0daf : 00000593;
	0db0 : EEDFF0EF;
	0db1 : 00050493;
	0db2 : 00100793;
	0db3 : 02F50A63;
	0db4 : 02090063;
	0db5 : 03442703;
	0db6 : 02442683;
	0db7 : 02C45603;
	0db8 : 00100593;
	0db9 : 00040513;
	0dba : EC5FF0EF;
	0dbb : F75FF06F;
	0dbc : 10000537;
	0dbd : 2B450513;
	0dbe : AF5FC0EF;
	0dbf : 1040006F;
	0dc0 : 03442703;
	0dc1 : 02442683;
	0dc2 : 02C45603;
	0dc3 : 00100593;
	0dc4 : 00040513;
	0dc5 : E99FF0EF;
	0dc6 : 00050493;
	0dc7 : 00100793;
	0dc8 : F4F500E3;
	0dc9 : F2091EE3;
	0dca : 10000537;
	0dcb : 2DC50513;
	0dcc : ABDFC0EF;
	0dcd : 0CC0006F;
	0dce : 09900713;
	0dcf : 08E79463;
	0dd0 : 01400593;
	0dd1 : 00842503;
	0dd2 : FE0FE0EF;
	0dd3 : 00050493;
	0dd4 : 00100793;
	0dd5 : F2F506E3;
	0dd6 : F20914E3;
	0dd7 : 10000537;
	0dd8 : 32850513;
	0dd9 : A89FC0EF;
	0dda : 0980006F;
	0ddb : 01500593;
	0ddc : 00842503;
	0ddd : 89CFE0EF;
	0dde : 00050493;
	0ddf : 00100793;
	0de0 : F0F500E3;
	0de1 : EE091EE3;
	0de2 : 10000537;
	0de3 : 30850513;
	0de4 : A5DFC0EF;
	0de5 : 06C0006F;
	0de6 : 05B00593;
	0de7 : 00842503;
	0de8 : C28FF0EF;
	0de9 : 00050493;
	0dea : 00100793;
	0deb : ECF50AE3;
	0dec : EC0918E3;
	0ded : 10000537;
	0dee : 34850513;
	0def : A31FC0EF;
	0df0 : 0400006F;
	0df1 : 10000537;
	0df2 : 36850513;
	0df3 : A21FC0EF;
	0df4 : 00000493;
	0df5 : 02C0006F;
	0df6 : 00100613;
	0df7 : 04700593;
	0df8 : 00842503;
	0df9 : B59FE0EF;
	0dfa : 00050493;
	0dfb : 00100793;
	0dfc : 00F50463;
	0dfd : 02090463;
	0dfe : 00100793;
	0dff : 08F90463;
	0e00 : 00048513;
	0e01 : 00C12083;
	0e02 : 00812403;
	0e03 : 00412483;
	0e04 : 00012903;
	0e05 : 01010113;
	0e06 : 00008067;
	0e07 : 10000537;
	0e08 : 38050513;
	0e09 : 9C9FC0EF;
	0e0a : FD9FF06F;
	0e0b : 01800593;
	0e0c : 00842503;
	0e0d : CB9FE0EF;
	0e0e : 00050493;
	0e0f : 00100793;
	0e10 : FAF50CE3;
	0e11 : FA091AE3;
	0e12 : 10000537;
	0e13 : 39C50513;
	0e14 : 99DFC0EF;
	0e15 : FADFF06F;
	0e16 : 05E00593;
	0e17 : 00842503;
	0e18 : 804FF0EF;
	0e19 : 00050493;
	0e1a : 00100793;
	0e1b : F8F506E3;
	0e1c : F80914E3;
	0e1d : 10000537;
	0e1e : 3B850513;
	0e1f : 971FC0EF;
	0e20 : F81FF06F;
	0e21 : 00100493;
	0e22 : F79FF06F;
	0e23 : FF010113;
	0e24 : 00112623;
	0e25 : 03052703;
	0e26 : 01452683;
	0e27 : 01C55603;
	0e28 : 00000593;
	0e29 : D09FF0EF;
	0e2a : 00C12083;
	0e2b : 01010113;
	0e2c : 00008067;
	0e2d : 01052783;
	0e2e : 12B78663;
	0e2f : FF010113;
	0e30 : 00112623;
	0e31 : 00812423;
	0e32 : 00912223;
	0e33 : 00050413;
	0e34 : 00058493;
	0e35 : 00B52823;
	0e36 : 00054703;
	0e37 : 02300793;
	0e38 : 04F70863;
	0e39 : 000427B7;
	0e3a : EB078793;
	0e3b : 06F58463;
	0e3c : 03C54783;
	0e3d : 08079063;
	0e3e : 00000593;
	0e3f : 00040513;
	0e40 : BACFF0EF;
	0e41 : 000147B7;
	0e42 : C6878793;
	0e43 : 08F48263;
	0e44 : 000217B7;
	0e45 : F5878793;
	0e46 : 08F48063;
	0e47 : 10000537;
	0e48 : 3D450513;
	0e49 : 8C9FC0EF;
	0e4a : 00000513;
	0e4b : 0A40006F;
	0e4c : 00058693;
	0e4d : 00300613;
	0e4e : 04D00593;
	0e4f : 00852503;
	0e50 : FF4FF0EF;
	0e51 : 00100593;
	0e52 : 00040513;
	0e53 : BC1FF0EF;
	0e54 : 0800006F;
	0e55 : 03052703;
	0e56 : 01852683;
	0e57 : 01C55603;
	0e58 : 00000593;
	0e59 : C49FF0EF;
	0e5a : 00100793;
	0e5b : 02F40E23;
	0e5c : 0600006F;
	0e5d : 03052703;
	0e5e : 01452683;
	0e5f : 01C55603;
	0e60 : 00000593;
	0e61 : C29FF0EF;
	0e62 : 02040E23;
	0e63 : F6DFF06F;
	0e64 : 07D00493;
	0e65 : 0080006F;
	0e66 : 04B00493;
	0e67 : 00048693;
	0e68 : 00100613;
	0e69 : 00900593;
	0e6a : 00842503;
	0e6b : EB4FD0EF;
	0e6c : 00048693;
	0e6d : 00200613;
	0e6e : 00900593;
	0e6f : 00842503;
	0e70 : EA0FD0EF;
	0e71 : 03042583;
	0e72 : 00040513;
	0e73 : B41FF0EF;
	0e74 : 00C12083;
	0e75 : 00812403;
	0e76 : 00412483;
	0e77 : 01010113;
	0e78 : 00008067;
	0e79 : 00100513;
	0e7a : 00008067;
	0e7b : FF010113;
	0e7c : 00112623;
	0e7d : 00812423;
	0e7e : 00912223;
	0e7f : 01212023;
	0e80 : 00050413;
	0e81 : 00058493;
	0e82 : 02B52023;
	0e83 : 00054683;
	0e84 : 02300713;
	0e85 : 0AE68863;
	0e86 : 0003E737;
	0e87 : 3FE70713;
	0e88 : 0CE58663;
	0e89 : 03D54783;
	0e8a : 0E079A63;
	0e8b : 00100593;
	0e8c : 00040513;
	0e8d : A78FF0EF;
	0e8e : 000247B7;
	0e8f : 41478793;
	0e90 : 10F48C63;
	0e91 : 000247B7;
	0e92 : 41478793;
	0e93 : 0E97EA63;
	0e94 : 000097B7;
	0e95 : 10578793;
	0e96 : 11000913;
	0e97 : 00F48A63;
	0e98 : 000127B7;
	0e99 : 20A78793;
	0e9a : 08800913;
	0e9b : 0CF49663;
	0e9c : 00090693;
	0e9d : 00100613;
	0e9e : 00900593;
	0e9f : 00842503;
	0ea0 : DE0FD0EF;
	0ea1 : 00090693;
	0ea2 : 00200613;
	0ea3 : 00900593;
	0ea4 : 00842503;
	0ea5 : DCCFD0EF;
	0ea6 : 03442583;
	0ea7 : 00040513;
	0ea8 : A6DFF0EF;
	0ea9 : 00050793;
	0eaa : 00078513;
	0eab : 00C12083;
	0eac : 00812403;
	0ead : 00412483;
	0eae : 00012903;
	0eaf : 01010113;
	0eb0 : 00008067;
	0eb1 : 00058693;
	0eb2 : 00400613;
	0eb3 : 04D00593;
	0eb4 : 00852503;
	0eb5 : E60FF0EF;
	0eb6 : 00200593;
	0eb7 : 00040513;
	0eb8 : A2DFF0EF;
	0eb9 : 00050793;
	0eba : FC1FF06F;
	0ebb : 03D54683;
	0ebc : 00100713;
	0ebd : FAE68AE3;
	0ebe : 03452703;
	0ebf : 02852683;
	0ec0 : 02C55603;
	0ec1 : 00100593;
	0ec2 : AA5FF0EF;
	0ec3 : 00050793;
	0ec4 : 00100713;
	0ec5 : 02E40EA3;
	0ec6 : F91FF06F;
	0ec7 : 03452703;
	0ec8 : 02452683;
	0ec9 : 02C55603;
	0eca : 00100593;
	0ecb : A81FF0EF;
	0ecc : 02040EA3;
	0ecd : EF9FF06F;
	0ece : 22000913;
	0ecf : F35FF06F;
	0ed0 : 000497B7;
	0ed1 : 82878793;
	0ed2 : 02200913;
	0ed3 : F2F482E3;
	0ed4 : 22000913;
	0ed5 : F1DFF06F;
	0ed6 : 04400913;
	0ed7 : F15FF06F;
	0ed8 : 00B52023;
	0ed9 : 00008067;
	0eda : 00B52223;
	0edb : 00008067;
	0edc : 00B52423;
	0edd : 00008067;
	0ede : 00B00793;
	0edf : 32C7EC63;
	0ee0 : 00261613;
	0ee1 : 100007B7;
	0ee2 : 40078793;
	0ee3 : 00F60633;
	0ee4 : 00062783;
	0ee5 : 00078067;
	0ee6 : 7BC00793;
	0ee7 : 00F51A23;
	0ee8 : 50000793;
	0ee9 : 00F51B23;
	0eea : 10400793;
	0eeb : 00F51C23;
	0eec : 02800793;
	0eed : 00F51D23;
	0eee : 2EE00793;
	0eef : 00F51E23;
	0ef0 : 2D000793;
	0ef1 : 00F51F23;
	0ef2 : 01900793;
	0ef3 : 02F51023;
	0ef4 : 00500793;
	0ef5 : 02F51123;
	0ef6 : 000127B7;
	0ef7 : 20A78793;
	0ef8 : 02F52423;
	0ef9 : 00008067;
	0efa : 67400793;
	0efb : 00F51A23;
	0efc : 50000793;
	0efd : 00F51B23;
	0efe : 10400793;
	0eff : 00F51C23;
	0f00 : 02800793;
	0f01 : 00F51D23;
	0f02 : 2EE00793;
	0f03 : 00F51E23;
	0f04 : 2D000793;
	0f05 : 00F51F23;
	0f06 : 01900793;
	0f07 : 02F51023;
	0f08 : 00500793;
	0f09 : 02F51123;
	0f0a : 000127B7;
	0f0b : 20A78793;
	0f0c : FB1FF06F;
	0f0d : 000017B7;
	0f0e : A5078793;
	0f0f : 00F51A23;
	0f10 : 78000793;
	0f11 : 00F51B23;
	0f12 : 0C000793;
	0f13 : 00F51C23;
	0f14 : 02C00793;
	0f15 : 00F51D23;
	0f16 : 46500793;
	0f17 : 00F51E23;
	0f18 : 43800793;
	0f19 : 00F51F23;
	0f1a : 02900793;
	0f1b : 02F51023;
	0f1c : 00500793;
	0f1d : 02F51123;
	0f1e : 000247B7;
	0f1f : 41478793;
	0f20 : F61FF06F;
	0f21 : 000017B7;
	0f22 : 89878793;
	0f23 : 00F51A23;
	0f24 : 78000793;
	0f25 : 00F51B23;
	0f26 : 0C000793;
	0f27 : 00F51C23;
	0f28 : 02C00793;
	0f29 : 00F51D23;
	0f2a : 46500793;
	0f2b : 00F51E23;
	0f2c : 43800793;
	0f2d : 00F51F23;
	0f2e : 02900793;
	0f2f : 02F51023;
	0f30 : 00500793;
	0f31 : 02F51123;
	0f32 : 000247B7;
	0f33 : 41478793;
	0f34 : F11FF06F;
	0f35 : 000017B7;
	0f36 : F7878713;
	0f37 : 00E51A23;
	0f38 : A0078793;
	0f39 : 00F51B23;
	0f3a : 20800793;
	0f3b : 00F51C23;
	0f3c : 05000793;
	0f3d : 00F51D23;
	0f3e : 5DC00793;
	0f3f : 00F51E23;
	0f40 : 5A000793;
	0f41 : 00F51F23;
	0f42 : 03200793;
	0f43 : 02F51023;
	0f44 : 00A00793;
	0f45 : 02F51123;
	0f46 : 000497B7;
	0f47 : 82878793;
	0f48 : EC1FF06F;
	0f49 : 000017B7;
	0f4a : CE878713;
	0f4b : 00E51A23;
	0f4c : A0078793;
	0f4d : 00F51B23;
	0f4e : 20800793;
	0f4f : 00F51C23;
	0f50 : 05000793;
	0f51 : 00F51D23;
	0f52 : 5DC00793;
	0f53 : 00F51E23;
	0f54 : 5A000793;
	0f55 : 00F51F23;
	0f56 : 03200793;
	0f57 : 02F51023;
	0f58 : 00A00793;
	0f59 : 02F51123;
	0f5a : 000497B7;
	0f5b : 82878793;
	0f5c : E71FF06F;
	0f5d : 000017B7;
	0f5e : 4A078713;
	0f5f : 00E51A23;
	0f60 : F0078713;
	0f61 : 00E51B23;
	0f62 : 18000713;
	0f63 : 00E51C23;
	0f64 : 05800713;
	0f65 : 00E51D23;
	0f66 : 8CA78713;
	0f67 : 00E51E23;
	0f68 : 87078793;
	0f69 : 00F51F23;
	0f6a : 05200793;
	0f6b : 02F51023;
	0f6c : 00A00793;
	0f6d : 02F51123;
	0f6e : 000917B7;
	0f6f : 05078793;
	0f70 : E21FF06F;
	0f71 : 000017B7;
	0f72 : 13078713;
	0f73 : 00E51A23;
	0f74 : F0078713;
	0f75 : 00E51B23;
	0f76 : 18000713;
	0f77 : 00E51C23;
	0f78 : 05800713;
	0f79 : 00E51D23;
	0f7a : 8CA78713;
	0f7b : 00E51E23;
	0f7c : 87078793;
	0f7d : 00F51F23;
	0f7e : 05200793;
	0f7f : 02F51023;
	0f80 : 00A00793;
	0f81 : 02F51123;
	0f82 : 000917B7;
	0f83 : 05078793;
	0f84 : DD1FF06F;
	0f85 : 000027B7;
	0f86 : E5078713;
	0f87 : 00E51A23;
	0f88 : E0078793;
	0f89 : 00F51B23;
	0f8a : 04800793;
	0f8b : 00F51C23;
	0f8c : 02000793;
	0f8d : 00F51D23;
	0f8e : 000017B7;
	0f8f : 11D78713;
	0f90 : 00E51E23;
	0f91 : 0E078793;
	0f92 : 00F51F23;
	0f93 : 00E00793;
	0f94 : 02F51023;
	0f95 : 00800793;
	0f96 : 02F51123;
	0f97 : 000F97B7;
	0f98 : FF878793;
	0f99 : D7DFF06F;
	0f9a : 3E000793;
	0f9b : 00F51A23;
	0f9c : 2D000793;
	0f9d : 00F51B23;
	0f9e : 0D000793;
	0f9f : 00F51C23;
	0fa0 : 04800793;
	0fa1 : 00F51D23;
	0fa2 : 7C500793;
	0fa3 : 00F51E23;
	0fa4 : 78000793;
	0fa5 : 00F51F23;
	0fa6 : 04200793;
	0fa7 : 02F51023;
	0fa8 : 00A00793;
	0fa9 : 02F51123;
	0faa : 0001D7B7;
	0fab : 4C078793;
	0fac : D31FF06F;
	0fad : 0085D783;
	0fae : 00F51A23;
	0faf : 00A5D783;
	0fb0 : 00F51B23;
	0fb1 : 00C5D783;
	0fb2 : 00F51C23;
	0fb3 : 00E5D783;
	0fb4 : 00F51D23;
	0fb5 : 0105D783;
	0fb6 : 00F51E23;
	0fb7 : 0125D783;
	0fb8 : 00F51F23;
	0fb9 : 0145D783;
	0fba : 02F51023;
	0fbb : 0165D783;
	0fbc : 02F51123;
	0fbd : 01C5A783;
	0fbe : CE9FF06F;
	0fbf : FF010113;
	0fc0 : 00112623;
	0fc1 : 00812423;
	0fc2 : 00912223;
	0fc3 : 00050413;
	0fc4 : 00068493;
	0fc5 : 00052783;
	0fc6 : 0007A023;
	0fc7 : 00052783;
	0fc8 : 0007A423;
	0fc9 : C55FF0EF;
	0fca : 00645703;
	0fcb : 00042783;
	0fcc : 0007A023;
	0fcd : 00042783;
	0fce : 00E7A623;
	0fcf : 00442703;
	0fd0 : 00042783;
	0fd1 : 000106B7;
	0fd2 : 00D7A023;
	0fd3 : 00042783;
	0fd4 : 00E7A623;
	0fd5 : 00A45703;
	0fd6 : 00042783;
	0fd7 : 000206B7;
	0fd8 : 00D7A023;
	0fd9 : 00042783;
	0fda : 00E7A623;
	0fdb : 00842703;
	0fdc : 00042783;
	0fdd : 000306B7;
	0fde : 00D7A023;
	0fdf : 00042783;
	0fe0 : 00E7A623;
	0fe1 : 01445703;
	0fe2 : 00042783;
	0fe3 : 000406B7;
	0fe4 : 00D7A023;
	0fe5 : 00042783;
	0fe6 : 00E7A623;
	0fe7 : 01645703;
	0fe8 : 00042783;
	0fe9 : 000506B7;
	0fea : 00D7A023;
	0feb : 00042783;
	0fec : 00E7A623;
	0fed : 01845703;
	0fee : 00042783;
	0fef : 000606B7;
	0ff0 : 00D7A023;
	0ff1 : 00042783;
	0ff2 : 00E7A623;
	0ff3 : 01A45703;
	0ff4 : 00042783;
	0ff5 : 000706B7;
	0ff6 : 00D7A023;
	0ff7 : 00042783;
	0ff8 : 00E7A623;
	0ff9 : 01C45703;
	0ffa : 00042783;
	0ffb : 000806B7;
	0ffc : 00D7A023;
	0ffd : 00042783;
	0ffe : 00E7A623;
	0fff : 01E45703;
	1000 : 00042783;
	1001 : 000906B7;
	1002 : 00D7A023;
	1003 : 00042783;
	1004 : 00E7A623;
	1005 : 02045703;
	1006 : 00042783;
	1007 : 000A06B7;
	1008 : 00D7A023;
	1009 : 00042783;
	100a : 00E7A623;
	100b : 02245703;
	100c : 00042783;
	100d : 000B06B7;
	100e : 00D7A023;
	100f : 00042783;
	1010 : 00E7A623;
	1011 : 00649493;
	1012 : 1C04F493;
	1013 : 02A4E493;
	1014 : 00042783;
	1015 : 0007A023;
	1016 : 00042783;
	1017 : 0097A423;
	1018 : 00C12083;
	1019 : 00812403;
	101a : 00412483;
	101b : 01010113;
	101c : 00008067;
	101d : FF010113;
	101e : 00112623;
	101f : 00812423;
	1020 : 00050413;
	1021 : 00052783;
	1022 : 0007A023;
	1023 : 00052783;
	1024 : 0007A423;
	1025 : AE5FF0EF;
	1026 : 00645703;
	1027 : 00042783;
	1028 : 0007A023;
	1029 : 00042783;
	102a : 00E7A623;
	102b : 00442703;
	102c : 00042783;
	102d : 000106B7;
	102e : 00D7A023;
	102f : 00042783;
	1030 : 00E7A623;
	1031 : 00A45703;
	1032 : 00042783;
	1033 : 000206B7;
	1034 : 00D7A023;
	1035 : 00042783;
	1036 : 00E7A623;
	1037 : 00842703;
	1038 : 00042783;
	1039 : 000306B7;
	103a : 00D7A023;
	103b : 00042783;
	103c : 00E7A623;
	103d : 01445703;
	103e : 00042783;
	103f : 000406B7;
	1040 : 00D7A023;
	1041 : 00042783;
	1042 : 00E7A623;
	1043 : 01645703;
	1044 : 00042783;
	1045 : 000506B7;
	1046 : 00D7A023;
	1047 : 00042783;
	1048 : 00E7A623;
	1049 : 01845703;
	104a : 00042783;
	104b : 000606B7;
	104c : 00D7A023;
	104d : 00042783;
	104e : 00E7A623;
	104f : 01A45703;
	1050 : 00042783;
	1051 : 000706B7;
	1052 : 00D7A023;
	1053 : 00042783;
	1054 : 00E7A623;
	1055 : 01C45703;
	1056 : 00042783;
	1057 : 000806B7;
	1058 : 00D7A023;
	1059 : 00042783;
	105a : 00E7A623;
	105b : 01E45703;
	105c : 00042783;
	105d : 000906B7;
	105e : 00D7A023;
	105f : 00042783;
	1060 : 00E7A623;
	1061 : 02045703;
	1062 : 00042783;
	1063 : 000A06B7;
	1064 : 00D7A023;
	1065 : 00042783;
	1066 : 00E7A623;
	1067 : 02245703;
	1068 : 00042783;
	1069 : 000B06B7;
	106a : 00D7A023;
	106b : 00042783;
	106c : 00E7A623;
	106d : 00042783;
	106e : 0007A023;
	106f : 00042703;
	1070 : 000017B7;
	1071 : A1B78793;
	1072 : 00F72423;
	1073 : 00C12083;
	1074 : 00812403;
	1075 : 01010113;
	1076 : 00008067;
	1077 : 00052783;
	1078 : 01059593;
	1079 : 00B7A023;
	107a : 00052783;
	107b : 00C7A623;
	107c : 00008067;
	107d : 00052783;
	107e : 00859593;
	107f : 00B7A023;
	1080 : 00052783;
	1081 : 00C7A423;
	1082 : 00008067;
	1083 : 00052783;
	1084 : 00859593;
	1085 : 00B7A023;
	1086 : 00052783;
	1087 : 0087A503;
	1088 : 00008067;
	1089 : 00052783;
	108a : 00B7A023;
	108b : 00052783;
	108c : 0047A503;
	108d : 00008067;
	108e : 00052783;
	108f : 10000693;
	1090 : 00D7A023;
	1091 : 00052703;
	1092 : 00872783;
	1093 : F007F793;
	1094 : 00F5E5B3;
	1095 : 00D72023;
	1096 : 00052783;
	1097 : 00B7A423;
	1098 : 00008067;
	1099 : 00052783;
	109a : 10000613;
	109b : 00C7A023;
	109c : 00052683;
	109d : 0086A783;
	109e : FF000737;
	109f : 0FF70713;
	10a0 : 00E7F7B3;
	10a1 : 00859593;
	10a2 : 00F5E5B3;
	10a3 : 00C6A023;
	10a4 : 00052783;
	10a5 : 00B7A423;
	10a6 : 00008067;
	10a7 : 00052783;
	10a8 : 00700713;
	10a9 : 00E7A023;
	10aa : 00052783;
	10ab : 0047A503;
	10ac : 01455513;
	10ad : 00157513;
	10ae : 00008067;
	10af : 00052783;
	10b0 : 00700713;
	10b1 : 00E7A023;
	10b2 : 00052783;
	10b3 : 0047A503;
	10b4 : 3FF57513;
	10b5 : 00008067;
	10b6 : 00052783;
	10b7 : 00700713;
	10b8 : 00E7A023;
	10b9 : 00052783;
	10ba : 0047A503;
	10bb : 00A55513;
	10bc : 3FF57513;
	10bd : 00008067;
	10be : 00052783;
	10bf : 00400713;
	10c0 : 00E7A023;
	10c1 : 00052783;
	10c2 : 0047A783;
	10c3 : 03F7F513;
	10c4 : 02000713;
	10c5 : 02E50863;
	10c6 : 0207F793;
	10c7 : 00078E63;
	10c8 : 40A00533;
	10c9 : 01F57513;
	10ca : 40A00533;
	10cb : 01851513;
	10cc : 41855513;
	10cd : 00008067;
	10ce : 01851513;
	10cf : 41855513;
	10d0 : 00008067;
	10d1 : FE000513;
	10d2 : 00008067;
	10d3 : 00052783;
	10d4 : 00400713;
	10d5 : 00E7A023;
	10d6 : 00052783;
	10d7 : 0047A783;
	10d8 : 0087D793;
	10d9 : 03F7F513;
	10da : 02000713;
	10db : 02E50863;
	10dc : 0207F793;
	10dd : 00078E63;
	10de : 40A00533;
	10df : 01F57513;
	10e0 : 40A00533;
	10e1 : 01851513;
	10e2 : 41855513;
	10e3 : 00008067;
	10e4 : 01851513;
	10e5 : 41855513;
	10e6 : 00008067;
	10e7 : FE000513;
	10e8 : 00008067;
	10e9 : 00052783;
	10ea : 00400713;
	10eb : 00E7A023;
	10ec : 00052783;
	10ed : 0047A783;
	10ee : 0107D793;
	10ef : 03F7F513;
	10f0 : 02000713;
	10f1 : 02E50263;
	10f2 : 0207F793;
	10f3 : 00078863;
	10f4 : 00157513;
	10f5 : 40A00533;
	10f6 : 00008067;
	10f7 : 01851513;
	10f8 : 41855513;
	10f9 : 00008067;
	10fa : FE000513;
	10fb : 00008067;
	10fc : 00052783;
	10fd : 00500713;
	10fe : 00E7A023;
	10ff : 00052783;
	1100 : 0047A783;
	1101 : 01179513;
	1102 : 01155513;
	1103 : 00004737;
	1104 : 02E50A63;
	1105 : 00E7F7B3;
	1106 : 02078063;
	1107 : 40A00533;
	1108 : 01151513;
	1109 : 01155513;
	110a : 40A00533;
	110b : 01051513;
	110c : 41055513;
	110d : 00008067;
	110e : 01051513;
	110f : 41055513;
	1110 : 00008067;
	1111 : FFFFC537;
	1112 : 00008067;
	1113 : 00052783;
	1114 : 00600713;
	1115 : 00E7A023;
	1116 : 00052783;
	1117 : 0047A783;
	1118 : 00379513;
	1119 : 00355513;
	111a : 10000737;
	111b : 00E7F7B3;
	111c : 00078A63;
	111d : 40A00533;
	111e : 00451513;
	111f : 00455513;
	1120 : 40A00533;
	1121 : 00008067;
	1122 : 00C5AE83;
	1123 : 0105AE03;
	1124 : 0145A303;
	1125 : 0185A883;
	1126 : 01C5A803;
	1127 : 0205A603;
	1128 : 0245A683;
	1129 : 0285A703;
	112a : 01D52023;
	112b : 01C52223;
	112c : 00652423;
	112d : 01152623;
	112e : 01052823;
	112f : 00C52A23;
	1130 : 00D52C23;
	1131 : 00E52E23;
	1132 : 00008067;
	1133 : 00052783;
	1134 : 0007A023;
	1135 : 00052783;
	1136 : 0047A503;
	1137 : 00008067;
	1138 : 00052783;
	1139 : 00100713;
	113a : 00E7A023;
	113b : 00052783;
	113c : 0047A503;
	113d : 00008067;
	113e : 00052783;
	113f : 00200713;
	1140 : 00E7A023;
	1141 : 00052783;
	1142 : 0047A503;
	1143 : 00008067;
	1144 : 00052783;
	1145 : 00300713;
	1146 : 00E7A023;
	1147 : 00052783;
	1148 : 0047A503;
	1149 : 00008067;
	114a : 7BC00793;
	114b : 08F50263;
	114c : 67400793;
	114d : 08F50E63;
	114e : 000017B7;
	114f : A5078793;
	1150 : 0AF50A63;
	1151 : 000017B7;
	1152 : 89878793;
	1153 : 0CF50463;
	1154 : 000017B7;
	1155 : F7878793;
	1156 : 0CF50E63;
	1157 : 000017B7;
	1158 : CE878793;
	1159 : 0EF50863;
	115a : 000017B7;
	115b : 4A078793;
	115c : 10F50263;
	115d : 000017B7;
	115e : 13078793;
	115f : 10F50E63;
	1160 : 000027B7;
	1161 : E5078793;
	1162 : 12F51A63;
	1163 : 000017B7;
	1164 : 11D78793;
	1165 : 00000513;
	1166 : 04F59263;
	1167 : 000F97B7;
	1168 : FF878793;
	1169 : 00F62023;
	116a : 00A00513;
	116b : 00008067;
	116c : 2EE00793;
	116d : 00000513;
	116e : 02F59263;
	116f : 000127B7;
	1170 : 20A78793;
	1171 : 00F62023;
	1172 : 00100513;
	1173 : 00008067;
	1174 : 2EE00793;
	1175 : 00000513;
	1176 : 00F58463;
	1177 : 00008067;
	1178 : 000127B7;
	1179 : 20A78793;
	117a : 00F62023;
	117b : 00200513;
	117c : 00008067;
	117d : 46500793;
	117e : 00000513;
	117f : FEF590E3;
	1180 : 000247B7;
	1181 : 41478793;
	1182 : 00F62023;
	1183 : 00300513;
	1184 : 00008067;
	1185 : 46500793;
	1186 : 00000513;
	1187 : FCF590E3;
	1188 : 000247B7;
	1189 : 41478793;
	118a : 00F62023;
	118b : 00400513;
	118c : 00008067;
	118d : 5DC00793;
	118e : 00000513;
	118f : FAF590E3;
	1190 : 000497B7;
	1191 : 82878793;
	1192 : 00F62023;
	1193 : 00500513;
	1194 : 00008067;
	1195 : 5DC00793;
	1196 : 00000513;
	1197 : F8F590E3;
	1198 : 000497B7;
	1199 : 82878793;
	119a : 00F62023;
	119b : 00600513;
	119c : 00008067;
	119d : 000017B7;
	119e : 8CA78793;
	119f : 00000513;
	11a0 : F4F59EE3;
	11a1 : 000917B7;
	11a2 : 05078793;
	11a3 : 00F62023;
	11a4 : 00700513;
	11a5 : 00008067;
	11a6 : 000017B7;
	11a7 : 8CA78793;
	11a8 : 00000513;
	11a9 : F2F59CE3;
	11aa : 000917B7;
	11ab : 05078793;
	11ac : 00F62023;
	11ad : 00800513;
	11ae : 00008067;
	11af : 3E000793;
	11b0 : 02F51263;
	11b1 : 7C500793;
	11b2 : 00000513;
	11b3 : F0F598E3;
	11b4 : 0001D7B7;
	11b5 : 4C078793;
	11b6 : 00F62023;
	11b7 : 00B00513;
	11b8 : 00008067;
	11b9 : 00000513;
	11ba : EF5FF06F;
	11bb : 00052783;
	11bc : 0007A023;
	11bd : 00052783;
	11be : 0087A683;
	11bf : BFF6E713;
	11c0 : 00058463;
	11c1 : 4006E713;
	11c2 : 0007A023;
	11c3 : 00052783;
	11c4 : 00E7A423;
	11c5 : 00008067;
	11c6 : 00300793;
	11c7 : 2AF50863;
	11c8 : 0EA7E863;
	11c9 : 00100793;
	11ca : 1CF50463;
	11cb : 00200793;
	11cc : 36F51A63;
	11cd : 10001737;
	11ce : 60470793;
	11cf : 00100693;
	11d0 : 02D78323;
	11d1 : 02D783A3;
	11d2 : 00200693;
	11d3 : 02D78B23;
	11d4 : 03A00693;
	11d5 : 02D78BA3;
	11d6 : F8000693;
	11d7 : 02D78C23;
	11d8 : FD000613;
	11d9 : 02C78CA3;
	11da : 07200613;
	11db : 02C78D23;
	11dc : 03800613;
	11dd : 02C78DA3;
	11de : 02D00613;
	11df : 02C78E23;
	11e0 : 04000613;
	11e1 : 02C78EA3;
	11e2 : 01000613;
	11e3 : 02C78F23;
	11e4 : 02C00613;
	11e5 : 02C78FA3;
	11e6 : 04500613;
	11e7 : 04C78023;
	11e8 : 04D780A3;
	11e9 : 04078123;
	11ea : 040781A3;
	11eb : 04078223;
	11ec : 040782A3;
	11ed : 04078323;
	11ee : 01E00693;
	11ef : 04D783A3;
	11f0 : 04878793;
	11f1 : 60470713;
	11f2 : 05A70693;
	11f3 : 00078023;
	11f4 : 00178793;
	11f5 : FED79CE3;
	11f6 : 100017B7;
	11f7 : 60478793;
	11f8 : 01000693;
	11f9 : 04D785A3;
	11fa : 05A78793;
	11fb : 06C70713;
	11fc : 00078023;
	11fd : 00178793;
	11fe : FEE79CE3;
	11ff : 100017B7;
	1200 : 01000713;
	1201 : 66E780A3;
	1202 : 00E00713;
	1203 : 1B40006F;
	1204 : 00400793;
	1205 : 28F51863;
	1206 : 10001737;
	1207 : 60470793;
	1208 : 00100693;
	1209 : 02D78323;
	120a : 02D783A3;
	120b : 00800693;
	120c : 02D78B23;
	120d : FE800693;
	120e : 02D78BA3;
	120f : 02078C23;
	1210 : 03000693;
	1211 : 02D78CA3;
	1212 : FF200693;
	1213 : 02D78D23;
	1214 : 07000693;
	1215 : 02D78DA3;
	1216 : 05A00693;
	1217 : 02D78E23;
	1218 : F8000693;
	1219 : 02D78EA3;
	121a : FB000693;
	121b : 02D78F23;
	121c : 05800693;
	121d : 02D78FA3;
	121e : F8A00693;
	121f : 04D78023;
	1220 : 040780A3;
	1221 : 04078123;
	1222 : 040781A3;
	1223 : 04078223;
	1224 : 040782A3;
	1225 : 04078323;
	1226 : 01E00693;
	1227 : 04D783A3;
	1228 : 04878793;
	1229 : 60470713;
	122a : 05A70693;
	122b : 00078023;
	122c : 00178793;
	122d : FED79CE3;
	122e : 100017B7;
	122f : 60478793;
	1230 : 01000693;
	1231 : 04D785A3;
	1232 : 05A78793;
	1233 : 06C70713;
	1234 : 00078023;
	1235 : 00178793;
	1236 : FEE79CE3;
	1237 : 100017B7;
	1238 : 01000713;
	1239 : 66E780A3;
	123a : 0C400713;
	123b : 0D40006F;
	123c : 10001737;
	123d : 60470793;
	123e : 00100693;
	123f : 02D78323;
	1240 : 02D783A3;
	1241 : 02D78B23;
	1242 : 01D00693;
	1243 : 02D78BA3;
	1244 : 02078C23;
	1245 : FBC00693;
	1246 : 02D78CA3;
	1247 : 05200693;
	1248 : 02D78D23;
	1249 : FD000693;
	124a : 02D78DA3;
	124b : 01E00693;
	124c : 02D78E23;
	124d : 02000613;
	124e : 02C78EA3;
	124f : FB800613;
	1250 : 02C78F23;
	1251 : 02800613;
	1252 : 02C78FA3;
	1253 : 05500613;
	1254 : 04C78023;
	1255 : 04000613;
	1256 : 04C780A3;
	1257 : 04078123;
	1258 : 040781A3;
	1259 : 04078223;
	125a : 040782A3;
	125b : 04078323;
	125c : 04D783A3;
	125d : 04878793;
	125e : 60470713;
	125f : 05A70693;
	1260 : 00078023;
	1261 : 00178793;
	1262 : FED79CE3;
	1263 : 100017B7;
	1264 : 60478793;
	1265 : 01000693;
	1266 : 04D785A3;
	1267 : 05A78793;
	1268 : 06C70713;
	1269 : 00078023;
	126a : 00178793;
	126b : FEE79CE3;
	126c : 100017B7;
	126d : 01000713;
	126e : 66E780A3;
	126f : 00300713;
	1270 : 100017B7;
	1271 : 68E781A3;
	1272 : 00008067;
	1273 : 10001737;
	1274 : 60470793;
	1275 : 00100693;
	1276 : 02D78323;
	1277 : 02D783A3;
	1278 : 00400693;
	1279 : 02D78B23;
	127a : 07400693;
	127b : 02D78BA3;
	127c : 02078C23;
	127d : 07800693;
	127e : 02D78CA3;
	127f : FA500693;
	1280 : 02D78D23;
	1281 : FA000693;
	1282 : 02D78DA3;
	1283 : 03C00693;
	1284 : 02D78E23;
	1285 : 05000693;
	1286 : 02D78EA3;
	1287 : FB800613;
	1288 : 02C78F23;
	1289 : 02D78FA3;
	128a : F8A00693;
	128b : 04D78023;
	128c : 04800693;
	128d : 04D780A3;
	128e : 04078123;
	128f : 040781A3;
	1290 : 04078223;
	1291 : 040782A3;
	1292 : 04078323;
	1293 : 01E00693;
	1294 : 04D783A3;
	1295 : 04878793;
	1296 : 60470713;
	1297 : 05A70693;
	1298 : 00078023;
	1299 : 00178793;
	129a : FED79CE3;
	129b : 100017B7;
	129c : 60478793;
	129d : 01000693;
	129e : 04D785A3;
	129f : 05A78793;
	12a0 : 06C70713;
	12a1 : 00078023;
	12a2 : 00178793;
	12a3 : FEE79CE3;
	12a4 : 100017B7;
	12a5 : 01000713;
	12a6 : 66E780A3;
	12a7 : 01700713;
	12a8 : F21FF06F;
	12a9 : 100017B7;
	12aa : 60478793;
	12ab : FD100713;
	12ac : 02E78323;
	12ad : FC000713;
	12ae : 02E783A3;
	12af : 00800713;
	12b0 : 02E78B23;
	12b1 : FE800713;
	12b2 : 02E78BA3;
	12b3 : 02078C23;
	12b4 : 03000713;
	12b5 : 02E78CA3;
	12b6 : FF200713;
	12b7 : 02E78D23;
	12b8 : 07000713;
	12b9 : 02E78DA3;
	12ba : 05A00713;
	12bb : 02E78E23;
	12bc : F8000713;
	12bd : 02E78EA3;
	12be : FB000713;
	12bf : 02E78F23;
	12c0 : 05800713;
	12c1 : 02E78FA3;
	12c2 : F8A00613;
	12c3 : 04C78023;
	12c4 : 040780A3;
	12c5 : 04078123;
	12c6 : 040781A3;
	12c7 : 04078223;
	12c8 : 040782A3;
	12c9 : 04078323;
	12ca : 01E00713;
	12cb : 04E783A3;
	12cc : 00400693;
	12cd : 04D78423;
	12ce : 07400693;
	12cf : 04D784A3;
	12d0 : 04078523;
	12d1 : 07800693;
	12d2 : 04D785A3;
	12d3 : FA500693;
	12d4 : 04D78623;
	12d5 : FA000693;
	12d6 : 04D786A3;
	12d7 : 03C00693;
	12d8 : 04D78723;
	12d9 : 05000593;
	12da : 04B787A3;
	12db : FB800693;
	12dc : 04D78823;
	12dd : 04B788A3;
	12de : 04C78923;
	12df : 04800613;
	12e0 : 04C789A3;
	12e1 : 04078A23;
	12e2 : 04078AA3;
	12e3 : 04078B23;
	12e4 : 04078BA3;
	12e5 : 04078C23;
	12e6 : 04E78CA3;
	12e7 : 00100613;
	12e8 : 04C78D23;
	12e9 : 01D00613;
	12ea : 04C78DA3;
	12eb : 04078E23;
	12ec : FBC00613;
	12ed : 04C78EA3;
	12ee : 05200613;
	12ef : 04C78F23;
	12f0 : FD000613;
	12f1 : 04C78FA3;
	12f2 : 06E78023;
	12f3 : 02000613;
	12f4 : 06C780A3;
	12f5 : 06D78123;
	12f6 : 02800693;
	12f7 : 06D781A3;
	12f8 : 05500693;
	12f9 : 06D78223;
	12fa : 04000693;
	12fb : 06D782A3;
	12fc : 06078323;
	12fd : 060783A3;
	12fe : 06078423;
	12ff : 060784A3;
	1300 : 06078523;
	1301 : 06E785A3;
	1302 : 0CF00713;
	1303 : DB5FF06F;
	1304 : 00B52223;
	1305 : 0005A503;
	1306 : FFFFB7B7;
	1307 : 2B978793;
	1308 : 00F50533;
	1309 : 00153513;
	130a : 00008067;
	130b : 00B00793;
	130c : 06B7EC63;
	130d : 00259593;
	130e : 100007B7;
	130f : 43078793;
	1310 : 00F585B3;
	1311 : 0005A783;
	1312 : 00078067;
	1313 : 06C52C23;
	1314 : 00008067;
	1315 : 06C52E23;
	1316 : 00008067;
	1317 : 08C52023;
	1318 : 00008067;
	1319 : 08C52223;
	131a : 00008067;
	131b : 08C52423;
	131c : 00008067;
	131d : 08C52623;
	131e : 00008067;
	131f : 08C52823;
	1320 : 00008067;
	1321 : 08C52A23;
	1322 : 00008067;
	1323 : 08C52C23;
	1324 : 00008067;
	1325 : 0AC52023;
	1326 : 00008067;
	1327 : 08C52E23;
	1328 : 00008067;
	1329 : 0AC52223;
	132a : 00008067;
	132b : 00B50023;
	132c : 06052A23;
	132d : 06052C23;
	132e : 06052E23;
	132f : 08052023;
	1330 : 08052223;
	1331 : 08052423;
	1332 : 08052623;
	1333 : 08052823;
	1334 : 08052A23;
	1335 : 08052C23;
	1336 : 08052E23;
	1337 : 0A052023;
	1338 : 000504A3;
	1339 : 00050423;
	133a : 00050523;
	133b : 0A0509A3;
	133c : 0A050A23;
	133d : 0A050AA3;
	133e : 0A052C23;
	133f : 0C0500A3;
	1340 : 0C050023;
	1341 : 0C050123;
	1342 : 0C0501A3;
	1343 : 0C050223;
	1344 : 0A050EA3;
	1345 : 0C050323;
	1346 : 0C0504A3;
	1347 : 0C050423;
	1348 : 0E0506A3;
	1349 : 0E050623;
	134a : 04050823;
	134b : 040508A3;
	134c : 50052A23;
	134d : 00452783;
	134e : 03300713;
	134f : 00E7A223;
	1350 : 00008067;
	1351 : 0B854503;
	1352 : 00008067;
	1353 : 0B854503;
	1354 : 00A03533;
	1355 : 00008067;
	1356 : 0BD54503;
	1357 : 00A03533;
	1358 : 00008067;
	1359 : 0C054503;
	135a : 00008067;
	135b : 0C154503;
	135c : 00008067;
	135d : 0C554503;
	135e : 00008067;
	135f : 0C254503;
	1360 : 00008067;
	1361 : 0C354503;
	1362 : 00008067;
	1363 : 0C454503;
	1364 : 00008067;
	1365 : 0AB50F23;
	1366 : 00008067;
	1367 : 0AB50FA3;
	1368 : 00008067;
	1369 : 0CB50323;
	136a : 00008067;
	136b : 00359793;
	136c : 00B787B3;
	136d : 00279793;
	136e : 00F50533;
	136f : 0C954503;
	1370 : 00A03533;
	1371 : 00008067;
	1372 : 00359793;
	1373 : 00B787B3;
	1374 : 00279793;
	1375 : 00F50533;
	1376 : 0CA54503;
	1377 : 00008067;
	1378 : 0B354503;
	1379 : 00A03533;
	137a : 00008067;
	137b : 0B554503;
	137c : 00008067;
	137d : 00452783;
	137e : 10000713;
	137f : 00E7A623;
	1380 : 04F54783;
	1381 : 02078263;
	1382 : 00000793;
	1383 : 00452703;
	1384 : 00F506B3;
	1385 : 02F6C683;
	1386 : 00D72623;
	1387 : 00178793;
	1388 : 04F54703;
	1389 : FEE7E4E3;
	138a : 00452783;
	138b : 1FF00713;
	138c : 00E7A623;
	138d : 00008067;
	138e : FF010113;
	138f : 00112623;
	1390 : 00100713;
	1391 : 04E507A3;
	1392 : 00500713;
	1393 : 02E507A3;
	1394 : FA5FF0EF;
	1395 : 00C12083;
	1396 : 01010113;
	1397 : 00008067;
	1398 : FF010113;
	1399 : 00112623;
	139a : 00100713;
	139b : 04E507A3;
	139c : 04200713;
	139d : 02E507A3;
	139e : F7DFF0EF;
	139f : 00C12083;
	13a0 : 01010113;
	13a1 : 00008067;
	13a2 : FF010113;
	13a3 : 00112623;
	13a4 : 00100713;
	13a5 : 04E507A3;
	13a6 : 02400713;
	13a7 : 02E507A3;
	13a8 : F55FF0EF;
	13a9 : 00C12083;
	13aa : 01010113;
	13ab : 00008067;
	13ac : 00452783;
	13ad : 0087A503;
	13ae : 01055513;
	13af : 01F57513;
	13b0 : 00008067;
	13b1 : 00452803;
	13b2 : 00000793;
	13b3 : 10000613;
	13b4 : 1FF00313;
	13b5 : 01C0006F;
	13b6 : 020505A3;
	13b7 : 00178793;
	13b8 : 0FF7F793;
	13b9 : 04B7F263;
	13ba : 00A54703;
	13bb : 04071663;
	13bc : 01082683;
	13bd : 1FF6F713;
	13be : FEC700E3;
	13bf : 02670863;
	13c0 : 02B54703;
	13c1 : 00170893;
	13c2 : 031505A3;
	13c3 : 00E50733;
	13c4 : 00D705A3;
	13c5 : 00050523;
	13c6 : 00178793;
	13c7 : 0FF7F793;
	13c8 : FCB7E8E3;
	13c9 : 00008067;
	13ca : 00008067;
	13cb : 00100793;
	13cc : 00F50523;
	13cd : 00008067;
	13ce : 00008067;
	13cf : 00050793;
	13d0 : 00050423;
	13d1 : 000504A3;
	13d2 : 0087C503;
	13d3 : 0FF57513;
	13d4 : 00051A63;
	13d5 : 0097C703;
	13d6 : 0FF77713;
	13d7 : FE0706E3;
	13d8 : 00008067;
	13d9 : 00100513;
	13da : 00008067;
	13db : FF010113;
	13dc : 00112623;
	13dd : 00812423;
	13de : 00050413;
	13df : 00100793;
	13e0 : 04F507A3;
	13e1 : 00300793;
	13e2 : 02F507A3;
	13e3 : E69FF0EF;
	13e4 : 00040513;
	13e5 : FA9FF0EF;
	13e6 : 00C12083;
	13e7 : 00812403;
	13e8 : 01010113;
	13e9 : 00008067;
	13ea : FF010113;
	13eb : 00112623;
	13ec : 00812423;
	13ed : 00050413;
	13ee : 00100793;
	13ef : 04F507A3;
	13f0 : 00700793;
	13f1 : 02F507A3;
	13f2 : 00058713;
	13f3 : 00858593;
	13f4 : 04F44783;
	13f5 : 00178693;
	13f6 : 04D407A3;
	13f7 : 00074683;
	13f8 : 00F407B3;
	13f9 : 02D787A3;
	13fa : 00170713;
	13fb : FEB712E3;
	13fc : 00040513;
	13fd : E01FF0EF;
	13fe : 00040513;
	13ff : F41FF0EF;
	1400 : 00C12083;
	1401 : 00812403;
	1402 : 01010113;
	1403 : 00008067;
	1404 : FF010113;
	1405 : 00112623;
	1406 : 00812423;
	1407 : 00050413;
	1408 : 02200793;
	1409 : 02F507A3;
	140a : 00200793;
	140b : 04F507A3;
	140c : FFF58593;
	140d : 0015B593;
	140e : 02B50823;
	140f : DB9FF0EF;
	1410 : 00040513;
	1411 : EF9FF0EF;
	1412 : 00C12083;
	1413 : 00812403;
	1414 : 01010113;
	1415 : 00008067;
	1416 : FF010113;
	1417 : 00112623;
	1418 : 00812423;
	1419 : 00050413;
	141a : 00100793;
	141b : 04F507A3;
	141c : 00600793;
	141d : 02F507A3;
	141e : D7DFF0EF;
	141f : 00040513;
	1420 : EBDFF0EF;
	1421 : 00C12083;
	1422 : 00812403;
	1423 : 01010113;
	1424 : 00008067;
	1425 : FF010113;
	1426 : 00112623;
	1427 : 00812423;
	1428 : 00912223;
	1429 : 01212023;
	142a : 00050413;
	142b : 00400793;
	142c : 02F507A3;
	142d : 02050823;
	142e : 00300793;
	142f : 04F507A3;
	1430 : 0BF54783;
	1431 : 02F508A3;
	1432 : D2DFF0EF;
	1433 : 00040513;
	1434 : E6DFF0EF;
	1435 : 00100793;
	1436 : 00000493;
	1437 : 02F50063;
	1438 : 00048513;
	1439 : 00C12083;
	143a : 00812403;
	143b : 00412483;
	143c : 00012903;
	143d : 01010113;
	143e : 00008067;
	143f : 00400793;
	1440 : 02F407A3;
	1441 : 00100913;
	1442 : 03240823;
	1443 : 00300793;
	1444 : 04F407A3;
	1445 : 0BE44783;
	1446 : 02F408A3;
	1447 : 00040513;
	1448 : CD5FF0EF;
	1449 : 00040513;
	144a : E15FF0EF;
	144b : 00050493;
	144c : 07251463;
	144d : 00044703;
	144e : 00100793;
	144f : 00F70E63;
	1450 : 00044783;
	1451 : F8079EE3;
	1452 : 00040513;
	1453 : F0DFF0EF;
	1454 : 00050493;
	1455 : F8DFF06F;
	1456 : 00400793;
	1457 : 02F407A3;
	1458 : 00200793;
	1459 : 02F40823;
	145a : 00300793;
	145b : 04F407A3;
	145c : 0C644783;
	145d : 02F408A3;
	145e : 00040513;
	145f : C79FF0EF;
	1460 : 00040513;
	1461 : DB9FF0EF;
	1462 : 00100793;
	1463 : FAF50AE3;
	1464 : 00000493;
	1465 : F4DFF06F;
	1466 : 00000493;
	1467 : F45FF06F;
	1468 : FF010113;
	1469 : 00112623;
	146a : 00812423;
	146b : 00050413;
	146c : 03000793;
	146d : 02F507A3;
	146e : 00200793;
	146f : 04F507A3;
	1470 : 0BF54783;
	1471 : 02F50823;
	1472 : C2DFF0EF;
	1473 : 00040513;
	1474 : D6DFF0EF;
	1475 : 00C12083;
	1476 : 00812403;
	1477 : 01010113;
	1478 : 00008067;
	1479 : FF010113;
	147a : 00112623;
	147b : 00812423;
	147c : 00050413;
	147d : 02100793;
	147e : 02F507A3;
	147f : 02B50823;
	1480 : 02C508A3;
	1481 : 00400793;
	1482 : 04F507A3;
	1483 : 02D50923;
	1484 : BE5FF0EF;
	1485 : 00040513;
	1486 : D25FF0EF;
	1487 : 00C12083;
	1488 : 00812403;
	1489 : 01010113;
	148a : 00008067;
	148b : FF010113;
	148c : 00112623;
	148d : 00812423;
	148e : 00050413;
	148f : 00200713;
	1490 : 01100793;
	1491 : 00E58A63;
	1492 : 00300713;
	1493 : 01200793;
	1494 : 00E58463;
	1495 : 01000793;
	1496 : 00100713;
	1497 : 04E407A3;
	1498 : 02F407A3;
	1499 : 00040513;
	149a : B8DFF0EF;
	149b : 00040513;
	149c : CCDFF0EF;
	149d : 00C12083;
	149e : 00812403;
	149f : 01010113;
	14a0 : 00008067;
	14a1 : FF010113;
	14a2 : 00112623;
	14a3 : 00812423;
	14a4 : 00050413;
	14a5 : 0085DF03;
	14a6 : 00361713;
	14a7 : 00C707B3;
	14a8 : 00279793;
	14a9 : 00F507B3;
	14aa : 0DE79A23;
	14ab : 00A5DE03;
	14ac : 0DC79B23;
	14ad : 00C5DE83;
	14ae : 0DD79C23;
	14af : 00E5D303;
	14b0 : 0C679D23;
	14b1 : 0105D883;
	14b2 : 0D179E23;
	14b3 : 0125D503;
	14b4 : 0CA79F23;
	14b5 : 0145D803;
	14b6 : 0F079023;
	14b7 : 0165D683;
	14b8 : 0ED79123;
	14b9 : 01A5C783;
	14ba : 00C70733;
	14bb : 00271713;
	14bc : 00E40733;
	14bd : 0EF70323;
	14be : 06600713;
	14bf : 02E407A3;
	14c0 : 02C40823;
	14c1 : 008F5713;
	14c2 : 02E408A3;
	14c3 : 03E40923;
	14c4 : 008ED713;
	14c5 : 02E409A3;
	14c6 : 03D40A23;
	14c7 : 008E5713;
	14c8 : 02E40AA3;
	14c9 : 03C40B23;
	14ca : 00835713;
	14cb : 02E40BA3;
	14cc : 02640C23;
	14cd : 0088D713;
	14ce : 02E40CA3;
	14cf : 03140D23;
	14d0 : 00885713;
	14d1 : 02E40DA3;
	14d2 : 03040E23;
	14d3 : 00855713;
	14d4 : 02E40EA3;
	14d5 : 02A40F23;
	14d6 : 0086D713;
	14d7 : 02E40FA3;
	14d8 : 04D40023;
	14d9 : 00A00693;
	14da : 02000713;
	14db : 02D78A63;
	14dc : 04E400A3;
	14dd : 01400793;
	14de : 04F407A3;
	14df : 04040123;
	14e0 : 00040513;
	14e1 : A71FF0EF;
	14e2 : 00040513;
	14e3 : BB1FF0EF;
	14e4 : 00C12083;
	14e5 : 00812403;
	14e6 : 01010113;
	14e7 : 00008067;
	14e8 : 04000713;
	14e9 : FCDFF06F;
	14ea : FF010113;
	14eb : 00112623;
	14ec : 00812423;
	14ed : 00050413;
	14ee : 07000793;
	14ef : 02F507A3;
	14f0 : 0105D793;
	14f1 : 02F50823;
	14f2 : 0085D793;
	14f3 : 02F508A3;
	14f4 : 00400793;
	14f5 : 04F507A3;
	14f6 : 02B50923;
	14f7 : 01000793;
	14f8 : 0AC7F263;
	14f9 : 50F50E23;
	14fa : 00500793;
	14fb : 04F407A3;
	14fc : 51C44783;
	14fd : 02F409A3;
	14fe : 51C44783;
	14ff : 0FF7F793;
	1500 : 02078C63;
	1501 : 00000793;
	1502 : 04F44703;
	1503 : 00170613;
	1504 : 04C407A3;
	1505 : 00F68633;
	1506 : 00064603;
	1507 : 00E40733;
	1508 : 02C707A3;
	1509 : 00178793;
	150a : 0FF7F793;
	150b : 51C44703;
	150c : 0FF77713;
	150d : FCE7EAE3;
	150e : 520406A3;
	150f : 00040513;
	1510 : 9B5FF0EF;
	1511 : 00040513;
	1512 : AF5FF0EF;
	1513 : 00100713;
	1514 : 00000793;
	1515 : 00E51E63;
	1516 : 52D44783;
	1517 : 0FF7F793;
	1518 : FE078CE3;
	1519 : 51442783;
	151a : FFD78793;
	151b : 0017B793;
	151c : 00078513;
	151d : 00C12083;
	151e : 00812403;
	151f : 01010113;
	1520 : 00008067;
	1521 : 50C50E23;
	1522 : F61FF06F;
	1523 : FF010113;
	1524 : 00112623;
	1525 : 00812423;
	1526 : 00912223;
	1527 : 00050413;
	1528 : 00068493;
	1529 : 07100793;
	152a : 02F507A3;
	152b : 0105D793;
	152c : 02F50823;
	152d : 0085D793;
	152e : 02F508A3;
	152f : 00400793;
	1530 : 04F507A3;
	1531 : 02B50923;
	1532 : 01000793;
	1533 : 04C7FA63;
	1534 : 50F50E23;
	1535 : 00500793;
	1536 : 04F407A3;
	1537 : 51C44783;
	1538 : 02F409A3;
	1539 : 520406A3;
	153a : 00040513;
	153b : 909FF0EF;
	153c : 00040513;
	153d : A49FF0EF;
	153e : 00100793;
	153f : 06F51263;
	1540 : 52D44783;
	1541 : 0FF7F793;
	1542 : FE078CE3;
	1543 : 51442703;
	1544 : 00300793;
	1545 : 00F70A63;
	1546 : 00000513;
	1547 : 0480006F;
	1548 : 50C50E23;
	1549 : FB1FF06F;
	154a : 51C44783;
	154b : 0FF7F793;
	154c : 02078A63;
	154d : 00000793;
	154e : 00F40733;
	154f : 51D74683;
	1550 : 00F48733;
	1551 : 00D70023;
	1552 : 00178793;
	1553 : 0FF7F793;
	1554 : 51C44703;
	1555 : 0FF77713;
	1556 : FEE7E0E3;
	1557 : 0080006F;
	1558 : 00000513;
	1559 : 00C12083;
	155a : 00812403;
	155b : 00412483;
	155c : 01010113;
	155d : 00008067;
	155e : FF010113;
	155f : 00112623;
	1560 : 00812423;
	1561 : 00050413;
	1562 : 00100793;
	1563 : 04F507A3;
	1564 : 06100793;
	1565 : 02F507A3;
	1566 : 00054783;
	1567 : 00079863;
	1568 : 00200793;
	1569 : 04F507A3;
	156a : 02B50823;
	156b : 00040513;
	156c : 845FF0EF;
	156d : 00040513;
	156e : 985FF0EF;
	156f : 00C12083;
	1570 : 00812403;
	1571 : 01010113;
	1572 : 00008067;
	1573 : FE010113;
	1574 : 00112E23;
	1575 : 00812C23;
	1576 : 00912A23;
	1577 : 01212823;
	1578 : 01312623;
	1579 : 01412423;
	157a : 01512223;
	157b : 01612023;
	157c : 00050413;
	157d : 00058913;
	157e : 00359793;
	157f : 00B787B3;
	1580 : 00279793;
	1581 : 00F507B3;
	1582 : 0C97C783;
	1583 : 02079263;
	1584 : 0B844503;
	1585 : 06050263;
	1586 : 00000493;
	1587 : 00100A93;
	1588 : 06000A13;
	1589 : 00200B13;
	158a : 00900993;
	158b : 0180006F;
	158c : F49FF0EF;
	158d : FDDFF06F;
	158e : 00148493;
	158f : 0FF4F493;
	1590 : 0699E063;
	1591 : 0BD44783;
	1592 : FE0788E3;
	1593 : 055407A3;
	1594 : 034407A3;
	1595 : 00044783;
	1596 : 00079663;
	1597 : 056407A3;
	1598 : 03240823;
	1599 : 00040513;
	159a : F8CFF0EF;
	159b : 00040513;
	159c : 8CDFF0EF;
	159d : FC0506E3;
	159e : 01C12083;
	159f : 01812403;
	15a0 : 01412483;
	15a1 : 01012903;
	15a2 : 00C12983;
	15a3 : 00812A03;
	15a4 : 00412A83;
	15a5 : 00012B03;
	15a6 : 02010113;
	15a7 : 00008067;
	15a8 : 00000513;
	15a9 : FD5FF06F;
	15aa : 00452783;
	15ab : 00400713;
	15ac : 00E7A223;
	15ad : FFC60813;
	15ae : FFC5F593;
	15af : 00C585B3;
	15b0 : 00000793;
	15b1 : 0100006F;
	15b2 : 00452703;
	15b3 : 00F72C23;
	15b4 : 03058463;
	15b5 : 00080613;
	15b6 : 00480813;
	15b7 : 00080713;
	15b8 : 00879793;
	15b9 : 00374683;
	15ba : 00F6E7B3;
	15bb : FFF70713;
	15bc : FEE618E3;
	15bd : FD5FF06F;
	15be : 00008067;
	15bf : 00452783;
	15c0 : 00C00713;
	15c1 : 00E7A223;
	15c2 : FFC60813;
	15c3 : FFC5F593;
	15c4 : 00C585B3;
	15c5 : 00000793;
	15c6 : 0100006F;
	15c7 : 00452703;
	15c8 : 00F72C23;
	15c9 : 03058463;
	15ca : 00080613;
	15cb : 00480813;
	15cc : 00080713;
	15cd : 00879793;
	15ce : 00374683;
	15cf : 00F6E7B3;
	15d0 : FFF70713;
	15d1 : FEE618E3;
	15d2 : FD5FF06F;
	15d3 : 00008067;
	15d4 : FE010113;
	15d5 : 00112E23;
	15d6 : 00812C23;
	15d7 : 00912A23;
	15d8 : 01212823;
	15d9 : 01312623;
	15da : 01412423;
	15db : 00050413;
	15dc : 00058A13;
	15dd : 50051823;
	15de : F8100993;
	15df : 00300913;
	15e0 : 01300493;
	15e1 : 033407A3;
	15e2 : 51045703;
	15e3 : 00875793;
	15e4 : 02F40823;
	15e5 : 02E408A3;
	15e6 : 00090793;
	15e7 : 00070613;
	15e8 : 00170713;
	15e9 : 01071713;
	15ea : 01075713;
	15eb : 00078693;
	15ec : 00178793;
	15ed : 0FF7F793;
	15ee : 00C40633;
	15ef : 11064603;
	15f0 : 00D406B3;
	15f1 : 02C687A3;
	15f2 : FC979AE3;
	15f3 : 50E41823;
	15f4 : 049407A3;
	15f5 : 04C400A3;
	15f6 : 00040513;
	15f7 : E18FF0EF;
	15f8 : 00040513;
	15f9 : F58FF0EF;
	15fa : 00050863;
	15fb : 51045783;
	15fc : F947EAE3;
	15fd : 00100513;
	15fe : 01C12083;
	15ff : 01812403;
	1600 : 01412483;
	1601 : 01012903;
	1602 : 00C12983;
	1603 : 00812A03;
	1604 : 02010113;
	1605 : 00008067;
	1606 : 01000793;
	1607 : 00B7F663;
	1608 : 00000513;
	1609 : 00008067;
	160a : FF010113;
	160b : 00112623;
	160c : 00812423;
	160d : 00050413;
	160e : 07500793;
	160f : 02F507A3;
	1610 : 02B50823;
	1611 : 01065793;
	1612 : 02F508A3;
	1613 : 00400793;
	1614 : 04F507A3;
	1615 : 00865613;
	1616 : 02C50923;
	1617 : D98FF0EF;
	1618 : 00040513;
	1619 : ED8FF0EF;
	161a : 00C12083;
	161b : 00812403;
	161c : 01010113;
	161d : 00008067;
	161e : 51852503;
	161f : 00008067;
	1620 : 51C54503;
	1621 : 00008067;
	1622 : 00B50533;
	1623 : 51D54503;
	1624 : 00008067;
	1625 : 00B50533;
	1626 : 50C50EA3;
	1627 : 00008067;
	1628 : 51452503;
	1629 : FFF50513;
	162a : 00153513;
	162b : 00008067;
	162c : 51452503;
	162d : FFE50513;
	162e : 00153513;
	162f : 00008067;
	1630 : FF010113;
	1631 : 00112623;
	1632 : 51C54783;
	1633 : 0FF7F793;
	1634 : 01000713;
	1635 : 00F77663;
	1636 : 01000793;
	1637 : 50F50E23;
	1638 : 07200793;
	1639 : 02F507A3;
	163a : 00200793;
	163b : 04F507A3;
	163c : 51C54783;
	163d : 02F50823;
	163e : 51C54783;
	163f : 0FF7F793;
	1640 : 04078063;
	1641 : 00200713;
	1642 : 00000793;
	1643 : 00070693;
	1644 : 00170713;
	1645 : 0FF77713;
	1646 : 00F50633;
	1647 : 51D64603;
	1648 : 00D506B3;
	1649 : 02C687A3;
	164a : 00178793;
	164b : 0FF7F793;
	164c : 51C54683;
	164d : 0FF6F693;
	164e : FCD7EAE3;
	164f : 04E507A3;
	1650 : CB4FF0EF;
	1651 : 00C12083;
	1652 : 01010113;
	1653 : 00008067;
	1654 : FF010113;
	1655 : 00112623;
	1656 : 07300713;
	1657 : 02E507A3;
	1658 : 00200713;
	1659 : 04E507A3;
	165a : 02050823;
	165b : C88FF0EF;
	165c : 00C12083;
	165d : 01010113;
	165e : 00008067;
	165f : 07452783;
	1660 : 00B7F7B3;
	1661 : 00078E63;
	1662 : 07452783;
	1663 : FFF5C593;
	1664 : 00F5F5B3;
	1665 : 06B52A23;
	1666 : 00100513;
	1667 : 00008067;
	1668 : 00000513;
	1669 : 00008067;
	166a : FE010113;
	166b : 00112E23;
	166c : 00812C23;
	166d : 00912A23;
	166e : 01212823;
	166f : 01312623;
	1670 : 00050413;
	1671 : 00000793;
	1672 : F8000913;
	1673 : 00200493;
	1674 : 0F000993;
	1675 : 0100006F;
	1676 : 01078793;
	1677 : 01079793;
	1678 : 0107D793;
	1679 : 50F41823;
	167a : 032407A3;
	167b : 049407A3;
	167c : 02F40823;
	167d : 00040513;
	167e : BFCFF0EF;
	167f : 00040513;
	1680 : D3CFF0EF;
	1681 : 02050063;
	1682 : 000025B7;
	1683 : 00040513;
	1684 : F6DFF0EF;
	1685 : FE051AE3;
	1686 : 51045783;
	1687 : FB379EE3;
	1688 : 00100513;
	1689 : 01C12083;
	168a : 01812403;
	168b : 01412483;
	168c : 01012903;
	168d : 00C12983;
	168e : 02010113;
	168f : 00008067;
	1690 : 05054783;
	1691 : 00F507B3;
	1692 : 04B78923;
	1693 : 05054783;
	1694 : 0FF7F793;
	1695 : 01F00713;
	1696 : 00F77663;
	1697 : 04050823;
	1698 : 00008067;
	1699 : 05054783;
	169a : 00178793;
	169b : 0FF7F793;
	169c : 04F50823;
	169d : 00008067;
	169e : FF010113;
	169f : 00112623;
	16a0 : 00812423;
	16a1 : 00050413;
	16a2 : 00050523;
	16a3 : 00B54703;
	16a4 : 08100793;
	16a5 : 02E7E263;
	16a6 : 00271793;
	16a7 : 10000737;
	16a8 : 46070713;
	16a9 : 00E787B3;
	16aa : 0007A783;
	16ab : 00078067;
	16ac : 00100793;
	16ad : 00F504A3;
	16ae : 07442783;
	16af : 56079E63;
	16b0 : 00C12083;
	16b1 : 00812403;
	16b2 : 01010113;
	16b3 : 00008067;
	16b4 : 00100793;
	16b5 : 00F50423;
	16b6 : FE1FF06F;
	16b7 : 00C54583;
	16b8 : F61FF0EF;
	16b9 : 07442783;
	16ba : 00004737;
	16bb : 00E7E7B3;
	16bc : 06F42A23;
	16bd : FC5FF06F;
	16be : 00C54783;
	16bf : 0AF50423;
	16c0 : 00D54783;
	16c1 : 0AF504A3;
	16c2 : 00E54783;
	16c3 : 0AF50523;
	16c4 : 00F54783;
	16c5 : 0AF505A3;
	16c6 : 01054783;
	16c7 : 0AF50623;
	16c8 : 01154783;
	16c9 : 0AF506A3;
	16ca : 01254783;
	16cb : 0AF50723;
	16cc : 01354783;
	16cd : 0AF507A3;
	16ce : 01454783;
	16cf : 0AF50823;
	16d0 : 01554783;
	16d1 : 0AF508A3;
	16d2 : 01654783;
	16d3 : 0AF50923;
	16d4 : 07452783;
	16d5 : 0087E793;
	16d6 : 06F52A23;
	16d7 : F5DFF06F;
	16d8 : 0A052C23;
	16d9 : 07452783;
	16da : 0047E793;
	16db : 06F52A23;
	16dc : F49FF06F;
	16dd : 00100793;
	16de : 0AF52C23;
	16df : 07452783;
	16e0 : 0047E793;
	16e1 : 06F52A23;
	16e2 : F31FF06F;
	16e3 : 00200793;
	16e4 : 0AF52C23;
	16e5 : 07452783;
	16e6 : 0047E793;
	16e7 : 06F52A23;
	16e8 : F19FF06F;
	16e9 : 00C54783;
	16ea : 0AF50E23;
	16eb : 07452783;
	16ec : 0107E793;
	16ed : 06F52A23;
	16ee : F01FF06F;
	16ef : 00C54783;
	16f0 : 0AF50AA3;
	16f1 : 00D54783;
	16f2 : 0CF500A3;
	16f3 : 00E54783;
	16f4 : 0CF50023;
	16f5 : 07452783;
	16f6 : 0207E793;
	16f7 : 06F52A23;
	16f8 : ED9FF06F;
	16f9 : 00C54783;
	16fa : 0CF500A3;
	16fb : 00D54783;
	16fc : 0CF50023;
	16fd : 00E54783;
	16fe : 0CF50123;
	16ff : 00F54783;
	1700 : 0CF501A3;
	1701 : 00100793;
	1702 : 0AF509A3;
	1703 : 0A050A23;
	1704 : 0A050AA3;
	1705 : 07452783;
	1706 : 1007E793;
	1707 : 06F52A23;
	1708 : E99FF06F;
	1709 : 00C54783;
	170a : 0CF500A3;
	170b : 00D54783;
	170c : 0CF50023;
	170d : 0C050123;
	170e : 0C0501A3;
	170f : 00100793;
	1710 : 0AF50A23;
	1711 : 0A0509A3;
	1712 : 0A050AA3;
	1713 : 07452783;
	1714 : 1007E793;
	1715 : 06F52A23;
	1716 : E61FF06F;
	1717 : 00C54783;
	1718 : 0CF500A3;
	1719 : 00D54783;
	171a : 0CF50023;
	171b : 00054703;
	171c : 00100793;
	171d : 00F70A63;
	171e : 07442783;
	171f : 0407E793;
	1720 : 06F42A23;
	1721 : E35FF06F;
	1722 : 00E54783;
	1723 : 0CF50223;
	1724 : FE9FF06F;
	1725 : 00C54783;
	1726 : 0CF50123;
	1727 : 00D54783;
	1728 : 0CF501A3;
	1729 : 07452783;
	172a : 0807E793;
	172b : 06F52A23;
	172c : E09FF06F;
	172d : 00100793;
	172e : 0AF50EA3;
	172f : 07452783;
	1730 : 2007E793;
	1731 : 06F52A23;
	1732 : DF1FF06F;
	1733 : 0A050EA3;
	1734 : 00C54783;
	1735 : 0CF502A3;
	1736 : 07452783;
	1737 : 2007E793;
	1738 : 06F52A23;
	1739 : DD5FF06F;
	173a : 00054783;
	173b : 00000693;
	173c : 00079463;
	173d : 00C54683;
	173e : 00369793;
	173f : 00D78733;
	1740 : 00271713;
	1741 : 00E40733;
	1742 : 00100613;
	1743 : 0CC704A3;
	1744 : 0CC70423;
	1745 : 07442783;
	1746 : 4007E793;
	1747 : 06F42A23;
	1748 : D99FF06F;
	1749 : 00054783;
	174a : 04079863;
	174b : 00C54683;
	174c : 00369793;
	174d : 00D787B3;
	174e : 00279793;
	174f : 00F507B3;
	1750 : 00D54703;
	1751 : 0CE78523;
	1752 : 00369793;
	1753 : 00D78733;
	1754 : 00271713;
	1755 : 00E40733;
	1756 : 0C0704A3;
	1757 : 00070793;
	1758 : 00100713;
	1759 : 0CE78423;
	175a : 07442783;
	175b : 4007E793;
	175c : 06F42A23;
	175d : D45FF06F;
	175e : 00C54783;
	175f : 0CF50523;
	1760 : 00000693;
	1761 : FC5FF06F;
	1762 : 00C54703;
	1763 : 01071713;
	1764 : 00D54783;
	1765 : 00879793;
	1766 : 00E7E7B3;
	1767 : 00E54703;
	1768 : 00F767B3;
	1769 : 0CF52623;
	176a : 00F54703;
	176b : 01071713;
	176c : 01054783;
	176d : 00879793;
	176e : 00E7E7B3;
	176f : 01154703;
	1770 : 00F767B3;
	1771 : 0CF52823;
	1772 : 01254703;
	1773 : 00871713;
	1774 : 01354783;
	1775 : 00E7E7B3;
	1776 : 0CF51A23;
	1777 : 01454703;
	1778 : 00871713;
	1779 : 01554783;
	177a : 00E7E7B3;
	177b : 0CF51C23;
	177c : 01654703;
	177d : 00871713;
	177e : 01754783;
	177f : 00E7E7B3;
	1780 : 0CF51B23;
	1781 : 01854703;
	1782 : 00871713;
	1783 : 01954783;
	1784 : 00E7E7B3;
	1785 : 0CF51D23;
	1786 : 01A54703;
	1787 : 00871713;
	1788 : 01B54783;
	1789 : 00E7E7B3;
	178a : 0CF51E23;
	178b : 01C54703;
	178c : 00871713;
	178d : 01D54783;
	178e : 00E7E7B3;
	178f : 0EF51023;
	1790 : 01E54703;
	1791 : 00871713;
	1792 : 01F54783;
	1793 : 00E7E7B3;
	1794 : 0CF51F23;
	1795 : 02054703;
	1796 : 00871713;
	1797 : 02154783;
	1798 : 00E7E7B3;
	1799 : 0EF51123;
	179a : 02254783;
	179b : 0EF50223;
	179c : 02354783;
	179d : 0EF502A3;
	179e : 02454783;
	179f : 0EF50323;
	17a0 : 02554783;
	17a1 : 0EF52423;
	17a2 : 07452783;
	17a3 : 00001737;
	17a4 : 80070713;
	17a5 : 00E7E7B3;
	17a6 : 06F52A23;
	17a7 : C1DFF06F;
	17a8 : 00100793;
	17a9 : 50F52A23;
	17aa : 00C54783;
	17ab : 01079793;
	17ac : 50F52C23;
	17ad : 51852703;
	17ae : 00D54783;
	17af : 00879793;
	17b0 : 00E7E7B3;
	17b1 : 50F52C23;
	17b2 : 51852703;
	17b3 : 00E54783;
	17b4 : 00E7E7B3;
	17b5 : 50F52C23;
	17b6 : 00F54783;
	17b7 : 50F50E23;
	17b8 : 51C54783;
	17b9 : 0FF7F793;
	17ba : 02078463;
	17bb : 00000793;
	17bc : 00F40733;
	17bd : 01074683;
	17be : 50D70EA3;
	17bf : 00178793;
	17c0 : 0FF7F793;
	17c1 : 51C44703;
	17c2 : 0FF77713;
	17c3 : FEE7E2E3;
	17c4 : 07442783;
	17c5 : 00001737;
	17c6 : 00E7E7B3;
	17c7 : 06F42A23;
	17c8 : B99FF06F;
	17c9 : 00200793;
	17ca : 50F52A23;
	17cb : 00C54783;
	17cc : 01079793;
	17cd : 50F52C23;
	17ce : 51852703;
	17cf : 00D54783;
	17d0 : 00879793;
	17d1 : 00E7E7B3;
	17d2 : 50F52C23;
	17d3 : 51852703;
	17d4 : 00E54783;
	17d5 : 00E7E7B3;
	17d6 : 50F52C23;
	17d7 : 00F54783;
	17d8 : 50F50E23;
	17d9 : 07452783;
	17da : 00001737;
	17db : 00E7E7B3;
	17dc : 06F52A23;
	17dd : B45FF06F;
	17de : 00300793;
	17df : 50F52A23;
	17e0 : 50052C23;
	17e1 : 00C54783;
	17e2 : 50F50E23;
	17e3 : 51C54783;
	17e4 : 0FF7F793;
	17e5 : 02078A63;
	17e6 : 51C54783;
	17e7 : 0FF7F793;
	17e8 : 02078463;
	17e9 : 00000793;
	17ea : 00F40733;
	17eb : 00D74683;
	17ec : 50D70EA3;
	17ed : 00178793;
	17ee : 0FF7F793;
	17ef : 51C44703;
	17f0 : 0FF77713;
	17f1 : FEE7E2E3;
	17f2 : 00100793;
	17f3 : 52F406A3;
	17f4 : AE9FF06F;
	17f5 : 00400793;
	17f6 : 50F52A23;
	17f7 : 50052C23;
	17f8 : 50050E23;
	17f9 : 00100793;
	17fa : 52F506A3;
	17fb : ACDFF06F;
	17fc : 51055783;
	17fd : 00C50713;
	17fe : 01C50593;
	17ff : 00078693;
	1800 : 00178793;
	1801 : 01079793;
	1802 : 0107D793;
	1803 : 00074603;
	1804 : 00D406B3;
	1805 : 10C68823;
	1806 : 00170713;
	1807 : FEB710E3;
	1808 : 50F41823;
	1809 : 07442783;
	180a : 00002737;
	180b : 00E7E7B3;
	180c : 06F42A23;
	180d : A85FF06F;
	180e : 00400593;
	180f : 00040513;
	1810 : 93DFF0EF;
	1811 : 00050A63;
	1812 : 07842783;
	1813 : 00078663;
	1814 : 00040513;
	1815 : 000780E7;
	1816 : 00800593;
	1817 : 00040513;
	1818 : 91DFF0EF;
	1819 : 00050A63;
	181a : 07C42783;
	181b : 00078663;
	181c : 00040513;
	181d : 000780E7;
	181e : 01000593;
	181f : 00040513;
	1820 : 8FDFF0EF;
	1821 : 00050A63;
	1822 : 08442783;
	1823 : 00078663;
	1824 : 00040513;
	1825 : 000780E7;
	1826 : 02000593;
	1827 : 00040513;
	1828 : 8DDFF0EF;
	1829 : 00050C63;
	182a : 08842783;
	182b : 00078863;
	182c : 00040513;
	182d : 000780E7;
	182e : 00C0006F;
	182f : 00040513;
	1830 : DC9FE0EF;
	1831 : 04000593;
	1832 : 00040513;
	1833 : 8B1FF0EF;
	1834 : 00050A63;
	1835 : 08C42783;
	1836 : 00078663;
	1837 : 00040513;
	1838 : 000780E7;
	1839 : 08000593;
	183a : 00040513;
	183b : 891FF0EF;
	183c : 00050A63;
	183d : 09042783;
	183e : 00078663;
	183f : 00040513;
	1840 : 000780E7;
	1841 : 10000593;
	1842 : 00040513;
	1843 : 871FF0EF;
	1844 : 00050A63;
	1845 : 08042783;
	1846 : 00078663;
	1847 : 00040513;
	1848 : 000780E7;
	1849 : 20000593;
	184a : 00040513;
	184b : 851FF0EF;
	184c : 00050A63;
	184d : 09442783;
	184e : 00078663;
	184f : 00040513;
	1850 : 000780E7;
	1851 : 40000593;
	1852 : 00040513;
	1853 : 831FF0EF;
	1854 : 00050A63;
	1855 : 09842783;
	1856 : 00078663;
	1857 : 00040513;
	1858 : 000780E7;
	1859 : 000015B7;
	185a : 80058593;
	185b : 00040513;
	185c : 80DFF0EF;
	185d : 00050A63;
	185e : 09C42783;
	185f : 00078663;
	1860 : 00040513;
	1861 : 000780E7;
	1862 : 000015B7;
	1863 : 00040513;
	1864 : FECFF0EF;
	1865 : 00050A63;
	1866 : 0A042783;
	1867 : 00078663;
	1868 : 00040513;
	1869 : 000780E7;
	186a : 000045B7;
	186b : 00040513;
	186c : FCCFF0EF;
	186d : 00050A63;
	186e : 0A442783;
	186f : 00078663;
	1870 : 00040513;
	1871 : 000780E7;
	1872 : 06042A23;
	1873 : 8F5FF06F;
	1874 : FF010113;
	1875 : 00112623;
	1876 : 00812423;
	1877 : 00912223;
	1878 : 00452483;
	1879 : 0084A783;
	187a : 0017F713;
	187b : 00070863;
	187c : 00050413;
	187d : 0087F793;
	187e : 00078C63;
	187f : 00C12083;
	1880 : 00812403;
	1881 : 00412483;
	1882 : 01010113;
	1883 : 00008067;
	1884 : CA1FE0EF;
	1885 : 00050593;
	1886 : 00040513;
	1887 : CA9FE0EF;
	1888 : 00100793;
	1889 : 00F4A423;
	188a : 00A44783;
	188b : FC0788E3;
	188c : 00040513;
	188d : 845FF0EF;
	188e : FC5FF06F;
	188f : 00050793;
	1890 : 05154703;
	1891 : 00E50733;
	1892 : 05274503;
	1893 : 0FF57513;
	1894 : 0517C703;
	1895 : 0FF77713;
	1896 : 01F00693;
	1897 : 00E6F663;
	1898 : 040788A3;
	1899 : 00008067;
	189a : 0517C703;
	189b : 00170713;
	189c : 0FF77713;
	189d : 04E788A3;
	189e : 00008067;
	189f : 0CC5AE83;
	18a0 : 0D05AE03;
	18a1 : 0D45A303;
	18a2 : 0D85A883;
	18a3 : 0DC5A803;
	18a4 : 0E05A603;
	18a5 : 0E45A683;
	18a6 : 0E85A703;
	18a7 : 01D52023;
	18a8 : 01C52223;
	18a9 : 00652423;
	18aa : 01152623;
	18ab : 01052823;
	18ac : 00C52A23;
	18ad : 00D52C23;
	18ae : 00E52E23;
	18af : 00008067;
	18b0 : 0A85C283;
	18b1 : 0A95CF83;
	18b2 : 0AA5CF03;
	18b3 : 0AB5CE83;
	18b4 : 0AC5CE03;
	18b5 : 0AD5C303;
	18b6 : 0AE5C883;
	18b7 : 0AF5C803;
	18b8 : 0B05C603;
	18b9 : 0B15C683;
	18ba : 0B25C703;
	18bb : 00550023;
	18bc : 01F500A3;
	18bd : 01E50123;
	18be : 01D501A3;
	18bf : 01C50223;
	18c0 : 006502A3;
	18c1 : 01150323;
	18c2 : 010503A3;
	18c3 : 00C50423;
	18c4 : 00D504A3;
	18c5 : 00E50523;
	18c6 : 00008067;
	18c7 : 00054503;
	18c8 : 00008067;
	18c9 : 00B50533;
	18ca : 11054503;
	18cb : 00008067;
	18cc : 00B50533;
	18cd : 10C50823;
	18ce : 00008067;
	18cf : FF010113;
	18d0 : 00112623;
	18d1 : 00812423;
	18d2 : 00912223;
	18d3 : 00050413;
	18d4 : 00100493;
	18d5 : 049507A3;
	18d6 : F9000793;
	18d7 : 02F507A3;
	18d8 : A95FE0EF;
	18d9 : 00040513;
	18da : BD5FE0EF;
	18db : 00950E63;
	18dc : 00200513;
	18dd : 00C12083;
	18de : 00812403;
	18df : 00412483;
	18e0 : 01010113;
	18e1 : 00008067;
	18e2 : 00C44503;
	18e3 : FE9FF06F;
	18e4 : FF010113;
	18e5 : 00112623;
	18e6 : 00812423;
	18e7 : 00912223;
	18e8 : 00050413;
	18e9 : 00100493;
	18ea : 049507A3;
	18eb : F9100793;
	18ec : 02F507A3;
	18ed : A41FE0EF;
	18ee : 00040513;
	18ef : B81FE0EF;
	18f0 : 00950E63;
	18f1 : 00200513;
	18f2 : 00C12083;
	18f3 : 00812403;
	18f4 : 00412483;
	18f5 : 01010113;
	18f6 : 00008067;
	18f7 : 00C44503;
	18f8 : FE9FF06F;
	18f9 : FF010113;
	18fa : 00112623;
	18fb : 00812423;
	18fc : 00050413;
	18fd : 100005B7;
	18fe : 66858593;
	18ff : 1000E537;
	1900 : 3AC50513;
	1901 : 9D0FA0EF;
	1902 : 00040513;
	1903 : 939FE0EF;
	1904 : 00100793;
	1905 : 02F50263;
	1906 : 00200793;
	1907 : 04F50063;
	1908 : 100005B7;
	1909 : 68858593;
	190a : 1000E537;
	190b : 3AC50513;
	190c : 9A4FA0EF;
	190d : 0180006F;
	190e : 100005B7;
	190f : 67058593;
	1910 : 1000E537;
	1911 : 3AC50513;
	1912 : 98CFA0EF;
	1913 : 00C12083;
	1914 : 00812403;
	1915 : 01010113;
	1916 : 00008067;
	1917 : 100005B7;
	1918 : 67C58593;
	1919 : 1000E537;
	191a : 3AC50513;
	191b : 968FA0EF;
	191c : FDDFF06F;
	191d : FE010113;
	191e : 00112E23;
	191f : 00812C23;
	1920 : 00050413;
	1921 : 00050593;
	1922 : 00410513;
	1923 : E35FF0EF;
	1924 : 00044783;
	1925 : 0E079463;
	1926 : 100005B7;
	1927 : 66858593;
	1928 : 1000E537;
	1929 : 3AC50513;
	192a : 92CFA0EF;
	192b : 1000E437;
	192c : 00514683;
	192d : 00414603;
	192e : 100005B7;
	192f : 69C58593;
	1930 : 3AC40513;
	1931 : 910FA0EF;
	1932 : 00714683;
	1933 : 00614603;
	1934 : 100005B7;
	1935 : 6AC58593;
	1936 : 3AC40513;
	1937 : 8F8FA0EF;
	1938 : 00814603;
	1939 : 100005B7;
	193a : 6B858593;
	193b : 3AC40513;
	193c : 8E4FA0EF;
	193d : 00914603;
	193e : 100005B7;
	193f : 6C458593;
	1940 : 3AC40513;
	1941 : 8D0FA0EF;
	1942 : 00A14603;
	1943 : 100005B7;
	1944 : 6D058593;
	1945 : 3AC40513;
	1946 : 8BCFA0EF;
	1947 : 00B14603;
	1948 : 100005B7;
	1949 : 6DC58593;
	194a : 3AC40513;
	194b : 8A8FA0EF;
	194c : 00C14603;
	194d : 100005B7;
	194e : 6EC58593;
	194f : 3AC40513;
	1950 : 894FA0EF;
	1951 : 00D14603;
	1952 : 100005B7;
	1953 : 70458593;
	1954 : 3AC40513;
	1955 : 880FA0EF;
	1956 : 00E14603;
	1957 : 100005B7;
	1958 : 71858593;
	1959 : 3AC40513;
	195a : 86CFA0EF;
	195b : 01C12083;
	195c : 01812403;
	195d : 02010113;
	195e : 00008067;
	195f : 100005B7;
	1960 : 69458593;
	1961 : 1000E537;
	1962 : 3AC50513;
	1963 : 848FA0EF;
	1964 : F1DFF06F;
	1965 : FF010113;
	1966 : 00112623;
	1967 : 00812423;
	1968 : 00050413;
	1969 : 849FE0EF;
	196a : 00040513;
	196b : FB8FE0EF;
	196c : 00040513;
	196d : 8D5FE0EF;
	196e : 00C12083;
	196f : 00812403;
	1970 : 01010113;
	1971 : 00008067;
	1972 : FF010113;
	1973 : 00112623;
	1974 : 00812423;
	1975 : 00912223;
	1976 : 00050413;
	1977 : 00054783;
	1978 : 0A079063;
	1979 : 100005B7;
	197a : 66858593;
	197b : 1000E537;
	197c : 3AC50513;
	197d : FE1F90EF;
	197e : 00040513;
	197f : FE4FE0EF;
	1980 : 00050493;
	1981 : 100005B7;
	1982 : 72858593;
	1983 : 1000E537;
	1984 : 3AC50513;
	1985 : FC1F90EF;
	1986 : 08048063;
	1987 : 100005B7;
	1988 : 73458593;
	1989 : 1000E537;
	198a : 3AC50513;
	198b : FA9F90EF;
	198c : 100005B7;
	198d : 74458593;
	198e : 1000E537;
	198f : 3AC50513;
	1990 : F95F90EF;
	1991 : 00040513;
	1992 : F24FE0EF;
	1993 : 01400713;
	1994 : 0CE50663;
	1995 : 04A76E63;
	1996 : 00600713;
	1997 : 06E50A63;
	1998 : 00A00713;
	1999 : 0CE51863;
	199a : 100005B7;
	199b : 75858593;
	199c : 1000E537;
	199d : 3AC50513;
	199e : F5DF90EF;
	199f : 0680006F;
	19a0 : 100005B7;
	19a1 : 69458593;
	19a2 : 1000E537;
	19a3 : 3AC50513;
	19a4 : F45F90EF;
	19a5 : F65FF06F;
	19a6 : 100005B7;
	19a7 : 73C58593;
	19a8 : 1000E537;
	19a9 : 3AC50513;
	19aa : F2DF90EF;
	19ab : F85FF06F;
	19ac : 01E00713;
	19ad : 08E51063;
	19ae : 100005B7;
	19af : 77058593;
	19b0 : 1000E537;
	19b1 : 3AC50513;
	19b2 : F0DF90EF;
	19b3 : 0180006F;
	19b4 : 100005B7;
	19b5 : 74C58593;
	19b6 : 1000E537;
	19b7 : 3AC50513;
	19b8 : EF5F90EF;
	19b9 : 00040513;
	19ba : E7CFE0EF;
	19bb : 00050613;
	19bc : 100005B7;
	19bd : 78458593;
	19be : 1000E537;
	19bf : 3AC50513;
	19c0 : ED5F90EF;
	19c1 : 04049463;
	19c2 : 00C12083;
	19c3 : 00812403;
	19c4 : 00412483;
	19c5 : 01010113;
	19c6 : 00008067;
	19c7 : 100005B7;
	19c8 : 76458593;
	19c9 : 1000E537;
	19ca : 3AC50513;
	19cb : EA9F90EF;
	19cc : FB5FF06F;
	19cd : 100005B7;
	19ce : 77C58593;
	19cf : 1000E537;
	19d0 : 3AC50513;
	19d1 : E91F90EF;
	19d2 : F9DFF06F;
	19d3 : 00040513;
	19d4 : E2CFE0EF;
	19d5 : 00050613;
	19d6 : 1000E4B7;
	19d7 : 100005B7;
	19d8 : 79458593;
	19d9 : 3AC48513;
	19da : E6DF90EF;
	19db : 00040513;
	19dc : E14FE0EF;
	19dd : 00050613;
	19de : 100005B7;
	19df : 7B058593;
	19e0 : 3AC48513;
	19e1 : E51F90EF;
	19e2 : F81FF06F;
	19e3 : FF010113;
	19e4 : 00112623;
	19e5 : 00812423;
	19e6 : 00050413;
	19e7 : 00054783;
	19e8 : 04079E63;
	19e9 : 100005B7;
	19ea : 66858593;
	19eb : 1000E537;
	19ec : 3AC50513;
	19ed : E21F90EF;
	19ee : 00040513;
	19ef : D9CFE0EF;
	19f0 : 04050A63;
	19f1 : 100005B7;
	19f2 : 7CC58593;
	19f3 : 1000E537;
	19f4 : 3AC50513;
	19f5 : E01F90EF;
	19f6 : 00044783;
	19f7 : 00079863;
	19f8 : 1000E7B7;
	19f9 : 00100713;
	19fa : 7AE78823;
	19fb : 00C12083;
	19fc : 00812403;
	19fd : 01010113;
	19fe : 00008067;
	19ff : 100005B7;
	1a00 : 69458593;
	1a01 : 1000E537;
	1a02 : 3AC50513;
	1a03 : DC9F90EF;
	1a04 : FA9FF06F;
	1a05 : 100005B7;
	1a06 : 7D858593;
	1a07 : 1000E537;
	1a08 : 3AC50513;
	1a09 : DB1F90EF;
	1a0a : 00040513;
	1a0b : D48FE0EF;
	1a0c : 00900793;
	1a0d : 0EA7EA63;
	1a0e : 00251513;
	1a0f : 100017B7;
	1a10 : 3DC78793;
	1a11 : 00F50533;
	1a12 : 00052783;
	1a13 : 00078067;
	1a14 : 100005B7;
	1a15 : 7E858593;
	1a16 : 1000E537;
	1a17 : 3AC50513;
	1a18 : D75F90EF;
	1a19 : F89FF06F;
	1a1a : 100005B7;
	1a1b : 7F458593;
	1a1c : 1000E537;
	1a1d : 3AC50513;
	1a1e : D5DF90EF;
	1a1f : F71FF06F;
	1a20 : 100015B7;
	1a21 : 80458593;
	1a22 : 1000E537;
	1a23 : 3AC50513;
	1a24 : D45F90EF;
	1a25 : F59FF06F;
	1a26 : 100015B7;
	1a27 : 81858593;
	1a28 : 1000E537;
	1a29 : 3AC50513;
	1a2a : D2DF90EF;
	1a2b : F41FF06F;
	1a2c : 100015B7;
	1a2d : 83058593;
	1a2e : 1000E537;
	1a2f : 3AC50513;
	1a30 : D15F90EF;
	1a31 : F29FF06F;
	1a32 : 100015B7;
	1a33 : 84058593;
	1a34 : 1000E537;
	1a35 : 3AC50513;
	1a36 : CFDF90EF;
	1a37 : F11FF06F;
	1a38 : 100015B7;
	1a39 : 85058593;
	1a3a : 1000E537;
	1a3b : 3AC50513;
	1a3c : CE5F90EF;
	1a3d : EF9FF06F;
	1a3e : 100015B7;
	1a3f : 85858593;
	1a40 : 1000E537;
	1a41 : 3AC50513;
	1a42 : CCDF90EF;
	1a43 : EE1FF06F;
	1a44 : 100015B7;
	1a45 : 86058593;
	1a46 : 1000E537;
	1a47 : 3AC50513;
	1a48 : CB5F90EF;
	1a49 : EC9FF06F;
	1a4a : 100005B7;
	1a4b : 1F058593;
	1a4c : 1000E537;
	1a4d : 3AC50513;
	1a4e : C9DF90EF;
	1a4f : EB1FF06F;
	1a50 : FE010113;
	1a51 : 00112E23;
	1a52 : 00812C23;
	1a53 : 00912A23;
	1a54 : 01212823;
	1a55 : 01312623;
	1a56 : 01412423;
	1a57 : 01512223;
	1a58 : 01612023;
	1a59 : 00050913;
	1a5a : 00054983;
	1a5b : 0019B993;
	1a5c : 00198993;
	1a5d : 0C850493;
	1a5e : 00000413;
	1a5f : 1000EB37;
	1a60 : 10001AB7;
	1a61 : 0C00006F;
	1a62 : 100005B7;
	1a63 : 69458593;
	1a64 : 1000E537;
	1a65 : 3AC50513;
	1a66 : C3DF90EF;
	1a67 : 0D00006F;
	1a68 : 100015B7;
	1a69 : 89458593;
	1a6a : 1000E537;
	1a6b : 3AC50513;
	1a6c : C25F90EF;
	1a6d : 000A0593;
	1a6e : 00090513;
	1a6f : C0CFE0EF;
	1a70 : 00300793;
	1a71 : 0EF50263;
	1a72 : 02A7E663;
	1a73 : 00100793;
	1a74 : 04F50263;
	1a75 : 00200793;
	1a76 : 0EF51463;
	1a77 : 100015B7;
	1a78 : 8BC58593;
	1a79 : 1000E537;
	1a7a : 3AC50513;
	1a7b : BE9F90EF;
	1a7c : 0380006F;
	1a7d : 00400793;
	1a7e : 0CF51463;
	1a7f : 100005B7;
	1a80 : 7EC58593;
	1a81 : 1000E537;
	1a82 : 3AC50513;
	1a83 : BC9F90EF;
	1a84 : 0180006F;
	1a85 : 100015B7;
	1a86 : 89C58593;
	1a87 : 1000E537;
	1a88 : 3AC50513;
	1a89 : BB1F90EF;
	1a8a : 00094703;
	1a8b : 00100793;
	1a8c : 0AF70463;
	1a8d : 00140413;
	1a8e : 02448493;
	1a8f : 0FF47793;
	1a90 : 0B37F463;
	1a91 : 0004C783;
	1a92 : FE0786E3;
	1a93 : 00048023;
	1a94 : 00094783;
	1a95 : F2079AE3;
	1a96 : 100005B7;
	1a97 : 66858593;
	1a98 : 1000E537;
	1a99 : 3AC50513;
	1a9a : B6DF90EF;
	1a9b : 0FF47A13;
	1a9c : 00040613;
	1a9d : 87CA8593;
	1a9e : 3ACB0513;
	1a9f : B59F90EF;
	1aa0 : 000A0593;
	1aa1 : 00090513;
	1aa2 : B24FE0EF;
	1aa3 : F0050AE3;
	1aa4 : 100015B7;
	1aa5 : 89058593;
	1aa6 : 1000E537;
	1aa7 : 3AC50513;
	1aa8 : B35F90EF;
	1aa9 : F91FF06F;
	1aaa : 100015B7;
	1aab : 8A858593;
	1aac : 1000E537;
	1aad : 3AC50513;
	1aae : B1DF90EF;
	1aaf : F6DFF06F;
	1ab0 : 100005B7;
	1ab1 : 1F058593;
	1ab2 : 1000E537;
	1ab3 : 3AC50513;
	1ab4 : B05F90EF;
	1ab5 : F55FF06F;
	1ab6 : 1000E7B7;
	1ab7 : 00100713;
	1ab8 : 7AE78823;
	1ab9 : F51FF06F;
	1aba : 01C12083;
	1abb : 01812403;
	1abc : 01412483;
	1abd : 01012903;
	1abe : 00C12983;
	1abf : 00812A03;
	1ac0 : 00412A83;
	1ac1 : 00012B03;
	1ac2 : 02010113;
	1ac3 : 00008067;
	1ac4 : FD010113;
	1ac5 : 02112623;
	1ac6 : 02812423;
	1ac7 : 02912223;
	1ac8 : 00050493;
	1ac9 : 1000E437;
	1aca : 100015B7;
	1acb : 8C458593;
	1acc : 3AC40513;
	1acd : AA1F90EF;
	1ace : 00048593;
	1acf : 00010513;
	1ad0 : F3CFF0EF;
	1ad1 : 00012603;
	1ad2 : 100015B7;
	1ad3 : 8D058593;
	1ad4 : 3AC40513;
	1ad5 : A81F90EF;
	1ad6 : 00412603;
	1ad7 : 100015B7;
	1ad8 : 8DC58593;
	1ad9 : 3AC40513;
	1ada : A6DF90EF;
	1adb : 00815603;
	1adc : 100015B7;
	1add : 8EC58593;
	1ade : 3AC40513;
	1adf : A59F90EF;
	1ae0 : 00C15603;
	1ae1 : 100015B7;
	1ae2 : 8FC58593;
	1ae3 : 3AC40513;
	1ae4 : A45F90EF;
	1ae5 : 00A15603;
	1ae6 : 100015B7;
	1ae7 : 90C58593;
	1ae8 : 3AC40513;
	1ae9 : A31F90EF;
	1aea : 00E15603;
	1aeb : 100015B7;
	1aec : 91C58593;
	1aed : 3AC40513;
	1aee : A1DF90EF;
	1aef : 01015603;
	1af0 : 100015B7;
	1af1 : 92C58593;
	1af2 : 3AC40513;
	1af3 : A09F90EF;
	1af4 : 01415603;
	1af5 : 100015B7;
	1af6 : 93C58593;
	1af7 : 3AC40513;
	1af8 : 9F5F90EF;
	1af9 : 01215603;
	1afa : 100015B7;
	1afb : 94C58593;
	1afc : 3AC40513;
	1afd : 9E1F90EF;
	1afe : 01615603;
	1aff : 100015B7;
	1b00 : 95C58593;
	1b01 : 3AC40513;
	1b02 : 9CDF90EF;
	1b03 : 01A14603;
	1b04 : 100015B7;
	1b05 : 96C58593;
	1b06 : 3AC40513;
	1b07 : 9B9F90EF;
	1b08 : 100015B7;
	1b09 : 97858593;
	1b0a : 3AC40513;
	1b0b : 9A9F90EF;
	1b0c : 01C12783;
	1b0d : 00300713;
	1b0e : 08E78263;
	1b0f : 02F76663;
	1b10 : 00100713;
	1b11 : 04E78263;
	1b12 : 00200713;
	1b13 : 08E79463;
	1b14 : 100015B7;
	1b15 : 99458593;
	1b16 : 1000E537;
	1b17 : 3AC50513;
	1b18 : 975F90EF;
	1b19 : 0380006F;
	1b1a : 00400713;
	1b1b : 06E79463;
	1b1c : 100015B7;
	1b1d : 9AC58593;
	1b1e : 1000E537;
	1b1f : 3AC50513;
	1b20 : 955F90EF;
	1b21 : 0180006F;
	1b22 : 100015B7;
	1b23 : 98C58593;
	1b24 : 1000E537;
	1b25 : 3AC50513;
	1b26 : 93DF90EF;
	1b27 : 1000E7B7;
	1b28 : 00100713;
	1b29 : 7AE78923;
	1b2a : 02C12083;
	1b2b : 02812403;
	1b2c : 02412483;
	1b2d : 03010113;
	1b2e : 00008067;
	1b2f : 100015B7;
	1b30 : 9A058593;
	1b31 : 1000E537;
	1b32 : 3AC50513;
	1b33 : 909F90EF;
	1b34 : FCDFF06F;
	1b35 : 100005B7;
	1b36 : 1F058593;
	1b37 : 1000E537;
	1b38 : 3AC50513;
	1b39 : 8F1F90EF;
	1b3a : FB5FF06F;
	1b3b : FE010113;
	1b3c : 00112E23;
	1b3d : 00812C23;
	1b3e : 00912A23;
	1b3f : 01212823;
	1b40 : 01312623;
	1b41 : 01412423;
	1b42 : 00050493;
	1b43 : 100015B7;
	1b44 : 9B858593;
	1b45 : 1000E537;
	1b46 : 3AC50513;
	1b47 : 8B9F90EF;
	1b48 : 00048513;
	1b49 : B55FE0EF;
	1b4a : 00050993;
	1b4b : 00048513;
	1b4c : B51FE0EF;
	1b4d : 00050913;
	1b4e : 00048513;
	1b4f : B65FE0EF;
	1b50 : 08050663;
	1b51 : 100015B7;
	1b52 : 9C858593;
	1b53 : 1000E537;
	1b54 : 3AC50513;
	1b55 : 881F90EF;
	1b56 : 00048513;
	1b57 : B65FE0EF;
	1b58 : 1000E437;
	1b59 : 00098613;
	1b5a : 100015B7;
	1b5b : 9D858593;
	1b5c : 3AC40513;
	1b5d : 861F90EF;
	1b5e : 00090613;
	1b5f : 100015B7;
	1b60 : 9E858593;
	1b61 : 3AC40513;
	1b62 : 84DF90EF;
	1b63 : 00048513;
	1b64 : B11FE0EF;
	1b65 : 0A051063;
	1b66 : 100015B7;
	1b67 : A2858593;
	1b68 : 1000E537;
	1b69 : 3AC50513;
	1b6a : 82DF90EF;
	1b6b : 01C12083;
	1b6c : 01812403;
	1b6d : 01412483;
	1b6e : 01012903;
	1b6f : 00C12983;
	1b70 : 00812A03;
	1b71 : 02010113;
	1b72 : 00008067;
	1b73 : 00050413;
	1b74 : 00048513;
	1b75 : ADDFE0EF;
	1b76 : 04050263;
	1b77 : 100015B7;
	1b78 : 9D058593;
	1b79 : 1000E537;
	1b7a : 3AC50513;
	1b7b : FE8F90EF;
	1b7c : 02090063;
	1b7d : 00040613;
	1b7e : 00040593;
	1b7f : 00048513;
	1b80 : A95FE0EF;
	1b81 : 00140413;
	1b82 : 0FF47413;
	1b83 : FE8914E3;
	1b84 : 00048513;
	1b85 : AADFE0EF;
	1b86 : F49FF06F;
	1b87 : 100005B7;
	1b88 : 77C58593;
	1b89 : 1000E537;
	1b8a : 3AC50513;
	1b8b : FA8F90EF;
	1b8c : F31FF06F;
	1b8d : 100015B7;
	1b8e : 9F858593;
	1b8f : 3AC40513;
	1b90 : F94F90EF;
	1b91 : F4090AE3;
	1b92 : 00000413;
	1b93 : 1000EA37;
	1b94 : 100019B7;
	1b95 : 00040593;
	1b96 : 00048513;
	1b97 : A2DFE0EF;
	1b98 : 00050613;
	1b99 : A0498593;
	1b9a : 3ACA0513;
	1b9b : F68F90EF;
	1b9c : 00140413;
	1b9d : 0FF47413;
	1b9e : FC891EE3;
	1b9f : F1DFF06F;
	1ba0 : FF010113;
	1ba1 : 00112623;
	1ba2 : 00812423;
	1ba3 : 00050413;
	1ba4 : 00054783;
	1ba5 : 04079463;
	1ba6 : 100005B7;
	1ba7 : 66858593;
	1ba8 : 1000E537;
	1ba9 : 3AC50513;
	1baa : F2CF90EF;
	1bab : 00040513;
	1bac : B8CFF0EF;
	1bad : 00050613;
	1bae : 100015B7;
	1baf : A0858593;
	1bb0 : 1000E537;
	1bb1 : 3AC50513;
	1bb2 : F0CF90EF;
	1bb3 : 00C12083;
	1bb4 : 00812403;
	1bb5 : 01010113;
	1bb6 : 00008067;
	1bb7 : 100005B7;
	1bb8 : 69458593;
	1bb9 : 1000E537;
	1bba : 3AC50513;
	1bbb : EE8F90EF;
	1bbc : FBDFF06F;
	1bbd : FF010113;
	1bbe : 00112623;
	1bbf : 00812423;
	1bc0 : 00912223;
	1bc1 : 00A03433;
	1bc2 : 00141413;
	1bc3 : 00240413;
	1bc4 : 00040593;
	1bc5 : 100004B7;
	1bc6 : 00848513;
	1bc7 : 909F90EF;
	1bc8 : 00040593;
	1bc9 : 00848513;
	1bca : 909F90EF;
	1bcb : 00C12083;
	1bcc : 00812403;
	1bcd : 00412483;
	1bce : 01010113;
	1bcf : 00008067;
	1bd0 : FF010113;
	1bd1 : 00112623;
	1bd2 : 10001537;
	1bd3 : A1450513;
	1bd4 : A9CF90EF;
	1bd5 : 10001537;
	1bd6 : A2050513;
	1bd7 : A90F90EF;
	1bd8 : 10001537;
	1bd9 : A2C50513;
	1bda : A84F90EF;
	1bdb : 10001537;
	1bdc : A3850513;
	1bdd : A78F90EF;
	1bde : 10001537;
	1bdf : A4450513;
	1be0 : A6CF90EF;
	1be1 : 10001537;
	1be2 : A5050513;
	1be3 : A60F90EF;
	1be4 : 10001537;
	1be5 : A6050513;
	1be6 : A54F90EF;
	1be7 : 10001537;
	1be8 : A7050513;
	1be9 : A48F90EF;
	1bea : 10001537;
	1beb : A8050513;
	1bec : A3CF90EF;
	1bed : 10001537;
	1bee : A8C50513;
	1bef : A30F90EF;
	1bf0 : 10001537;
	1bf1 : A9850513;
	1bf2 : A24F90EF;
	1bf3 : 10001537;
	1bf4 : AA450513;
	1bf5 : A18F90EF;
	1bf6 : 10001537;
	1bf7 : AB050513;
	1bf8 : A0CF90EF;
	1bf9 : 10001537;
	1bfa : ABC50513;
	1bfb : A00F90EF;
	1bfc : 10001537;
	1bfd : AC850513;
	1bfe : 9F4F90EF;
	1bff : 10001537;
	1c00 : AD850513;
	1c01 : 9E8F90EF;
	1c02 : 10001537;
	1c03 : AE850513;
	1c04 : 9DCF90EF;
	1c05 : 10001537;
	1c06 : AFC50513;
	1c07 : 9D0F90EF;
	1c08 : 10001537;
	1c09 : A2850513;
	1c0a : 9C4F90EF;
	1c0b : 00C12083;
	1c0c : 01010113;
	1c0d : 00008067;
	1c0e : FF010113;
	1c0f : 00112623;
	1c10 : 00812423;
	1c11 : 00912223;
	1c12 : 01400793;
	1c13 : 00400493;
	1c14 : 02F50063;
	1c15 : 01E00793;
	1c16 : 00500493;
	1c17 : 00F50A63;
	1c18 : 00A00793;
	1c19 : 00300493;
	1c1a : 00F50463;
	1c1b : 00100493;
	1c1c : 1000E437;
	1c1d : 3AC40413;
	1c1e : 000215B7;
	1c1f : F5858593;
	1c20 : 41040513;
	1c21 : 831FC0EF;
	1c22 : 00048593;
	1c23 : 45040513;
	1c24 : 75D010EF;
	1c25 : 00C12083;
	1c26 : 00812403;
	1c27 : 00412483;
	1c28 : 01010113;
	1c29 : 00008067;
	1c2a : FF010113;
	1c2b : 00112623;
	1c2c : 00812423;
	1c2d : 00050413;
	1c2e : CB5FD0EF;
	1c2f : F7DFF0EF;
	1c30 : 00040513;
	1c31 : D9DFD0EF;
	1c32 : 00C12083;
	1c33 : 00812403;
	1c34 : 01010113;
	1c35 : 00008067;
	1c36 : FF010113;
	1c37 : 00112623;
	1c38 : 00058613;
	1c39 : 00050593;
	1c3a : 1000E537;
	1c3b : 7FC50513;
	1c3c : 161010EF;
	1c3d : 00C12083;
	1c3e : 01010113;
	1c3f : 00008067;
	1c40 : FF010113;
	1c41 : 00112623;
	1c42 : 00812423;
	1c43 : 00912223;
	1c44 : 00050413;
	1c45 : C69FD0EF;
	1c46 : 00050493;
	1c47 : 00040513;
	1c48 : C65FD0EF;
	1c49 : 00050593;
	1c4a : 00048513;
	1c4b : FADFF0EF;
	1c4c : 00040513;
	1c4d : D2DFD0EF;
	1c4e : 00C12083;
	1c4f : 00812403;
	1c50 : 00412483;
	1c51 : 01010113;
	1c52 : 00008067;
	1c53 : FF010113;
	1c54 : 00112623;
	1c55 : 01400793;
	1c56 : 00400593;
	1c57 : 02F50063;
	1c58 : 01E00793;
	1c59 : 00500593;
	1c5a : 00F50A63;
	1c5b : 00A00793;
	1c5c : 00300593;
	1c5d : 00F50463;
	1c5e : 00100593;
	1c5f : 1000E537;
	1c60 : 7FC50513;
	1c61 : 168020EF;
	1c62 : 00C12083;
	1c63 : 01010113;
	1c64 : 00008067;
	1c65 : FF010113;
	1c66 : 00112623;
	1c67 : 00812423;
	1c68 : 00912223;
	1c69 : 00050413;
	1c6a : BC5FD0EF;
	1c6b : 00050493;
	1c6c : 00040513;
	1c6d : BD9FD0EF;
	1c6e : 00050593;
	1c6f : 00048513;
	1c70 : F8DFF0EF;
	1c71 : 00040513;
	1c72 : C99FD0EF;
	1c73 : 00C12083;
	1c74 : 00812403;
	1c75 : 00412483;
	1c76 : 01010113;
	1c77 : 00008067;
	1c78 : FF010113;
	1c79 : 00112623;
	1c7a : 00812423;
	1c7b : 10001537;
	1c7c : B1050513;
	1c7d : FF9F80EF;
	1c7e : 1000F437;
	1c7f : 8D440413;
	1c80 : 00040513;
	1c81 : 898FD0EF;
	1c82 : 00050593;
	1c83 : 10001537;
	1c84 : B1850513;
	1c85 : FD9F80EF;
	1c86 : 00040513;
	1c87 : 8A0FD0EF;
	1c88 : 00050593;
	1c89 : 10001537;
	1c8a : B2450513;
	1c8b : FC1F80EF;
	1c8c : 00040513;
	1c8d : 8A4FD0EF;
	1c8e : 00050593;
	1c8f : 10001537;
	1c90 : B3850513;
	1c91 : FA9F80EF;
	1c92 : 10001537;
	1c93 : B4C50513;
	1c94 : F9DF80EF;
	1c95 : 10001537;
	1c96 : B6050513;
	1c97 : F91F80EF;
	1c98 : 00040513;
	1c99 : 894FD0EF;
	1c9a : 00050593;
	1c9b : 12054E63;
	1c9c : 10001537;
	1c9d : B2050513;
	1c9e : F75F80EF;
	1c9f : 10001537;
	1ca0 : B7050513;
	1ca1 : F69F80EF;
	1ca2 : 1000F537;
	1ca3 : 8D450513;
	1ca4 : 8BCFD0EF;
	1ca5 : 00050413;
	1ca6 : 00050593;
	1ca7 : 12054263;
	1ca8 : 10001537;
	1ca9 : B2050513;
	1caa : F45F80EF;
	1cab : 10001537;
	1cac : B8050513;
	1cad : F39F80EF;
	1cae : 1000F537;
	1caf : 8D450513;
	1cb0 : 8E4FD0EF;
	1cb1 : 00050413;
	1cb2 : 00050593;
	1cb3 : 10054463;
	1cb4 : 10001537;
	1cb5 : B2050513;
	1cb6 : F15F80EF;
	1cb7 : 10001537;
	1cb8 : B9050513;
	1cb9 : F09F80EF;
	1cba : 1000F537;
	1cbb : 8D450513;
	1cbc : 900FD0EF;
	1cbd : 00050413;
	1cbe : 00050593;
	1cbf : 0E054663;
	1cc0 : 10001537;
	1cc1 : B2050513;
	1cc2 : EE5F80EF;
	1cc3 : 10001537;
	1cc4 : B9850513;
	1cc5 : ED9F80EF;
	1cc6 : 1000F537;
	1cc7 : 8D450513;
	1cc8 : 92CFD0EF;
	1cc9 : 00050413;
	1cca : 00050593;
	1ccb : 0C054863;
	1ccc : 10001537;
	1ccd : B2050513;
	1cce : EB5F80EF;
	1ccf : 10001537;
	1cd0 : BA050513;
	1cd1 : EA9F80EF;
	1cd2 : 1000F437;
	1cd3 : 8D440413;
	1cd4 : 00040513;
	1cd5 : 978FD0EF;
	1cd6 : 00050593;
	1cd7 : 10001537;
	1cd8 : BAC50513;
	1cd9 : E89F80EF;
	1cda : 00040513;
	1cdb : 974FD0EF;
	1cdc : 00050593;
	1cdd : 10001537;
	1cde : BCC50513;
	1cdf : E71F80EF;
	1ce0 : 00040513;
	1ce1 : 974FD0EF;
	1ce2 : 00050593;
	1ce3 : 10001537;
	1ce4 : BEC50513;
	1ce5 : E59F80EF;
	1ce6 : 00C12083;
	1ce7 : 00812403;
	1ce8 : 01010113;
	1ce9 : 00008067;
	1cea : 00050413;
	1ceb : 10001537;
	1cec : B6C50513;
	1ced : E39F80EF;
	1cee : 408005B3;
	1cef : EB5FF06F;
	1cf0 : 10001537;
	1cf1 : B6C50513;
	1cf2 : E25F80EF;
	1cf3 : 408005B3;
	1cf4 : ED1FF06F;
	1cf5 : 10001537;
	1cf6 : B6C50513;
	1cf7 : E11F80EF;
	1cf8 : 408005B3;
	1cf9 : EEDFF06F;
	1cfa : 10001537;
	1cfb : B6C50513;
	1cfc : DFDF80EF;
	1cfd : 408005B3;
	1cfe : F09FF06F;
	1cff : 10001537;
	1d00 : B6C50513;
	1d01 : DE9F80EF;
	1d02 : 408005B3;
	1d03 : F25FF06F;
	1d04 : F9010113;
	1d05 : 06112623;
	1d06 : 06812423;
	1d07 : 06912223;
	1d08 : 07212023;
	1d09 : 05312E23;
	1d0a : 05412C23;
	1d0b : 05512A23;
	1d0c : 05612823;
	1d0d : 05712623;
	1d0e : 05812423;
	1d0f : 05912223;
	1d10 : 05A12023;
	1d11 : 00050413;
	1d12 : 10001537;
	1d13 : C0C50513;
	1d14 : D9DF80EF;
	1d15 : 1000F537;
	1d16 : 92C50513;
	1d17 : 8F1FD0EF;
	1d18 : 16050663;
	1d19 : 00000613;
	1d1a : 00000593;
	1d1b : 1000F537;
	1d1c : E5C50513;
	1d1d : 951F90EF;
	1d1e : 1000E7B7;
	1d1f : 7B17C783;
	1d20 : 1C078663;
	1d21 : 1000E437;
	1d22 : 3AC40413;
	1d23 : 52840593;
	1d24 : 02010513;
	1d25 : FF5FC0EF;
	1d26 : 03C12783;
	1d27 : 40744683;
	1d28 : 00400713;
	1d29 : 0017D413;
	1d2a : 16E68663;
	1d2b : 00040593;
	1d2c : 10001537;
	1d2d : C4050513;
	1d2e : D35F80EF;
	1d2f : 1000E4B7;
	1d30 : 3AC48493;
	1d31 : 00040593;
	1d32 : 41048513;
	1d33 : D20FC0EF;
	1d34 : 52848493;
	1d35 : 00000913;
	1d36 : 00000413;
	1d37 : 10001B37;
	1d38 : 10001AB7;
	1d39 : 1000F9B7;
	1d3a : 92C98993;
	1d3b : 10001A37;
	1d3c : 10000BB7;
	1d3d : C64B0513;
	1d3e : CF5F80EF;
	1d3f : 12040063;
	1d40 : 00200693;
	1d41 : 00400613;
	1d42 : 00000593;
	1d43 : 00048513;
	1d44 : 9EDFC0EF;
	1d45 : 00100593;
	1d46 : 00048513;
	1d47 : 9D0FD0EF;
	1d48 : 00048593;
	1d49 : 02010513;
	1d4a : F61FC0EF;
	1d4b : 02A15803;
	1d4c : 02C15503;
	1d4d : 02E15583;
	1d4e : 03015603;
	1d4f : 03215683;
	1d50 : 03415703;
	1d51 : 03615783;
	1d52 : 02815883;
	1d53 : 01111423;
	1d54 : 01011523;
	1d55 : 00A11623;
	1d56 : 00B11723;
	1d57 : 00C11823;
	1d58 : 00D11923;
	1d59 : 00E11A23;
	1d5a : 00F11B23;
	1d5b : 00090593;
	1d5c : C80A8513;
	1d5d : C79F80EF;
	1d5e : 00040613;
	1d5f : 00010593;
	1d60 : 00098513;
	1d61 : D01FD0EF;
	1d62 : 00090593;
	1d63 : C9CA0513;
	1d64 : C5DF80EF;
	1d65 : 00040593;
	1d66 : 00098513;
	1d67 : 830FE0EF;
	1d68 : 08050C63;
	1d69 : 1C8B8513;
	1d6a : C45F80EF;
	1d6b : 00140413;
	1d6c : 0FF47413;
	1d6d : 00190913;
	1d6e : 02C48493;
	1d6f : 00200793;
	1d70 : F2F41AE3;
	1d71 : 00100513;
	1d72 : 0140006F;
	1d73 : 10001537;
	1d74 : C2050513;
	1d75 : C19F80EF;
	1d76 : 00000513;
	1d77 : 06C12083;
	1d78 : 06812403;
	1d79 : 06412483;
	1d7a : 06012903;
	1d7b : 05C12983;
	1d7c : 05812A03;
	1d7d : 05412A83;
	1d7e : 05012B03;
	1d7f : 04C12B83;
	1d80 : 04812C03;
	1d81 : 04412C83;
	1d82 : 04012D03;
	1d83 : 07010113;
	1d84 : 00008067;
	1d85 : 0027D413;
	1d86 : E95FF06F;
	1d87 : 00100693;
	1d88 : 00400613;
	1d89 : 00000593;
	1d8a : 1000F537;
	1d8b : 8D450513;
	1d8c : 8CDFC0EF;
	1d8d : EE1FF06F;
	1d8e : 10000537;
	1d8f : 7EC50513;
	1d90 : BADF80EF;
	1d91 : 00000513;
	1d92 : F95FF06F;
	1d93 : 00000593;
	1d94 : 1000F537;
	1d95 : 8D450513;
	1d96 : 894FD0EF;
	1d97 : 00800913;
	1d98 : 00400993;
	1d99 : 10040C63;
	1d9a : 10001537;
	1d9b : C6450513;
	1d9c : B7DF80EF;
	1d9d : 1000E437;
	1d9e : 3AC40413;
	1d9f : 52840493;
	1da0 : 00000693;
	1da1 : 00098613;
	1da2 : 00000593;
	1da3 : 00048513;
	1da4 : 86DFC0EF;
	1da5 : 00048593;
	1da6 : 02010513;
	1da7 : DEDFC0EF;
	1da8 : 02815D03;
	1da9 : 02A15C83;
	1daa : 02C15C03;
	1dab : 02E15B83;
	1dac : 03015B03;
	1dad : 03215A83;
	1dae : 03415A03;
	1daf : 03615983;
	1db0 : 03C12783;
	1db1 : 40744683;
	1db2 : 00400713;
	1db3 : 0017D493;
	1db4 : 1EE68C63;
	1db5 : 00048593;
	1db6 : 10001537;
	1db7 : C4050513;
	1db8 : B0DF80EF;
	1db9 : 1000E437;
	1dba : 3AC40413;
	1dbb : 00048593;
	1dbc : 41040513;
	1dbd : AF8FC0EF;
	1dbe : 01A11423;
	1dbf : 01911523;
	1dc0 : 01811623;
	1dc1 : 01711723;
	1dc2 : 01611823;
	1dc3 : 01511923;
	1dc4 : 01411A23;
	1dc5 : 01311B23;
	1dc6 : 01210D23;
	1dc7 : 00090593;
	1dc8 : 10001537;
	1dc9 : DF450513;
	1dca : AC5F80EF;
	1dcb : 10001537;
	1dcc : E0C50513;
	1dcd : AB9F80EF;
	1dce : 58040413;
	1dcf : 00000613;
	1dd0 : 00010593;
	1dd1 : 00040513;
	1dd2 : B3DFD0EF;
	1dd3 : 10001537;
	1dd4 : E1C50513;
	1dd5 : A99F80EF;
	1dd6 : 00000593;
	1dd7 : 00040513;
	1dd8 : E6DFD0EF;
	1dd9 : 16050663;
	1dda : 10000537;
	1ddb : 1C850513;
	1ddc : A7DF80EF;
	1ddd : 00100513;
	1dde : E65FF06F;
	1ddf : 10001537;
	1de0 : CBC50513;
	1de1 : A69F80EF;
	1de2 : 10001537;
	1de3 : CD850513;
	1de4 : A5DF80EF;
	1de5 : 10001537;
	1de6 : CEC50513;
	1de7 : A51F80EF;
	1de8 : 10001537;
	1de9 : D0050513;
	1dea : A45F80EF;
	1deb : 10001537;
	1dec : D1850513;
	1ded : A39F80EF;
	1dee : 10001537;
	1def : D3050513;
	1df0 : A2DF80EF;
	1df1 : 10001537;
	1df2 : D4850513;
	1df3 : A21F80EF;
	1df4 : 10001537;
	1df5 : D6050513;
	1df6 : A15F80EF;
	1df7 : 10001537;
	1df8 : D7850513;
	1df9 : A09F80EF;
	1dfa : 1000E7B7;
	1dfb : 7B37C703;
	1dfc : 00400793;
	1dfd : 02F70863;
	1dfe : 900F90EF;
	1dff : FCF50513;
	1e00 : 0FF57713;
	1e01 : 03000793;
	1e02 : 0AE7E263;
	1e03 : 00271793;
	1e04 : 10001737;
	1e05 : 40470713;
	1e06 : 00E787B3;
	1e07 : 0007A783;
	1e08 : 00078067;
	1e09 : 10001537;
	1e0a : D9050513;
	1e0b : 9C1F80EF;
	1e0c : 10001537;
	1e0d : DA850513;
	1e0e : 9B5F80EF;
	1e0f : FBDFF06F;
	1e10 : 00500993;
	1e11 : 0080006F;
	1e12 : 00600993;
	1e13 : 1000E7B7;
	1e14 : 7B47C703;
	1e15 : 00A00793;
	1e16 : 00800913;
	1e17 : E0F716E3;
	1e18 : 10001537;
	1e19 : DC050513;
	1e1a : 985F80EF;
	1e1b : 10001537;
	1e1c : DD850513;
	1e1d : 979F80EF;
	1e1e : 10001537;
	1e1f : DE450513;
	1e20 : 96DF80EF;
	1e21 : 874F90EF;
	1e22 : 03200793;
	1e23 : 00800913;
	1e24 : DCF51CE3;
	1e25 : 00A00913;
	1e26 : DD1FF06F;
	1e27 : 00700993;
	1e28 : FADFF06F;
	1e29 : 00800993;
	1e2a : FA5FF06F;
	1e2b : 00400993;
	1e2c : F9DFF06F;
	1e2d : 00100993;
	1e2e : FA9FF06F;
	1e2f : 00800913;
	1e30 : 00A00993;
	1e31 : DA5FF06F;
	1e32 : 0027D493;
	1e33 : E09FF06F;
	1e34 : 10000537;
	1e35 : 7EC50513;
	1e36 : 915F80EF;
	1e37 : 00000513;
	1e38 : CFDFF06F;
	1e39 : 00200993;
	1e3a : F65FF06F;
	1e3b : 00300993;
	1e3c : F5DFF06F;
	1e3d : 1000E7B7;
	1e3e : 7B47C703;
	1e3f : 00A00793;
	1e40 : FAF70AE3;
	1e41 : 00800913;
	1e42 : 00100993;
	1e43 : D5DFF06F;
	1e44 : FA010113;
	1e45 : 04112E23;
	1e46 : 04812C23;
	1e47 : 04912A23;
	1e48 : 05212823;
	1e49 : 1000F537;
	1e4a : 92C50513;
	1e4b : C20FD0EF;
	1e4c : 20050663;
	1e4d : 1000F537;
	1e4e : 92C50513;
	1e4f : C1CFD0EF;
	1e50 : 22050263;
	1e51 : 1000F537;
	1e52 : E7450513;
	1e53 : C0CFD0EF;
	1e54 : 22050463;
	1e55 : 1000E7B7;
	1e56 : 7B17C783;
	1e57 : 22079863;
	1e58 : 10001537;
	1e59 : EAC50513;
	1e5a : 885F80EF;
	1e5b : 00000593;
	1e5c : 1000F537;
	1e5d : 8D450513;
	1e5e : D75FC0EF;
	1e5f : 1000F437;
	1e60 : 3AC40413;
	1e61 : 00000613;
	1e62 : 00000593;
	1e63 : AB040513;
	1e64 : C34F90EF;
	1e65 : AC840593;
	1e66 : 00010513;
	1e67 : 8E1FE0EF;
	1e68 : 00812503;
	1e69 : 01012583;
	1e6a : 00012783;
	1e6b : 02F12823;
	1e6c : 00412783;
	1e6d : 02F12A23;
	1e6e : 02A12C23;
	1e6f : 00C12783;
	1e70 : 02F12E23;
	1e71 : 04B12023;
	1e72 : 01412783;
	1e73 : 04F12223;
	1e74 : 01812783;
	1e75 : 04F12423;
	1e76 : 01C12783;
	1e77 : 04F12623;
	1e78 : 02C10613;
	1e79 : 01059593;
	1e7a : 0105D593;
	1e7b : 01051513;
	1e7c : 01055513;
	1e7d : B35FC0EF;
	1e7e : 00050493;
	1e7f : 1A050263;
	1e80 : 1000E7B7;
	1e81 : 7B37C703;
	1e82 : 00400793;
	1e83 : 1AF70463;
	1e84 : 02C12583;
	1e85 : 0015D593;
	1e86 : 02B12623;
	1e87 : 10001537;
	1e88 : C4050513;
	1e89 : FC8F80EF;
	1e8a : 1000E437;
	1e8b : 3AC40413;
	1e8c : 41040913;
	1e8d : 02C12583;
	1e8e : 00090513;
	1e8f : FB1FB0EF;
	1e90 : 10001537;
	1e91 : EE850513;
	1e92 : FA4F80EF;
	1e93 : 00090513;
	1e94 : BF8FB0EF;
	1e95 : 00050613;
	1e96 : 00100593;
	1e97 : 1000F537;
	1e98 : E5C50513;
	1e99 : B60F90EF;
	1e9a : 00100593;
	1e9b : 00090513;
	1e9c : A3CFB0EF;
	1e9d : 10001537;
	1e9e : F0850513;
	1e9f : F70F80EF;
	1ea0 : 52840913;
	1ea1 : 40944583;
	1ea2 : 00090513;
	1ea3 : FACFC0EF;
	1ea4 : 40A45583;
	1ea5 : 00090513;
	1ea6 : FCCFC0EF;
	1ea7 : 00048613;
	1ea8 : 00000593;
	1ea9 : 00090513;
	1eaa : DCCFC0EF;
	1eab : 00000593;
	1eac : 58040513;
	1ead : AF8FD0EF;
	1eae : 02050863;
	1eaf : 10001537;
	1eb0 : F2450513;
	1eb1 : F28F80EF;
	1eb2 : 00000593;
	1eb3 : 1000F537;
	1eb4 : 92C50513;
	1eb5 : AA5FD0EF;
	1eb6 : 0E050463;
	1eb7 : 10000537;
	1eb8 : 1C850513;
	1eb9 : F08F80EF;
	1eba : 10001537;
	1ebb : E0C50513;
	1ebc : EFCF80EF;
	1ebd : 1000F437;
	1ebe : 92C40413;
	1ebf : 00000613;
	1ec0 : 03010593;
	1ec1 : 00040513;
	1ec2 : F7CFD0EF;
	1ec3 : 10001537;
	1ec4 : F3C50513;
	1ec5 : ED8F80EF;
	1ec6 : 00000593;
	1ec7 : 00040513;
	1ec8 : AADFD0EF;
	1ec9 : 0A050863;
	1eca : 10000537;
	1ecb : 1C850513;
	1ecc : EBCF80EF;
	1ecd : 00100513;
	1ece : 0140006F;
	1ecf : 10001537;
	1ed0 : E3450513;
	1ed1 : EA8F80EF;
	1ed2 : 00000513;
	1ed3 : 05C12083;
	1ed4 : 05812403;
	1ed5 : 05412483;
	1ed6 : 05012903;
	1ed7 : 06010113;
	1ed8 : 00008067;
	1ed9 : 10001537;
	1eda : E5850513;
	1edb : E80F80EF;
	1edc : 00000513;
	1edd : FD9FF06F;
	1ede : 10001537;
	1edf : E7050513;
	1ee0 : E6CF80EF;
	1ee1 : 00000513;
	1ee2 : FC5FF06F;
	1ee3 : 10001537;
	1ee4 : E8850513;
	1ee5 : E58F80EF;
	1ee6 : 00000513;
	1ee7 : FB1FF06F;
	1ee8 : 10001537;
	1ee9 : EC450513;
	1eea : E44F80EF;
	1eeb : 00000513;
	1eec : F9DFF06F;
	1eed : 02C12583;
	1eee : 0025D593;
	1eef : E5DFF06F;
	1ef0 : 10000537;
	1ef1 : 7EC50513;
	1ef2 : E24F80EF;
	1ef3 : 00000513;
	1ef4 : F7DFF06F;
	1ef5 : 10000537;
	1ef6 : 7EC50513;
	1ef7 : E10F80EF;
	1ef8 : 00000513;
	1ef9 : F69FF06F;
	1efa : FE010113;
	1efb : 00112E23;
	1efc : 00812C23;
	1efd : 00912A23;
	1efe : 01212823;
	1eff : 01312623;
	1f00 : 01412423;
	1f01 : 00050A13;
	1f02 : 00100793;
	1f03 : 08F50863;
	1f04 : 100014B7;
	1f05 : 60448493;
	1f06 : 00000413;
	1f07 : 1000F937;
	1f08 : E7490913;
	1f09 : 20000993;
	1f0a : 0004C603;
	1f0b : 01041593;
	1f0c : 0105D593;
	1f0d : 00090513;
	1f0e : EF8FE0EF;
	1f0f : 00140413;
	1f10 : 00148493;
	1f11 : FF3412E3;
	1f12 : 10001537;
	1f13 : FF450513;
	1f14 : D9CF80EF;
	1f15 : 20000593;
	1f16 : 1000F537;
	1f17 : E7450513;
	1f18 : AF1FD0EF;
	1f19 : 0C050663;
	1f1a : 10000537;
	1f1b : 1C850513;
	1f1c : D7CF80EF;
	1f1d : 00100793;
	1f1e : 0CFA0463;
	1f1f : 01C12083;
	1f20 : 01812403;
	1f21 : 01412483;
	1f22 : 01012903;
	1f23 : 00C12983;
	1f24 : 00812A03;
	1f25 : 02010113;
	1f26 : 00008067;
	1f27 : 10001537;
	1f28 : F5450513;
	1f29 : D48F80EF;
	1f2a : 10001537;
	1f2b : F7850513;
	1f2c : D3CF80EF;
	1f2d : 10001537;
	1f2e : F9450513;
	1f2f : D30F80EF;
	1f30 : 10001537;
	1f31 : FB050513;
	1f32 : D24F80EF;
	1f33 : 10001537;
	1f34 : FCC50513;
	1f35 : D18F80EF;
	1f36 : 10001537;
	1f37 : FE850513;
	1f38 : D0CF80EF;
	1f39 : C15F80EF;
	1f3a : 00050793;
	1f3b : 03300713;
	1f3c : 02E50C63;
	1f3d : 02A76263;
	1f3e : 03100713;
	1f3f : 000A0513;
	1f40 : 00E78863;
	1f41 : FCE78793;
	1f42 : 0017B793;
	1f43 : 00179513;
	1f44 : A09FC0EF;
	1f45 : EFDFF06F;
	1f46 : FCC50793;
	1f47 : 0017B793;
	1f48 : 00279513;
	1f49 : FEDFF06F;
	1f4a : 00300513;
	1f4b : FE5FF06F;
	1f4c : 10000537;
	1f4d : 7EC50513;
	1f4e : CB4F80EF;
	1f4f : F39FF06F;
	1f50 : 10001537;
	1f51 : 00850513;
	1f52 : CA4F80EF;
	1f53 : 00300593;
	1f54 : 1000F537;
	1f55 : E7450513;
	1f56 : CD4FD0EF;
	1f57 : F21FF06F;
	1f58 : FE010113;
	1f59 : 00112E23;
	1f5a : 00812C23;
	1f5b : 00912A23;
	1f5c : 01212823;
	1f5d : 10001537;
	1f5e : 01450513;
	1f5f : C70F80EF;
	1f60 : 00001437;
	1f61 : 80040593;
	1f62 : 10001537;
	1f63 : 9D850513;
	1f64 : C5CF80EF;
	1f65 : 01000593;
	1f66 : 10001537;
	1f67 : 9E850513;
	1f68 : C4CF80EF;
	1f69 : 00010693;
	1f6a : 01000613;
	1f6b : 80040593;
	1f6c : 1000F537;
	1f6d : 92C50513;
	1f6e : ED4FD0EF;
	1f6f : 00100793;
	1f70 : 02F50463;
	1f71 : 10001537;
	1f72 : 04050513;
	1f73 : C20F80EF;
	1f74 : 01C12083;
	1f75 : 01812403;
	1f76 : 01412483;
	1f77 : 01012903;
	1f78 : 02010113;
	1f79 : 00008067;
	1f7a : 10001537;
	1f7b : 02850513;
	1f7c : BFCF80EF;
	1f7d : 00010413;
	1f7e : 01010913;
	1f7f : 100014B7;
	1f80 : 00044583;
	1f81 : 03848513;
	1f82 : BE4F80EF;
	1f83 : 00140413;
	1f84 : FF2418E3;
	1f85 : 10001537;
	1f86 : A2850513;
	1f87 : BD0F80EF;
	1f88 : FB1FF06F;
	1f89 : FE010113;
	1f8a : 00112E23;
	1f8b : 10001537;
	1f8c : 04850513;
	1f8d : BB8F80EF;
	1f8e : 000015B7;
	1f8f : 80058593;
	1f90 : 10001537;
	1f91 : 9D850513;
	1f92 : BA4F80EF;
	1f93 : 01000593;
	1f94 : 10001537;
	1f95 : 9E850513;
	1f96 : B94F80EF;
	1f97 : 00010713;
	1f98 : 00000793;
	1f99 : 01000693;
	1f9a : 00F70023;
	1f9b : 00178793;
	1f9c : 0FF7F793;
	1f9d : 00170713;
	1f9e : FED798E3;
	1f9f : 00010693;
	1fa0 : 01000613;
	1fa1 : 000015B7;
	1fa2 : 80058593;
	1fa3 : 1000F537;
	1fa4 : 92C50513;
	1fa5 : D14FD0EF;
	1fa6 : 00100793;
	1fa7 : 00F50E63;
	1fa8 : 10001537;
	1fa9 : 04050513;
	1faa : B44F80EF;
	1fab : 01C12083;
	1fac : 02010113;
	1fad : 00008067;
	1fae : 10001537;
	1faf : 05C50513;
	1fb0 : B2CF80EF;
	1fb1 : FE9FF06F;
	1fb2 : FD010113;
	1fb3 : 02112623;
	1fb4 : 02812423;
	1fb5 : 02912223;
	1fb6 : 03212023;
	1fb7 : 01312E23;
	1fb8 : 01412C23;
	1fb9 : 01512A23;
	1fba : 01612823;
	1fbb : 01712623;
	1fbc : 01812423;
	1fbd : 01912223;
	1fbe : 1000E537;
	1fbf : 3AC50413;
	1fc0 : 40040223;
	1fc1 : 400402A3;
	1fc2 : 40040323;
	1fc3 : 03200793;
	1fc4 : 40F404A3;
	1fc5 : FFFF87B7;
	1fc6 : D007C793;
	1fc7 : 40F41523;
	1fc8 : 3AC50513;
	1fc9 : CE4F80EF;
	1fca : 800005B7;
	1fcb : 100009B7;
	1fcc : 00898513;
	1fcd : 8E1F80EF;
	1fce : 800405B7;
	1fcf : 10000537;
	1fd0 : 00450513;
	1fd1 : 965F80EF;
	1fd2 : 10001537;
	1fd3 : 06450513;
	1fd4 : A9CF80EF;
	1fd5 : 10001537;
	1fd6 : 06850513;
	1fd7 : A90F80EF;
	1fd8 : 10001537;
	1fd9 : 09450513;
	1fda : A84F80EF;
	1fdb : 10001537;
	1fdc : 0C050513;
	1fdd : A78F80EF;
	1fde : 100014B7;
	1fdf : A2848513;
	1fe0 : A6CF80EF;
	1fe1 : 10001537;
	1fe2 : 0EC50513;
	1fe3 : A60F80EF;
	1fe4 : 10001537;
	1fe5 : 11050513;
	1fe6 : A54F80EF;
	1fe7 : 10001537;
	1fe8 : 13450513;
	1fe9 : A48F80EF;
	1fea : 100015B7;
	1feb : 14858593;
	1fec : 10001537;
	1fed : 15450513;
	1fee : A34F80EF;
	1fef : 100015B7;
	1ff0 : 16058593;
	1ff1 : 10001537;
	1ff2 : 16C50513;
	1ff3 : A20F80EF;
	1ff4 : A2848513;
	1ff5 : A18F80EF;
	1ff6 : 800805B7;
	1ff7 : 10000937;
	1ff8 : 00090513;
	1ff9 : B09F80EF;
	1ffa : 1000F4B7;
	1ffb : 3AC48493;
	1ffc : 07D00613;
	1ffd : 800C05B7;
	1ffe : AB048513;
	1fff : BA5F80EF;
	2000 : 801005B7;
	2001 : 58040513;
	2002 : C09FC0EF;
	2003 : 00000513;
	2004 : EE5FE0EF;
	2005 : 801405B7;
	2006 : AC848513;
	2007 : BF5FC0EF;
	2008 : 00100513;
	2009 : ED1FE0EF;
	200a : 80200637;
	200b : 00090593;
	200c : 45040513;
	200d : 0D9000EF;
	200e : 801805B7;
	200f : 52840513;
	2010 : B21FB0EF;
	2011 : 801C05B7;
	2012 : 55440513;
	2013 : B15FB0EF;
	2014 : 10001537;
	2015 : 17850513;
	2016 : 994F80EF;
	2017 : 00898513;
	2018 : 829F80EF;
	2019 : 00050413;
	201a : 00157593;
	201b : 0015B593;
	201c : 40B005B3;
	201d : FFE5F593;
	201e : 00458593;
	201f : 1000E7B7;
	2020 : 7AB789A3;
	2021 : 10001537;
	2022 : 19850513;
	2023 : 960F80EF;
	2024 : 00247593;
	2025 : 0015B593;
	2026 : 40B005B3;
	2027 : FFE5F593;
	2028 : 00A58593;
	2029 : 1000E437;
	202a : 3AC40413;
	202b : 40B40423;
	202c : 10001537;
	202d : 1B050513;
	202e : 934F80EF;
	202f : 41040413;
	2030 : 00100813;
	2031 : 00800793;
	2032 : 00400713;
	2033 : 00090693;
	2034 : 1000F637;
	2035 : E5C60613;
	2036 : 00898593;
	2037 : 00040513;
	2038 : B61FA0EF;
	2039 : 1E000713;
	203a : 100066B7;
	203b : E0C68693;
	203c : 00000613;
	203d : 00000593;
	203e : 00040513;
	203f : B7DFA0EF;
	2040 : 1E000713;
	2041 : 100056B7;
	2042 : F0C68693;
	2043 : 00100613;
	2044 : 00000593;
	2045 : 00040513;
	2046 : B61FA0EF;
	2047 : 1E000713;
	2048 : 100046B7;
	2049 : 00C68693;
	204a : 00000613;
	204b : 00100593;
	204c : 00040513;
	204d : B45FA0EF;
	204e : 1E000713;
	204f : 100036B7;
	2050 : 10C68693;
	2051 : 00100613;
	2052 : 00100593;
	2053 : 00040513;
	2054 : B29FA0EF;
	2055 : 1E000713;
	2056 : 100026B7;
	2057 : 20C68693;
	2058 : 00200613;
	2059 : 00100593;
	205a : 00040513;
	205b : B0DFA0EF;
	205c : 00040513;
	205d : 934FB0EF;
	205e : 10001537;
	205f : 1C850513;
	2060 : 86CF80EF;
	2061 : 00100593;
	2062 : 00040513;
	2063 : CACFB0EF;
	2064 : 00100793;
	2065 : 72F51A63;
	2066 : 00050A93;
	2067 : 10000537;
	2068 : 1C850513;
	2069 : 848F80EF;
	206a : 00100593;
	206b : 1000E537;
	206c : 7BC50513;
	206d : CA5FA0EF;
	206e : 07900793;
	206f : 40F50663;
	2070 : 1000E7B7;
	2071 : 7A078C23;
	2072 : 00800593;
	2073 : 10000537;
	2074 : 00850513;
	2075 : E5CF80EF;
	2076 : 00000593;
	2077 : 1000E537;
	2078 : 7BC50513;
	2079 : C75FA0EF;
	207a : 04600793;
	207b : 3EF50C63;
	207c : 1000E7B7;
	207d : 7A078CA3;
	207e : 01000593;
	207f : 10000537;
	2080 : 00850513;
	2081 : E2CF80EF;
	2082 : 1000E437;
	2083 : 3AC40413;
	2084 : 45040493;
	2085 : 00100593;
	2086 : 00048513;
	2087 : 709000EF;
	2088 : 00300593;
	2089 : 00048513;
	208a : 6FD000EF;
	208b : 00400593;
	208c : 00048513;
	208d : 6F1000EF;
	208e : 00500593;
	208f : 00048513;
	2090 : 6E5000EF;
	2091 : 10001537;
	2092 : 1DC50513;
	2093 : FA1F70EF;
	2094 : 58040413;
	2095 : 1000B637;
	2096 : A8060613;
	2097 : 1000E7B7;
	2098 : 3A87A583;
	2099 : 00040513;
	209a : C40FD0EF;
	209b : 10001937;
	209c : 1F490513;
	209d : F79F70EF;
	209e : 10001537;
	209f : 1FC50513;
	20a0 : F6DF70EF;
	20a1 : 10002637;
	20a2 : 80460C93;
	20a3 : 80460613;
	20a4 : 1000E7B7;
	20a5 : 3A47A583;
	20a6 : 00040513;
	20a7 : C60FD0EF;
	20a8 : 1F490513;
	20a9 : F49F70EF;
	20aa : 00000593;
	20ab : 00040513;
	20ac : 9FDFC0EF;
	20ad : 00006637;
	20ae : 3E460613;
	20af : 00000593;
	20b0 : 00040513;
	20b1 : 969FC0EF;
	20b2 : 00006C37;
	20b3 : 474C0613;
	20b4 : 00100593;
	20b5 : 00040513;
	20b6 : 955FC0EF;
	20b7 : 00007637;
	20b8 : 0A860613;
	20b9 : 00500593;
	20ba : 00040513;
	20bb : 941FC0EF;
	20bc : 00007637;
	20bd : 10060613;
	20be : 00600593;
	20bf : 00040513;
	20c0 : 92DFC0EF;
	20c1 : 00006BB7;
	20c2 : 5C8B8613;
	20c3 : 00200593;
	20c4 : 00040513;
	20c5 : 919FC0EF;
	20c6 : 00006B37;
	20c7 : 78CB0613;
	20c8 : 00700593;
	20c9 : 00040513;
	20ca : 905FC0EF;
	20cb : 00007A37;
	20cc : 940A0613;
	20cd : 00800593;
	20ce : 00040513;
	20cf : 8F1FC0EF;
	20d0 : 000079B7;
	20d1 : E8098613;
	20d2 : 00B00593;
	20d3 : 00040513;
	20d4 : 8DDFC0EF;
	20d5 : 10001537;
	20d6 : 21450513;
	20d7 : E91F70EF;
	20d8 : 1000F4B7;
	20d9 : E7448493;
	20da : 10007637;
	20db : D0C60613;
	20dc : 1000E7B7;
	20dd : 3A07A583;
	20de : 00048513;
	20df : B2CFD0EF;
	20e0 : 1F490513;
	20e1 : E69F70EF;
	20e2 : 10001537;
	20e3 : 22C50513;
	20e4 : E5DF70EF;
	20e5 : 2B0C8613;
	20e6 : 1000E7B7;
	20e7 : 39C7A583;
	20e8 : 00048513;
	20e9 : B58FD0EF;
	20ea : 1F490513;
	20eb : E41F70EF;
	20ec : 00100593;
	20ed : 00048513;
	20ee : 8F5FC0EF;
	20ef : 474C0613;
	20f0 : 00100593;
	20f1 : 00048513;
	20f2 : 865FC0EF;
	20f3 : 00006637;
	20f4 : 59460613;
	20f5 : 00400593;
	20f6 : 00048513;
	20f7 : 851FC0EF;
	20f8 : 00007637;
	20f9 : 19460613;
	20fa : 00500593;
	20fb : 00048513;
	20fc : 83DFC0EF;
	20fd : 5C8B8613;
	20fe : 00200593;
	20ff : 00048513;
	2100 : 82DFC0EF;
	2101 : 78CB0613;
	2102 : 00700593;
	2103 : 00048513;
	2104 : 81DFC0EF;
	2105 : 940A0613;
	2106 : 00800593;
	2107 : 00048513;
	2108 : 80DFC0EF;
	2109 : 00007637;
	210a : B1060613;
	210b : 00900593;
	210c : 00048513;
	210d : FF8FC0EF;
	210e : 00007637;
	210f : CEC60613;
	2110 : 00A00593;
	2111 : 00048513;
	2112 : FE4FC0EF;
	2113 : E8098613;
	2114 : 00B00593;
	2115 : 00048513;
	2116 : FD4FC0EF;
	2117 : CD5F70EF;
	2118 : 1000E7B7;
	2119 : 3987A583;
	211a : 00040513;
	211b : B3DFC0EF;
	211c : 10001537;
	211d : 24450513;
	211e : D75F70EF;
	211f : 00040513;
	2120 : AEDFC0EF;
	2121 : 18050063;
	2122 : 10000537;
	2123 : 1C850513;
	2124 : D5DF70EF;
	2125 : 10001537;
	2126 : 25450513;
	2127 : D51F70EF;
	2128 : 1000F437;
	2129 : 92C40413;
	212a : 01E00593;
	212b : 00040513;
	212c : 8EDFC0EF;
	212d : 00400593;
	212e : 00040513;
	212f : 8D9FC0EF;
	2130 : 00040513;
	2131 : BD1FC0EF;
	2132 : 14050663;
	2133 : 10000537;
	2134 : 1C850513;
	2135 : D19F70EF;
	2136 : 1000F437;
	2137 : E7440413;
	2138 : 1000E7B7;
	2139 : 3947A583;
	213a : 00040513;
	213b : ABDFC0EF;
	213c : 10001537;
	213d : 26450513;
	213e : CF5F70EF;
	213f : 00040513;
	2140 : A6DFC0EF;
	2141 : 12050063;
	2142 : 10000537;
	2143 : 1C850513;
	2144 : CDDF70EF;
	2145 : 10001537;
	2146 : 27450513;
	2147 : CD1F70EF;
	2148 : 1000F437;
	2149 : E7440413;
	214a : 01E00593;
	214b : 00040513;
	214c : 86DFC0EF;
	214d : 00400593;
	214e : 00040513;
	214f : 859FC0EF;
	2150 : 00040513;
	2151 : B51FC0EF;
	2152 : 0E050663;
	2153 : 10000537;
	2154 : 1C850513;
	2155 : C99F70EF;
	2156 : 00000513;
	2157 : E8CFF0EF;
	2158 : 1000F437;
	2159 : E7440413;
	215a : 00001637;
	215b : 80060613;
	215c : 00100593;
	215d : 00040513;
	215e : AA0FD0EF;
	215f : 10001537;
	2160 : 28450513;
	2161 : C69F70EF;
	2162 : 00200593;
	2163 : 00040513;
	2164 : C9DFC0EF;
	2165 : 0A050863;
	2166 : 10000537;
	2167 : 1C850513;
	2168 : C4DF70EF;
	2169 : 99DFE0EF;
	216a : 1000E437;
	216b : 3AC40413;
	216c : 10001937;
	216d : 4C890913;
	216e : 1000FA37;
	216f : E74A0A13;
	2170 : 58040993;
	2171 : 2FC0006F;
	2172 : 1000E7B7;
	2173 : 00100713;
	2174 : 7AE78C23;
	2175 : 00800593;
	2176 : 00898513;
	2177 : A48F80EF;
	2178 : BF9FF06F;
	2179 : 1000E7B7;
	217a : 00100713;
	217b : 7AE78CA3;
	217c : 01000593;
	217d : 10000537;
	217e : 00850513;
	217f : A28F80EF;
	2180 : C09FF06F;
	2181 : 10000537;
	2182 : 7EC50513;
	2183 : BE1F70EF;
	2184 : E85FF06F;
	2185 : 10000537;
	2186 : 7EC50513;
	2187 : BD1F70EF;
	2188 : EB9FF06F;
	2189 : 10000537;
	218a : 7EC50513;
	218b : BC1F70EF;
	218c : EE5FF06F;
	218d : 10000537;
	218e : 7EC50513;
	218f : BB1F70EF;
	2190 : F19FF06F;
	2191 : 10000537;
	2192 : 7EC50513;
	2193 : BA1F70EF;
	2194 : F55FF06F;
	2195 : 10001537;
	2196 : 29450513;
	2197 : B91F70EF;
	2198 : 00098513;
	2199 : 909FC0EF;
	219a : 00050A63;
	219b : 10000537;
	219c : 1C850513;
	219d : B79F70EF;
	219e : 0280006F;
	219f : 10000537;
	21a0 : 7EC50513;
	21a1 : B69F70EF;
	21a2 : 0180006F;
	21a3 : 10001537;
	21a4 : 2A450513;
	21a5 : B59F70EF;
	21a6 : 00098513;
	21a7 : F9CFC0EF;
	21a8 : 40444783;
	21a9 : 20079263;
	21aa : 40644783;
	21ab : 20079663;
	21ac : 00040513;
	21ad : E31F70EF;
	21ae : A24F80EF;
	21af : FE0502E3;
	21b0 : A38F80EF;
	21b1 : F9F50513;
	21b2 : 0FF57793;
	21b3 : 1CF4E463;
	21b4 : 00279793;
	21b5 : 012787B3;
	21b6 : 0007A783;
	21b7 : 00078067;
	21b8 : 10001537;
	21b9 : 2B450513;
	21ba : B05F70EF;
	21bb : 10001537;
	21bc : 2C450513;
	21bd : AF9F70EF;
	21be : 10001537;
	21bf : 2E050513;
	21c0 : AEDF70EF;
	21c1 : 10001537;
	21c2 : 2F050513;
	21c3 : AE1F70EF;
	21c4 : 10001537;
	21c5 : 30050513;
	21c6 : AD5F70EF;
	21c7 : 10001537;
	21c8 : 31050513;
	21c9 : AC9F70EF;
	21ca : 9D0F80EF;
	21cb : 03300793;
	21cc : 01400593;
	21cd : 02F50063;
	21ce : 03400793;
	21cf : 01E00593;
	21d0 : 00F50A63;
	21d1 : 03200793;
	21d2 : 00A00593;
	21d3 : 00F50463;
	21d4 : 00600593;
	21d5 : 00098513;
	21d6 : E44FC0EF;
	21d7 : 00098513;
	21d8 : A41FC0EF;
	21d9 : F3DFF06F;
	21da : DF8FF0EF;
	21db : F35FF06F;
	21dc : EB4FF0EF;
	21dd : F2DFF06F;
	21de : 10001537;
	21df : 32050513;
	21e0 : A6DF70EF;
	21e1 : 000A0513;
	21e2 : FE4FC0EF;
	21e3 : 00050A63;
	21e4 : 10000537;
	21e5 : 1C850513;
	21e6 : A55F70EF;
	21e7 : F05FF06F;
	21e8 : 10000537;
	21e9 : 7EC50513;
	21ea : A45F70EF;
	21eb : EF5FF06F;
	21ec : 10001537;
	21ed : 33050513;
	21ee : A35F70EF;
	21ef : 000A0513;
	21f0 : E78FC0EF;
	21f1 : EDDFF06F;
	21f2 : 10001537;
	21f3 : 34050513;
	21f4 : A1DF70EF;
	21f5 : 10001537;
	21f6 : 34C50513;
	21f7 : A11F70EF;
	21f8 : 10001537;
	21f9 : 35C50513;
	21fa : A05F70EF;
	21fb : 10001537;
	21fc : 36850513;
	21fd : 9F9F70EF;
	21fe : 900F80EF;
	21ff : 03200793;
	2200 : 00200593;
	2201 : 00F50A63;
	2202 : 03300793;
	2203 : 00300593;
	2204 : 00F50463;
	2205 : 000A8593;
	2206 : 0FF5F593;
	2207 : 000A0513;
	2208 : A0DFC0EF;
	2209 : 00050A63;
	220a : 10001537;
	220b : 37450513;
	220c : 9BDF70EF;
	220d : E6DFF06F;
	220e : 10001537;
	220f : 38050513;
	2210 : 9ADF70EF;
	2211 : E5DFF06F;
	2212 : 10001537;
	2213 : 39050513;
	2214 : 99DF70EF;
	2215 : 98DFE0EF;
	2216 : E49FF06F;
	2217 : 10001537;
	2218 : 3A050513;
	2219 : 989F70EF;
	221a : 00000513;
	221b : BA5FE0EF;
	221c : E31FF06F;
	221d : 10001537;
	221e : 3AC50513;
	221f : 971F70EF;
	2220 : 890FF0EF;
	2221 : E1DFF06F;
	2222 : 00100513;
	2223 : B5CFF0EF;
	2224 : E11FF06F;
	2225 : 10001537;
	2226 : 3BC50513;
	2227 : 951F70EF;
	2228 : EA0FE0EF;
	2229 : DFDFF06F;
	222a : 40040223;
	222b : 00100513;
	222c : B61FE0EF;
	222d : DF5FF06F;
	222e : 40040323;
	222f : 854FF0EF;
	2230 : 01900493;
	2231 : DEDFF06F;
	2232 : 10000537;
	2233 : 7EC50513;
	2234 : 91DF70EF;
	2235 : FFF00513;
	2236 : 02C12083;
	2237 : 02812403;
	2238 : 02412483;
	2239 : 02012903;
	223a : 01C12983;
	223b : 01812A03;
	223c : 01412A83;
	223d : 01012B03;
	223e : 00C12B83;
	223f : 00812C03;
	2240 : 00412C83;
	2241 : 03010113;
	2242 : 00008067;
	2243 : 00C52023;
	2244 : 00B52223;
	2245 : 00008067;
	2246 : FF010113;
	2247 : 00112623;
	2248 : 00812423;
	2249 : 00912223;
	224a : 00050413;
	224b : 00361613;
	224c : 00B66633;
	224d : 00052783;
	224e : 00C7A423;
	224f : 00052783;
	2250 : 00200713;
	2251 : 00E7A023;
	2252 : 06400613;
	2253 : 00100593;
	2254 : 00452503;
	2255 : 9A8F80EF;
	2256 : 100014B7;
	2257 : 00042703;
	2258 : 00472783;
	2259 : 0027F793;
	225a : 02079063;
	225b : 00100593;
	225c : 00442503;
	225d : 9CCF80EF;
	225e : FE0502E3;
	225f : 53048513;
	2260 : 86DF70EF;
	2261 : FD9FF06F;
	2262 : 00200793;
	2263 : 00F72223;
	2264 : 00042783;
	2265 : 00C7A503;
	2266 : 00C12083;
	2267 : 00812403;
	2268 : 00412483;
	2269 : 01010113;
	226a : 00008067;
	226b : 00361613;
	226c : 00B66633;
	226d : 00052783;
	226e : 00C7A423;
	226f : 00052783;
	2270 : 00D7A623;
	2271 : 00052783;
	2272 : 00100713;
	2273 : 00E7A023;
	2274 : 00052783;
	2275 : 00200713;
	2276 : 00E7A223;
	2277 : 00008067;
	2278 : FE010113;
	2279 : 00112E23;
	227a : 00812C23;
	227b : 00912A23;
	227c : 01212823;
	227d : 01312623;
	227e : 01412423;
	227f : 00050493;
	2280 : 00058913;
	2281 : 00060993;
	2282 : 00068413;
	2283 : 00070A13;
	2284 : F09FF0EF;
	2285 : FFF44413;
	2286 : 00A47433;
	2287 : 014466B3;
	2288 : 00098613;
	2289 : 00090593;
	228a : 00048513;
	228b : F81FF0EF;
	228c : 01C12083;
	228d : 01812403;
	228e : 01412483;
	228f : 01012903;
	2290 : 00C12983;
	2291 : 00812A03;
	2292 : 02010113;
	2293 : 00008067;
	2294 : FE010113;
	2295 : 00112E23;
	2296 : 00812C23;
	2297 : 00912A23;
	2298 : 01212823;
	2299 : 01312623;
	229a : 01412423;
	229b : 00050493;
	229c : 00060913;
	229d : 00200793;
	229e : 01900993;
	229f : 02F58063;
	22a0 : 00300793;
	22a1 : 01F00993;
	22a2 : 00F58A63;
	22a3 : 00100793;
	22a4 : 01300993;
	22a5 : 00F58463;
	22a6 : 00D00993;
	22a7 : 10900613;
	22a8 : 00100593;
	22a9 : 00048513;
	22aa : E71FF0EF;
	22ab : FE057513;
	22ac : 00A9E9B3;
	22ad : 00100413;
	22ae : 00500A13;
	22af : 00098693;
	22b0 : 10900613;
	22b1 : 00040593;
	22b2 : 00048513;
	22b3 : EE1FF0EF;
	22b4 : 00140413;
	22b5 : 0FF47413;
	22b6 : FF4412E3;
	22b7 : 00200793;
	22b8 : 00F00413;
	22b9 : 02F90063;
	22ba : 00300793;
	22bb : 01400413;
	22bc : 00F90A63;
	22bd : FFF90913;
	22be : 00193913;
	22bf : 41200933;
	22c0 : 00A97413;
	22c1 : 10500613;
	22c2 : 00100593;
	22c3 : 00048513;
	22c4 : E09FF0EF;
	22c5 : FE057513;
	22c6 : 00A46933;
	22c7 : 04096913;
	22c8 : 00100413;
	22c9 : 00500993;
	22ca : 00090693;
	22cb : 10500613;
	22cc : 00040593;
	22cd : 00048513;
	22ce : E75FF0EF;
	22cf : 00140413;
	22d0 : 0FF47413;
	22d1 : FF3412E3;
	22d2 : 01C12083;
	22d3 : 01812403;
	22d4 : 01412483;
	22d5 : 01012903;
	22d6 : 00C12983;
	22d7 : 00812A03;
	22d8 : 02010113;
	22d9 : 00008067;
	22da : FF010113;
	22db : 00112623;
	22dc : 00812423;
	22dd : 00912223;
	22de : 01212023;
	22df : 00050913;
	22e0 : 00400793;
	22e1 : 00200713;
	22e2 : 00F58C63;
	22e3 : 00500793;
	22e4 : 00300713;
	22e5 : 00F58663;
	22e6 : FFD58593;
	22e7 : 0015B713;
	22e8 : 00171793;
	22e9 : 00E787B3;
	22ea : 00279793;
	22eb : 40E787B3;
	22ec : 00379793;
	22ed : 1000E4B7;
	22ee : 16448493;
	22ef : 00F48433;
	22f0 : 05848493;
	22f1 : 00F484B3;
	22f2 : 00042603;
	22f3 : 00865693;
	22f4 : 0FF67713;
	22f5 : 0FF6F693;
	22f6 : 01065613;
	22f7 : 00000593;
	22f8 : 00090513;
	22f9 : DFDFF0EF;
	22fa : 00440413;
	22fb : FC941EE3;
	22fc : 00C12083;
	22fd : 00812403;
	22fe : 00412483;
	22ff : 00012903;
	2300 : 01010113;
	2301 : 00008067;
	2302 : FD010113;
	2303 : 02112623;
	2304 : 02812423;
	2305 : 02912223;
	2306 : 03212023;
	2307 : 01312E23;
	2308 : 01412C23;
	2309 : 01512A23;
	230a : 01612823;
	230b : 01712623;
	230c : 01812423;
	230d : 00050A93;
	230e : 00400713;
	230f : 00200793;
	2310 : 00E58C63;
	2311 : 00500713;
	2312 : 00300793;
	2313 : 00E58663;
	2314 : FFD58593;
	2315 : 0015B793;
	2316 : 00179713;
	2317 : 00F70733;
	2318 : 00271713;
	2319 : 00F70733;
	231a : 00271713;
	231b : 1000E7B7;
	231c : 16478793;
	231d : 16078A13;
	231e : 00EA0A33;
	231f : 19478793;
	2320 : 00E78BB3;
	2321 : 00000C13;
	2322 : 00400B13;
	2323 : 00C0006F;
	2324 : 004A0A13;
	2325 : 057A0263;
	2326 : 000A2483;
	2327 : 0104D993;
	2328 : 0084D913;
	2329 : 0FF97913;
	232a : 0FF4F493;
	232b : 000C0413;
	232c : 00140413;
	232d : 0FF47413;
	232e : 00048713;
	232f : 00090693;
	2330 : 00098613;
	2331 : 00040593;
	2332 : 000A8513;
	2333 : D15FF0EF;
	2334 : FF6410E3;
	2335 : FBDFF06F;
	2336 : 02C12083;
	2337 : 02812403;
	2338 : 02412483;
	2339 : 02012903;
	233a : 01C12983;
	233b : 01812A03;
	233c : 01412A83;
	233d : 01012B03;
	233e : 00C12B83;
	233f : 00812C03;
	2340 : 03010113;
	2341 : 00008067;
	2342 : FD010113;
	2343 : 02112623;
	2344 : 02812423;
	2345 : 02912223;
	2346 : 03212023;
	2347 : 01312E23;
	2348 : 01412C23;
	2349 : 01512A23;
	234a : 01612823;
	234b : 01712623;
	234c : 01812423;
	234d : 01912223;
	234e : 00050A13;
	234f : 00400793;
	2350 : 00200713;
	2351 : 00F58C63;
	2352 : 00500793;
	2353 : 00300713;
	2354 : 00F58663;
	2355 : FFD58593;
	2356 : 0015B713;
	2357 : 00171793;
	2358 : 00E787B3;
	2359 : 00279793;
	235a : 00E787B3;
	235b : 00279793;
	235c : 1000E737;
	235d : 16470713;
	235e : 16070A93;
	235f : 00FA8AB3;
	2360 : 00FA0BB3;
	2361 : 19470713;
	2362 : 00F70C33;
	2363 : 00000C93;
	2364 : 00400B13;
	2365 : 0100006F;
	2366 : 004A8A93;
	2367 : 001B8B93;
	2368 : 058A8463;
	2369 : 000AA903;
	236a : 01095993;
	236b : 00895913;
	236c : 0FF97913;
	236d : 000B8493;
	236e : 000C8413;
	236f : 00140413;
	2370 : 0FF47413;
	2371 : 0084C703;
	2372 : 00090693;
	2373 : 00098613;
	2374 : 00040593;
	2375 : 000A0513;
	2376 : C09FF0EF;
	2377 : 00D48493;
	2378 : FD641EE3;
	2379 : FB5FF06F;
	237a : 02C12083;
	237b : 02812403;
	237c : 02412483;
	237d : 02012903;
	237e : 01C12983;
	237f : 01812A03;
	2380 : 01412A83;
	2381 : 01012B03;
	2382 : 00C12B83;
	2383 : 00812C03;
	2384 : 00412C83;
	2385 : 03010113;
	2386 : 00008067;
	2387 : 00052783;
	2388 : 00B7AA23;
	2389 : 00008067;
	238a : 00052783;
	238b : 00B7AC23;
	238c : 00008067;
	238d : 00052783;
	238e : 02C7A023;
	238f : 00052783;
	2390 : 00B7AE23;
	2391 : 00008067;
	2392 : 00052783;
	2393 : 0107A503;
	2394 : 00008067;
	2395 : 00052783;
	2396 : 0107A503;
	2397 : 00B57533;
	2398 : 00A03533;
	2399 : 00008067;
	239a : FF010113;
	239b : 00112623;
	239c : 00812423;
	239d : 00912223;
	239e : 01212023;
	239f : 00050413;
	23a0 : 00052783;
	23a1 : 00100913;
	23a2 : 0127AA23;
	23a3 : 00052783;
	23a4 : 00200493;
	23a5 : 0097AA23;
	23a6 : 00052783;
	23a7 : 00400713;
	23a8 : 00E7AA23;
	23a9 : 04600613;
	23aa : 00000593;
	23ab : 00452503;
	23ac : CB1F70EF;
	23ad : 00042783;
	23ae : 0127AC23;
	23af : 00042783;
	23b0 : 0097AC23;
	23b1 : 00002637;
	23b2 : 71060613;
	23b3 : 00000593;
	23b4 : 00442503;
	23b5 : C29F70EF;
	23b6 : 0140006F;
	23b7 : 00000593;
	23b8 : 00442503;
	23b9 : C5DF70EF;
	23ba : 04051463;
	23bb : 00200593;
	23bc : 00040513;
	23bd : F61FF0EF;
	23be : FE0502E3;
	23bf : 04600613;
	23c0 : 00000593;
	23c1 : 00442503;
	23c2 : C59F70EF;
	23c3 : 00042783;
	23c4 : 00400713;
	23c5 : 00E7AC23;
	23c6 : 00C12083;
	23c7 : 00812403;
	23c8 : 00412483;
	23c9 : 00012903;
	23ca : 01010113;
	23cb : 00008067;
	23cc : 10001537;
	23cd : 54C50513;
	23ce : AB4F70EF;
	23cf : FC1FF06F;
	23d0 : FF010113;
	23d1 : 00112623;
	23d2 : 00812423;
	23d3 : 00050413;
	23d4 : 00200713;
	23d5 : 0FF00693;
	23d6 : 00000613;
	23d7 : 00000593;
	23d8 : A81FF0EF;
	23d9 : 00100713;
	23da : 00100693;
	23db : 10000613;
	23dc : 00000593;
	23dd : 00040513;
	23de : A69FF0EF;
	23df : 00100713;
	23e0 : 0FF00693;
	23e1 : 00000613;
	23e2 : 00000593;
	23e3 : 00040513;
	23e4 : A51FF0EF;
	23e5 : 00018637;
	23e6 : 6A060613;
	23e7 : 00000593;
	23e8 : 00442503;
	23e9 : B59F70EF;
	23ea : 0140006F;
	23eb : 00000593;
	23ec : 00442503;
	23ed : B8DF70EF;
	23ee : 02051263;
	23ef : 00100593;
	23f0 : 00040513;
	23f1 : E91FF0EF;
	23f2 : FE0512E3;
	23f3 : 00C12083;
	23f4 : 00812403;
	23f5 : 01010113;
	23f6 : 00008067;
	23f7 : 10001537;
	23f8 : 56850513;
	23f9 : A08F70EF;
	23fa : FE5FF06F;
	23fb : FF010113;
	23fc : 00112623;
	23fd : 00812423;
	23fe : 00050413;
	23ff : B6DFF0EF;
	2400 : 00040513;
	2401 : F3DFF0EF;
	2402 : 00040513;
	2403 : E5DFF0EF;
	2404 : 00C12083;
	2405 : 00812403;
	2406 : 01010113;
	2407 : 00008067;
	2408 : FF010113;
	2409 : 00112623;
	240a : 00812423;
	240b : 00912223;
	240c : 01212023;
	240d : 00050493;
	240e : 00000413;
	240f : 00400913;
	2410 : 00140413;
	2411 : 0FF47413;
	2412 : 00200713;
	2413 : 0FF00693;
	2414 : 00000613;
	2415 : 00040593;
	2416 : 00048513;
	2417 : 985FF0EF;
	2418 : 00200713;
	2419 : 00200693;
	241a : 10000613;
	241b : 00040593;
	241c : 00048513;
	241d : 96DFF0EF;
	241e : 08000713;
	241f : 08000693;
	2420 : 16600613;
	2421 : 00040593;
	2422 : 00048513;
	2423 : 955FF0EF;
	2424 : 02000713;
	2425 : 02000693;
	2426 : 28100613;
	2427 : 00040593;
	2428 : 00048513;
	2429 : 93DFF0EF;
	242a : 00100713;
	242b : 0FF00693;
	242c : 00000613;
	242d : 00040593;
	242e : 00048513;
	242f : 925FF0EF;
	2430 : F92410E3;
	2431 : 00018637;
	2432 : 6A060613;
	2433 : 00000593;
	2434 : 0044A503;
	2435 : A29F70EF;
	2436 : 0140006F;
	2437 : 00000593;
	2438 : 0044A503;
	2439 : A5DF70EF;
	243a : 02051663;
	243b : 00800593;
	243c : 00048513;
	243d : D61FF0EF;
	243e : FE0512E3;
	243f : 00C12083;
	2440 : 00812403;
	2441 : 00412483;
	2442 : 00012903;
	2443 : 01010113;
	2444 : 00008067;
	2445 : 10001537;
	2446 : 58050513;
	2447 : 8D0F70EF;
	2448 : FDDFF06F;
	2449 : FD010113;
	244a : 02112623;
	244b : 02812423;
	244c : 02912223;
	244d : 03212023;
	244e : 01312E23;
	244f : 01412C23;
	2450 : 01512A23;
	2451 : 01612823;
	2452 : 01712623;
	2453 : 01812423;
	2454 : 00050993;
	2455 : 00058413;
	2456 : AB1FF0EF;
	2457 : 00098513;
	2458 : EC1FF0EF;
	2459 : 00400713;
	245a : 00200793;
	245b : 00E40C63;
	245c : 00500713;
	245d : 00300793;
	245e : 00E40663;
	245f : FFD40413;
	2460 : 00143793;
	2461 : 00179713;
	2462 : 00F70733;
	2463 : 00271713;
	2464 : 00F70733;
	2465 : 00271713;
	2466 : 1000E7B7;
	2467 : 16478793;
	2468 : 16078A13;
	2469 : 00EA0A33;
	246a : 00E98B33;
	246b : 19478793;
	246c : 00E78BB3;
	246d : 00000C13;
	246e : 00400A93;
	246f : 0100006F;
	2470 : 004A0A13;
	2471 : 001B0B13;
	2472 : 037A0C63;
	2473 : 002A5903;
	2474 : 000B0493;
	2475 : 000C0413;
	2476 : 00140413;
	2477 : 0FF47413;
	2478 : 00090613;
	2479 : 00040593;
	247a : 00098513;
	247b : F2CFF0EF;
	247c : 00A48423;
	247d : 00D48493;
	247e : FF5410E3;
	247f : FC5FF06F;
	2480 : 02C12083;
	2481 : 02812403;
	2482 : 02412483;
	2483 : 02012903;
	2484 : 01C12983;
	2485 : 01812A03;
	2486 : 01412A83;
	2487 : 01012B03;
	2488 : 00C12B83;
	2489 : 00812C03;
	248a : 03010113;
	248b : 00008067;
	248c : FF010113;
	248d : 00112623;
	248e : 00812423;
	248f : 00912223;
	2490 : 00050413;
	2491 : 00052783;
	2492 : 00800493;
	2493 : 0097AA23;
	2494 : 00052783;
	2495 : 01000713;
	2496 : 00E7AA23;
	2497 : 04600613;
	2498 : 00000593;
	2499 : 00452503;
	249a : 8F9F70EF;
	249b : 00042783;
	249c : 0097AC23;
	249d : 00002637;
	249e : 71060613;
	249f : 00000593;
	24a0 : 00442503;
	24a1 : 879F70EF;
	24a2 : 0140006F;
	24a3 : 00000593;
	24a4 : 00442503;
	24a5 : 8ADF70EF;
	24a6 : 04051263;
	24a7 : 01000593;
	24a8 : 00040513;
	24a9 : BB1FF0EF;
	24aa : FE0502E3;
	24ab : 04600613;
	24ac : 00000593;
	24ad : 00442503;
	24ae : 8A9F70EF;
	24af : 00042783;
	24b0 : 01000713;
	24b1 : 00E7AC23;
	24b2 : 00C12083;
	24b3 : 00812403;
	24b4 : 00412483;
	24b5 : 01010113;
	24b6 : 00008067;
	24b7 : 10001537;
	24b8 : 59850513;
	24b9 : F09F60EF;
	24ba : FC5FF06F;
	24bb : FF010113;
	24bc : 00112623;
	24bd : 00812423;
	24be : 00050413;
	24bf : 00052783;
	24c0 : 00800713;
	24c1 : 00E7AA23;
	24c2 : 00052783;
	24c3 : 01000713;
	24c4 : 00E7AA23;
	24c5 : 9F5FF0EF;
	24c6 : 00040513;
	24c7 : F15FF0EF;
	24c8 : 00C12083;
	24c9 : 00812403;
	24ca : 01010113;
	24cb : 00008067;
END;
