-----
-- MIF ROM 
-- Sat Apr  5 21:30:55 2025
-----

WIDTH=32;
DEPTH=9311;
ADDRESS_RADIX=HEX;
DATA_RADIX=HEX;

CONTENT BEGIN
	0000 : 0040006F;
	0001 : 00000093;
	0002 : 10010117;
	0003 : FF810113;
	0004 : 00000193;
	0005 : 00000213;
	0006 : 00000293;
	0007 : 00000313;
	0008 : 00000393;
	0009 : 00000413;
	000a : 00000493;
	000b : 00000513;
	000c : 00000593;
	000d : 00000613;
	000e : 00000693;
	000f : 00000713;
	0010 : 00000793;
	0011 : 00000813;
	0012 : 00000893;
	0013 : 00000913;
	0014 : 00000993;
	0015 : 00000A13;
	0016 : 00000A93;
	0017 : 00000B13;
	0018 : 00000B93;
	0019 : 00000C13;
	001a : 00000C93;
	001b : 00000D13;
	001c : 00000D93;
	001d : 00000E13;
	001e : 00000E93;
	001f : 00000F13;
	0020 : 00000F93;
	0021 : 291070EF;
	0022 : 0000006F;
	0023 : FC010113;
	0024 : 02112E23;
	0025 : 02512C23;
	0026 : 02612A23;
	0027 : 02712823;
	0028 : 02A12623;
	0029 : 02B12423;
	002a : 02C12223;
	002b : 02D12023;
	002c : 00E12E23;
	002d : 00F12C23;
	002e : 01012A23;
	002f : 01112823;
	0030 : 01C12623;
	0031 : 01D12423;
	0032 : 01E12223;
	0033 : 01F12023;
	0034 : 1000F537;
	0035 : D7050513;
	0036 : 67D050EF;
	0037 : 1000E537;
	0038 : 6D050513;
	0039 : 671050EF;
	003a : 03C12083;
	003b : 03812283;
	003c : 03412303;
	003d : 03012383;
	003e : 02C12503;
	003f : 02812583;
	0040 : 02412603;
	0041 : 02012683;
	0042 : 01C12703;
	0043 : 01812783;
	0044 : 01412803;
	0045 : 01012883;
	0046 : 00C12E03;
	0047 : 00812E83;
	0048 : 00412F03;
	0049 : 00012F83;
	004a : 04010113;
	004b : 30200073;
	004c : 08C00793;
	004d : 30579073;
	004e : 00800793;
	004f : 30079073;
	0050 : 000017B7;
	0051 : 80078793;
	0052 : 30479073;
	0053 : 00008067;
	0054 : 0FF67793;
	0055 : 00100713;
	0056 : 10001637;
	0057 : 77C60613;
	0058 : 00100693;
	0059 : 02F77863;
	005a : 00062703;
	005b : 02E57863;
	005c : FFF78793;
	005d : 0FF7F793;
	005e : 00460613;
	005f : FED796E3;
	0060 : 00000713;
	0061 : 00170713;
	0062 : 00E58833;
	0063 : 03000893;
	0064 : 0480006F;
	0065 : 10001637;
	0066 : 77C60613;
	0067 : FFF78713;
	0068 : 0FF77713;
	0069 : FE0790E3;
	006a : 00058813;
	006b : 00080023;
	006c : 00008067;
	006d : 40D70733;
	006e : 00178793;
	006f : 0FF7F793;
	0070 : FED77AE3;
	0071 : 00070513;
	0072 : 00158593;
	0073 : FEF58FA3;
	0074 : 00460613;
	0075 : FCB80CE3;
	0076 : 00062683;
	0077 : 00050713;
	0078 : 00088793;
	0079 : FCD578E3;
	007a : FE1FF06F;
	007b : FA010113;
	007c : 02112E23;
	007d : 02812C23;
	007e : 02912A23;
	007f : 03212823;
	0080 : 03312623;
	0081 : 03412423;
	0082 : 03512223;
	0083 : 03612023;
	0084 : 01712E23;
	0085 : 01812C23;
	0086 : 01912A23;
	0087 : 00050313;
	0088 : 04B12223;
	0089 : 04C12423;
	008a : 04D12623;
	008b : 04E12823;
	008c : 04F12A23;
	008d : 05012C23;
	008e : 05112E23;
	008f : 04410793;
	0090 : 00F12623;
	0091 : 00150413;
	0092 : 00054503;
	0093 : 18050463;
	0094 : 02500493;
	0095 : 06300B13;
	0096 : 07800B93;
	0097 : 06400C13;
	0098 : 07300C93;
	0099 : 0180006F;
	009a : 650000EF;
	009b : 00040313;
	009c : 00130413;
	009d : 00034503;
	009e : 14050E63;
	009f : FE9516E3;
	00a0 : 00230993;
	00a1 : 00134783;
	00a2 : 14078663;
	00a3 : 04978463;
	00a4 : 05678A63;
	00a5 : 07778663;
	00a6 : 0F878463;
	00a7 : 00098313;
	00a8 : FD9798E3;
	00a9 : 00C12783;
	00aa : 00478713;
	00ab : 00E12623;
	00ac : 0007A403;
	00ad : 00044503;
	00ae : FA050CE3;
	00af : 00140413;
	00b0 : 5F8000EF;
	00b1 : 00044503;
	00b2 : FE051AE3;
	00b3 : 00098313;
	00b4 : FA1FF06F;
	00b5 : 00048513;
	00b6 : 5E0000EF;
	00b7 : 00098313;
	00b8 : F91FF06F;
	00b9 : 00C12783;
	00ba : 00478713;
	00bb : 00E12623;
	00bc : 0007C503;
	00bd : 5C4000EF;
	00be : 00098313;
	00bf : F75FF06F;
	00c0 : 00C12783;
	00c1 : 00478713;
	00c2 : 00E12623;
	00c3 : 0007A903;
	00c4 : 02090863;
	00c5 : 100007B7;
	00c6 : 01C00413;
	00c7 : 00F00713;
	00c8 : 00F97A63;
	00c9 : FFC40413;
	00ca : 008717B3;
	00cb : 0127F7B3;
	00cc : FE078AE3;
	00cd : 00F00A93;
	00ce : 00900A13;
	00cf : 0280006F;
	00d0 : 03000513;
	00d1 : 574000EF;
	00d2 : 00098313;
	00d3 : F25FF06F;
	00d4 : 05750513;
	00d5 : 0FF57513;
	00d6 : 560000EF;
	00d7 : 06040863;
	00d8 : FFC40413;
	00d9 : 008A9533;
	00da : 01257533;
	00db : 00855533;
	00dc : FEAA60E3;
	00dd : 03050513;
	00de : 0FF57513;
	00df : FDDFF06F;
	00e0 : 00C12783;
	00e1 : 00478713;
	00e2 : 00E12623;
	00e3 : 00A00613;
	00e4 : 00010593;
	00e5 : 0007A503;
	00e6 : DB9FF0EF;
	00e7 : 00014503;
	00e8 : 02050263;
	00e9 : 00000413;
	00ea : 00140413;
	00eb : 0FF47413;
	00ec : 508000EF;
	00ed : 01040793;
	00ee : 002787B3;
	00ef : FF07C503;
	00f0 : FE0514E3;
	00f1 : 00098313;
	00f2 : EA9FF06F;
	00f3 : 00098313;
	00f4 : EA1FF06F;
	00f5 : 03C12083;
	00f6 : 03812403;
	00f7 : 03412483;
	00f8 : 03012903;
	00f9 : 02C12983;
	00fa : 02812A03;
	00fb : 02412A83;
	00fc : 02012B03;
	00fd : 01C12B83;
	00fe : 01812C03;
	00ff : 01412C83;
	0100 : 06010113;
	0101 : 00008067;
	0102 : 00051023;
	0103 : 00051123;
	0104 : 00008067;
	0105 : 00055783;
	0106 : 01079793;
	0107 : 0107D793;
	0108 : 3FF00713;
	0109 : 00E78E63;
	010a : 00055783;
	010b : 00178793;
	010c : 01079793;
	010d : 0107D793;
	010e : 00F51023;
	010f : 00008067;
	0110 : 00051023;
	0111 : 00008067;
	0112 : 00255783;
	0113 : 01079793;
	0114 : 0107D793;
	0115 : 3FF00713;
	0116 : 00E78E63;
	0117 : 00255783;
	0118 : 00178793;
	0119 : 01079793;
	011a : 0107D793;
	011b : 00F51123;
	011c : 00008067;
	011d : 00051123;
	011e : 00008067;
	011f : FF010113;
	0120 : 00112623;
	0121 : 00055703;
	0122 : 00E507B3;
	0123 : 00B78223;
	0124 : F85FF0EF;
	0125 : 00C12083;
	0126 : 01010113;
	0127 : 00008067;
	0128 : FF010113;
	0129 : 00112623;
	012a : 00812423;
	012b : 00255703;
	012c : 00E507B3;
	012d : 0047C403;
	012e : F91FF0EF;
	012f : 00040513;
	0130 : 00C12083;
	0131 : 00812403;
	0132 : 01010113;
	0133 : 00008067;
	0134 : 00055783;
	0135 : 00255703;
	0136 : 40E78533;
	0137 : 00153513;
	0138 : 00008067;
	0139 : FF010113;
	013a : 00112623;
	013b : 00812423;
	013c : 00050413;
	013d : 00055783;
	013e : 00255703;
	013f : 01079793;
	0140 : 0107D793;
	0141 : 02E78263;
	0142 : 00040513;
	0143 : F95FF0EF;
	0144 : 3A8000EF;
	0145 : 00045783;
	0146 : 00245703;
	0147 : 01079793;
	0148 : 0107D793;
	0149 : FEE792E3;
	014a : 00C12083;
	014b : 00812403;
	014c : 01010113;
	014d : 00008067;
	014e : 0FF67793;
	014f : 00100713;
	0150 : 10001637;
	0151 : 7A460613;
	0152 : 00100693;
	0153 : 02F77863;
	0154 : 00062703;
	0155 : 02E57863;
	0156 : FFF78793;
	0157 : 0FF7F793;
	0158 : 00460613;
	0159 : FED796E3;
	015a : 00000713;
	015b : 00170713;
	015c : 00E58833;
	015d : 03000893;
	015e : 0480006F;
	015f : 10001637;
	0160 : 7A460613;
	0161 : FFF78713;
	0162 : 0FF77713;
	0163 : FE0790E3;
	0164 : 00058813;
	0165 : 00080023;
	0166 : 00008067;
	0167 : 40D70733;
	0168 : 00178793;
	0169 : 0FF7F793;
	016a : FED77AE3;
	016b : 00070513;
	016c : 00158593;
	016d : FEF58FA3;
	016e : 00460613;
	016f : FCB80CE3;
	0170 : 00062683;
	0171 : 00050713;
	0172 : 00088793;
	0173 : FCD578E3;
	0174 : FE1FF06F;
	0175 : FA010113;
	0176 : 02112E23;
	0177 : 02812C23;
	0178 : 02912A23;
	0179 : 03212823;
	017a : 03312623;
	017b : 03412423;
	017c : 03512223;
	017d : 03612023;
	017e : 01712E23;
	017f : 01812C23;
	0180 : 01912A23;
	0181 : 01A12823;
	0182 : 00050493;
	0183 : 00058513;
	0184 : 04C12423;
	0185 : 04D12623;
	0186 : 04E12823;
	0187 : 04F12A23;
	0188 : 05012C23;
	0189 : 05112E23;
	018a : 04810793;
	018b : 00F12623;
	018c : 00158413;
	018d : 0005C583;
	018e : 1A058263;
	018f : 02500913;
	0190 : 06300B93;
	0191 : 07800C13;
	0192 : 06400C93;
	0193 : 07300D13;
	0194 : 01C0006F;
	0195 : 00048513;
	0196 : E25FF0EF;
	0197 : 00040513;
	0198 : 00150413;
	0199 : 00054583;
	019a : 16058A63;
	019b : FF2594E3;
	019c : 00250A13;
	019d : 00154783;
	019e : 16078263;
	019f : 05278663;
	01a0 : 05778E63;
	01a1 : 07878C63;
	01a2 : 0F978E63;
	01a3 : 000A0513;
	01a4 : FDA798E3;
	01a5 : 00C12783;
	01a6 : 00478713;
	01a7 : 00E12623;
	01a8 : 0007A403;
	01a9 : 00044583;
	01aa : FA058CE3;
	01ab : 00140413;
	01ac : 00048513;
	01ad : DC9FF0EF;
	01ae : 00044583;
	01af : FE0598E3;
	01b0 : 000A0513;
	01b1 : F9DFF06F;
	01b2 : 00090593;
	01b3 : 00048513;
	01b4 : DADFF0EF;
	01b5 : 000A0513;
	01b6 : F89FF06F;
	01b7 : 00C12783;
	01b8 : 00478713;
	01b9 : 00E12623;
	01ba : 0007C583;
	01bb : 00048513;
	01bc : D8DFF0EF;
	01bd : 000A0513;
	01be : F69FF06F;
	01bf : 00C12783;
	01c0 : 00478713;
	01c1 : 00E12623;
	01c2 : 0007A983;
	01c3 : 02098863;
	01c4 : 100007B7;
	01c5 : 01C00413;
	01c6 : 00F00713;
	01c7 : 00F9FA63;
	01c8 : FFC40413;
	01c9 : 008717B3;
	01ca : 0137F7B3;
	01cb : FE078AE3;
	01cc : 00F00B13;
	01cd : 00900A93;
	01ce : 0300006F;
	01cf : 03000593;
	01d0 : 00048513;
	01d1 : D39FF0EF;
	01d2 : 000A0513;
	01d3 : F15FF06F;
	01d4 : 05758593;
	01d5 : 0FF5F593;
	01d6 : 00048513;
	01d7 : D21FF0EF;
	01d8 : 06040A63;
	01d9 : FFC40413;
	01da : 008B15B3;
	01db : 0135F5B3;
	01dc : 0085D5B3;
	01dd : FCBAEEE3;
	01de : 03058593;
	01df : 0FF5F593;
	01e0 : FD9FF06F;
	01e1 : 00C12783;
	01e2 : 00478713;
	01e3 : 00E12623;
	01e4 : 00A00613;
	01e5 : 00010593;
	01e6 : 0007A503;
	01e7 : D9DFF0EF;
	01e8 : 00014583;
	01e9 : 02058463;
	01ea : 00000413;
	01eb : 00140413;
	01ec : 0FF47413;
	01ed : 00048513;
	01ee : CC5FF0EF;
	01ef : 01040793;
	01f0 : 002787B3;
	01f1 : FF07C583;
	01f2 : FE0592E3;
	01f3 : 000A0513;
	01f4 : E91FF06F;
	01f5 : 000A0513;
	01f6 : E89FF06F;
	01f7 : 03C12083;
	01f8 : 03812403;
	01f9 : 03412483;
	01fa : 03012903;
	01fb : 02C12983;
	01fc : 02812A03;
	01fd : 02412A83;
	01fe : 02012B03;
	01ff : 01C12B83;
	0200 : 01812C03;
	0201 : 01412C83;
	0202 : 01012D03;
	0203 : 06010113;
	0204 : 00008067;
	0205 : 00B52023;
	0206 : 00100793;
	0207 : 00F5A223;
	0208 : 00008067;
	0209 : 00052783;
	020a : 00B7AC23;
	020b : 00008067;
	020c : 00052783;
	020d : 00B7AE23;
	020e : 00008067;
	020f : 00052783;
	0210 : 02B7A023;
	0211 : 00008067;
	0212 : 00052783;
	0213 : 02C7A423;
	0214 : 00052783;
	0215 : 02B7A223;
	0216 : 00008067;
	0217 : 00052783;
	0218 : 0047A703;
	0219 : 00259593;
	021a : 00E5E5B3;
	021b : 00B7A223;
	021c : 00008067;
	021d : 00052783;
	021e : 0107A503;
	021f : 00B57533;
	0220 : 00A03533;
	0221 : 00008067;
	0222 : 00052783;
	0223 : 00C7A503;
	0224 : 00008067;
	0225 : 00052783;
	0226 : 00C7A503;
	0227 : 00B57533;
	0228 : 00A03533;
	0229 : 00008067;
	022a : 00B52023;
	022b : 00100793;
	022c : 00F5A023;
	022d : 00008067;
	022e : 10000737;
	022f : 00472783;
	0230 : 0047A783;
	0231 : 0027F793;
	0232 : FE079AE3;
	0233 : 100007B7;
	0234 : 0047A783;
	0235 : 00A7A423;
	0236 : 00008067;
	0237 : 100007B7;
	0238 : 0047A783;
	0239 : 0047A503;
	023a : 00855513;
	023b : 00154513;
	023c : 00157513;
	023d : 00008067;
	023e : 10000737;
	023f : 00472783;
	0240 : 0047A783;
	0241 : 1007F793;
	0242 : FE079AE3;
	0243 : 100007B7;
	0244 : 0047A783;
	0245 : 00C7A503;
	0246 : 0FF57513;
	0247 : 00008067;
	0248 : FE010113;
	0249 : 00112E23;
	024a : 00812C23;
	024b : 00912A23;
	024c : 01212823;
	024d : 01312623;
	024e : 01412423;
	024f : 01512223;
	0250 : 01612023;
	0251 : 00000913;
	0252 : 00000B13;
	0253 : 10000437;
	0254 : 10000A37;
	0255 : 00D00993;
	0256 : 00500A93;
	0257 : 0180006F;
	0258 : 016484B3;
	0259 : 01049B13;
	025a : 010B5B13;
	025b : 00190913;
	025c : 0FF97913;
	025d : 00442783;
	025e : 0047A783;
	025f : 1007F793;
	0260 : FE079AE3;
	0261 : 00442783;
	0262 : 00C7A583;
	0263 : 0FF5F493;
	0264 : 00048593;
	0265 : 00CA0513;
	0266 : 855FF0EF;
	0267 : 03348A63;
	0268 : FD048493;
	0269 : 0FF4F493;
	026a : FA090CE3;
	026b : 002B1793;
	026c : 00FB07B3;
	026d : 00179793;
	026e : 009787B3;
	026f : 01079B13;
	0270 : 010B5B13;
	0271 : 00190913;
	0272 : 0FF97913;
	0273 : FB5914E3;
	0274 : 000B0513;
	0275 : 01C12083;
	0276 : 01812403;
	0277 : 01412483;
	0278 : 01012903;
	0279 : 00C12983;
	027a : 00812A03;
	027b : 00412A83;
	027c : 00012B03;
	027d : 02010113;
	027e : 00008067;
	027f : FD010113;
	0280 : 02112623;
	0281 : 02812423;
	0282 : 02912223;
	0283 : 03212023;
	0284 : 01312E23;
	0285 : 01412C23;
	0286 : 01512A23;
	0287 : 01612823;
	0288 : 01712623;
	0289 : 00000913;
	028a : 00000993;
	028b : 10000437;
	028c : 10000AB7;
	028d : 00D00A13;
	028e : 06000B13;
	028f : 00500B93;
	0290 : 0240006F;
	0291 : FD048493;
	0292 : 0FF4F493;
	0293 : 0500006F;
	0294 : 013484B3;
	0295 : 01049993;
	0296 : 0109D993;
	0297 : 00190913;
	0298 : 0FF97913;
	0299 : 00442783;
	029a : 0047A783;
	029b : 1007F793;
	029c : FE079AE3;
	029d : 00442783;
	029e : 00C7A583;
	029f : 0FF5F493;
	02a0 : 00048593;
	02a1 : 00CA8513;
	02a2 : F64FF0EF;
	02a3 : 03448863;
	02a4 : FA9B7AE3;
	02a5 : FA948493;
	02a6 : 0FF4F493;
	02a7 : FA090AE3;
	02a8 : 00499993;
	02a9 : 009989B3;
	02aa : 01099993;
	02ab : 0109D993;
	02ac : 00190913;
	02ad : 0FF97913;
	02ae : FB7916E3;
	02af : 00098513;
	02b0 : 02C12083;
	02b1 : 02812403;
	02b2 : 02412483;
	02b3 : 02012903;
	02b4 : 01C12983;
	02b5 : 01812A03;
	02b6 : 01412A83;
	02b7 : 01012B03;
	02b8 : 00C12B83;
	02b9 : 03010113;
	02ba : 00008067;
	02bb : 00B52023;
	02bc : 00100793;
	02bd : 00F5A023;
	02be : 00008067;
	02bf : 02059863;
	02c0 : 00052783;
	02c1 : 00C7A623;
	02c2 : 00200693;
	02c3 : 00400793;
	02c4 : 00052703;
	02c5 : 00072603;
	02c6 : 00C7E7B3;
	02c7 : 00F72023;
	02c8 : 00052783;
	02c9 : 00D7A223;
	02ca : 00008067;
	02cb : 00052783;
	02cc : 00C7A823;
	02cd : 00400693;
	02ce : 00800793;
	02cf : FD5FF06F;
	02d0 : 00052783;
	02d1 : 0047A783;
	02d2 : 00B03533;
	02d3 : 00151513;
	02d4 : 00250513;
	02d5 : 00F57533;
	02d6 : 00A03533;
	02d7 : 00008067;
	02d8 : FF010113;
	02d9 : 00112623;
	02da : 00812423;
	02db : 00912223;
	02dc : 00050493;
	02dd : 00058413;
	02de : F85FF0EF;
	02df : 00040593;
	02e0 : 00048513;
	02e1 : FBDFF0EF;
	02e2 : FE050AE3;
	02e3 : 00C12083;
	02e4 : 00812403;
	02e5 : 00412483;
	02e6 : 01010113;
	02e7 : 00008067;
	02e8 : 00B52023;
	02e9 : 00265613;
	02ea : 00C5A423;
	02eb : 00050B23;
	02ec : 00052783;
	02ed : 0007A023;
	02ee : 00008067;
	02ef : 00050693;
	02f0 : 00052783;
	02f1 : 00300713;
	02f2 : 00E7A023;
	02f3 : 00052703;
	02f4 : 00472783;
	02f5 : 0027F793;
	02f6 : FE078CE3;
	02f7 : 00200793;
	02f8 : 00F72223;
	02f9 : 0006A703;
	02fa : 0046C783;
	02fb : 00179793;
	02fc : 00F72623;
	02fd : 0006A783;
	02fe : 00900713;
	02ff : 00E7A023;
	0300 : 0006A703;
	0301 : 00472783;
	0302 : 0027F793;
	0303 : FE078CE3;
	0304 : 00200793;
	0305 : 00F72223;
	0306 : 0006A783;
	0307 : 0047A503;
	0308 : 00457513;
	0309 : 08050663;
	030a : 0156C783;
	030b : 04078463;
	030c : 00000613;
	030d : 00900513;
	030e : 00200593;
	030f : 0006A783;
	0310 : 00C68733;
	0311 : 00574703;
	0312 : 00E7A623;
	0313 : 0006A783;
	0314 : 00A7A023;
	0315 : 0006A703;
	0316 : 00472783;
	0317 : 0027F793;
	0318 : FE078CE3;
	0319 : 00B72223;
	031a : 00160613;
	031b : 0156C783;
	031c : FCF646E3;
	031d : 0166C783;
	031e : 00100513;
	031f : 02079A63;
	0320 : 0006A783;
	0321 : 00500713;
	0322 : 00E7A023;
	0323 : 0006A703;
	0324 : 00472783;
	0325 : 0027F793;
	0326 : FE078CE3;
	0327 : 00200793;
	0328 : 00F72223;
	0329 : 0006A783;
	032a : 0007A023;
	032b : 00100513;
	032c : 00008067;
	032d : 00050693;
	032e : 00052783;
	032f : 00300713;
	0330 : 00E7A023;
	0331 : 00052703;
	0332 : 00472783;
	0333 : 0027F793;
	0334 : FE078CE3;
	0335 : 00200793;
	0336 : 00F72223;
	0337 : 0006A703;
	0338 : 0046C783;
	0339 : 00179793;
	033a : 0017E793;
	033b : 00F72623;
	033c : 0006A783;
	033d : 00900713;
	033e : 00E7A023;
	033f : 0006A703;
	0340 : 00472783;
	0341 : 0027F793;
	0342 : FE078CE3;
	0343 : 00200793;
	0344 : 00F72223;
	0345 : 0006A783;
	0346 : 0047A503;
	0347 : 00457513;
	0348 : 0A050063;
	0349 : 0156C783;
	034a : 04078E63;
	034b : 00000613;
	034c : 00200513;
	034d : 00060593;
	034e : FFF78793;
	034f : 00F627B3;
	0350 : 00579793;
	0351 : 01178793;
	0352 : 0006A703;
	0353 : 00F72023;
	0354 : 0006A703;
	0355 : 00472783;
	0356 : 0027F793;
	0357 : FE078CE3;
	0358 : 00A72223;
	0359 : 0006A783;
	035a : 0107A703;
	035b : 00B687B3;
	035c : 00E782A3;
	035d : 00160613;
	035e : 0FF67613;
	035f : 0156C783;
	0360 : FAF66AE3;
	0361 : 0166C783;
	0362 : 00100513;
	0363 : 02079A63;
	0364 : 0006A783;
	0365 : 00500713;
	0366 : 00E7A023;
	0367 : 0006A703;
	0368 : 00472783;
	0369 : 0027F793;
	036a : FE078CE3;
	036b : 00200793;
	036c : 00F72223;
	036d : 0006A783;
	036e : 0007A023;
	036f : 00100513;
	0370 : 00008067;
	0371 : 00B035B3;
	0372 : 40B005B3;
	0373 : 0415F593;
	0374 : 00060463;
	0375 : 0805E593;
	0376 : 00052783;
	0377 : 00B7A023;
	0378 : 00008067;
	0379 : FF010113;
	037a : 00112623;
	037b : 00812423;
	037c : 00912223;
	037d : 00050413;
	037e : 00B50223;
	037f : FFD00793;
	0380 : 00F502A3;
	0381 : 00100793;
	0382 : 00F50323;
	0383 : 00200493;
	0384 : 00950AA3;
	0385 : DA9FF0EF;
	0386 : 04400793;
	0387 : 00F402A3;
	0388 : 00500793;
	0389 : 00F40323;
	038a : 00940AA3;
	038b : 00040513;
	038c : D8DFF0EF;
	038d : 00C12083;
	038e : 00812403;
	038f : 00412483;
	0390 : 01010113;
	0391 : 00008067;
	0392 : FF010113;
	0393 : 00112623;
	0394 : 00812423;
	0395 : 00912223;
	0396 : 01212023;
	0397 : 00050413;
	0398 : 00068493;
	0399 : 00B50223;
	039a : 00865793;
	039b : 00F502A3;
	039c : 00C50323;
	039d : 00200793;
	039e : 00F50AA3;
	039f : 00100913;
	03a0 : 01250B23;
	03a1 : D39FF0EF;
	03a2 : 01250E63;
	03a3 : 00C12083;
	03a4 : 00812403;
	03a5 : 00412483;
	03a6 : 00012903;
	03a7 : 01010113;
	03a8 : 00008067;
	03a9 : 00100793;
	03aa : 00F40AA3;
	03ab : 00040B23;
	03ac : 00040513;
	03ad : E01FF0EF;
	03ae : 00544783;
	03af : 00F48023;
	03b0 : FCDFF06F;
	03b1 : FF010113;
	03b2 : 00112623;
	03b3 : 00B50223;
	03b4 : 00865713;
	03b5 : 00E502A3;
	03b6 : 00C50323;
	03b7 : 00D503A3;
	03b8 : 00300713;
	03b9 : 00E50AA3;
	03ba : CD5FF0EF;
	03bb : 00C12083;
	03bc : 01010113;
	03bd : 00008067;
	03be : FD010113;
	03bf : 02112623;
	03c0 : 02812423;
	03c1 : 02912223;
	03c2 : 03212023;
	03c3 : 01312E23;
	03c4 : 01412C23;
	03c5 : 01512A23;
	03c6 : 00050913;
	03c7 : 00058993;
	03c8 : 02060C63;
	03c9 : 00068413;
	03ca : 00060A13;
	03cb : 00000493;
	03cc : 00100A93;
	03cd : 00444683;
	03ce : 00045603;
	03cf : 00098593;
	03d0 : 00090513;
	03d1 : F81FF0EF;
	03d2 : 01551863;
	03d3 : 00840413;
	03d4 : 00148493;
	03d5 : FF4490E3;
	03d6 : 00F10693;
	03d7 : 00A00613;
	03d8 : 00098593;
	03d9 : 00090513;
	03da : EE1FF0EF;
	03db : 00F14403;
	03dc : 00146693;
	03dd : 00A00613;
	03de : 00098593;
	03df : 00090513;
	03e0 : F45FF0EF;
	03e1 : 0FE47693;
	03e2 : 00A00613;
	03e3 : 00098593;
	03e4 : 00090513;
	03e5 : F31FF0EF;
	03e6 : 02C12083;
	03e7 : 02812403;
	03e8 : 02412483;
	03e9 : 02012903;
	03ea : 01C12983;
	03eb : 01812A03;
	03ec : 01412A83;
	03ed : 03010113;
	03ee : 00008067;
	03ef : FD010113;
	03f0 : 02112623;
	03f1 : 02812423;
	03f2 : 02912223;
	03f3 : 03212023;
	03f4 : 01312E23;
	03f5 : 00050493;
	03f6 : 00058913;
	03f7 : 00068993;
	03f8 : 00200793;
	03f9 : 11200413;
	03fa : 02F60063;
	03fb : 00300793;
	03fc : 11A00413;
	03fd : 00F60A63;
	03fe : 00100793;
	03ff : 10A00413;
	0400 : 00F60463;
	0401 : 10200413;
	0402 : 00F10693;
	0403 : 00040613;
	0404 : 00090593;
	0405 : 00048513;
	0406 : E31FF0EF;
	0407 : 02098C63;
	0408 : 00F14683;
	0409 : 0FD6F693;
	040a : 00040613;
	040b : 00090593;
	040c : 00048513;
	040d : E91FF0EF;
	040e : 02C12083;
	040f : 02812403;
	0410 : 02412483;
	0411 : 02012903;
	0412 : 01C12983;
	0413 : 03010113;
	0414 : 00008067;
	0415 : 00F14683;
	0416 : 0026E693;
	0417 : FCDFF06F;
	0418 : FE010113;
	0419 : 00112E23;
	041a : 00812C23;
	041b : 00912A23;
	041c : 01212823;
	041d : 01312623;
	041e : 01412423;
	041f : 00050913;
	0420 : 00058993;
	0421 : 00060413;
	0422 : 00068493;
	0423 : 00000693;
	0424 : F2DFF0EF;
	0425 : 00200793;
	0426 : 11000A13;
	0427 : 02F40063;
	0428 : 00300793;
	0429 : 11800A13;
	042a : 00F40A63;
	042b : 00100793;
	042c : 10800A13;
	042d : 00F40463;
	042e : 10000A13;
	042f : 0FF4F693;
	0430 : 000A0613;
	0431 : 00098593;
	0432 : 00090513;
	0433 : DF9FF0EF;
	0434 : 0084D693;
	0435 : 0806E693;
	0436 : 001A0613;
	0437 : 00098593;
	0438 : 00090513;
	0439 : DE1FF0EF;
	043a : 00050493;
	043b : 00100693;
	043c : 00040613;
	043d : 00098593;
	043e : 00090513;
	043f : EC1FF0EF;
	0440 : 00048513;
	0441 : 01C12083;
	0442 : 01812403;
	0443 : 01412483;
	0444 : 01012903;
	0445 : 00C12983;
	0446 : 00812A03;
	0447 : 02010113;
	0448 : 00008067;
	0449 : FF010113;
	044a : 00112623;
	044b : 00812423;
	044c : 00912223;
	044d : 01212023;
	044e : 00050493;
	044f : 00058913;
	0450 : 00060413;
	0451 : 0FF67693;
	0452 : 0C800613;
	0453 : D79FF0EF;
	0454 : 00845693;
	0455 : 0FF6F693;
	0456 : 0C900613;
	0457 : 00090593;
	0458 : 00048513;
	0459 : D61FF0EF;
	045a : 01045693;
	045b : 0FF6F693;
	045c : 0CA00613;
	045d : 00090593;
	045e : 00048513;
	045f : D49FF0EF;
	0460 : 01845693;
	0461 : 0CB00613;
	0462 : 00090593;
	0463 : 00048513;
	0464 : D35FF0EF;
	0465 : 00C12083;
	0466 : 00812403;
	0467 : 00412483;
	0468 : 00012903;
	0469 : 01010113;
	046a : 00008067;
	046b : 00459793;
	046c : 00659713;
	046d : 00E7E7B3;
	046e : 00A7E7B3;
	046f : 00C59713;
	0470 : 00E7E7B3;
	0471 : 00E59593;
	0472 : 00B7E7B3;
	0473 : 00251713;
	0474 : 00E7E7B3;
	0475 : 00851713;
	0476 : 00E7E7B3;
	0477 : 00A51513;
	0478 : 00A7E533;
	0479 : 01051513;
	047a : 01055513;
	047b : 00008067;
	047c : FF010113;
	047d : 00112623;
	047e : 00812423;
	047f : 00912223;
	0480 : 01212023;
	0481 : 00050413;
	0482 : 00068493;
	0483 : 00B50223;
	0484 : 00C502A3;
	0485 : 00865613;
	0486 : 00C50323;
	0487 : 00200793;
	0488 : 00F50AA3;
	0489 : 00100913;
	048a : 01250B23;
	048b : 991FF0EF;
	048c : 01250E63;
	048d : 00C12083;
	048e : 00812403;
	048f : 00412483;
	0490 : 00012903;
	0491 : 01010113;
	0492 : 00008067;
	0493 : 00400793;
	0494 : 00F40AA3;
	0495 : 00040B23;
	0496 : 00040513;
	0497 : A59FF0EF;
	0498 : 00544783;
	0499 : 00F4A023;
	049a : 00644703;
	049b : 00871713;
	049c : 00F76733;
	049d : 00E4A023;
	049e : 00744783;
	049f : 01079793;
	04a0 : 00E7E7B3;
	04a1 : 00F4A023;
	04a2 : 00844703;
	04a3 : 01871713;
	04a4 : 00F767B3;
	04a5 : 00F4A023;
	04a6 : F9DFF06F;
	04a7 : FF010113;
	04a8 : 00112623;
	04a9 : 00B50223;
	04aa : 00C502A3;
	04ab : 00865613;
	04ac : 00C50323;
	04ad : 00D503A3;
	04ae : 0086D713;
	04af : 00E50423;
	04b0 : 0106D713;
	04b1 : 00E504A3;
	04b2 : 0186D693;
	04b3 : 00D50523;
	04b4 : 00600713;
	04b5 : 00E50AA3;
	04b6 : 8E5FF0EF;
	04b7 : 00C12083;
	04b8 : 01010113;
	04b9 : 00008067;
	04ba : FE010113;
	04bb : 00112E23;
	04bc : 00812C23;
	04bd : 00912A23;
	04be : 01212823;
	04bf : 00050413;
	04c0 : 00058493;
	04c1 : 00060913;
	04c2 : 00C10693;
	04c3 : 50400613;
	04c4 : EE1FF0EF;
	04c5 : 00C12683;
	04c6 : 02090863;
	04c7 : 0486E693;
	04c8 : 50400613;
	04c9 : 00048593;
	04ca : 00040513;
	04cb : F71FF0EF;
	04cc : 01C12083;
	04cd : 01812403;
	04ce : 01412483;
	04cf : 01012903;
	04d0 : 02010113;
	04d1 : 00008067;
	04d2 : FBF6F693;
	04d3 : 0086E693;
	04d4 : FD1FF06F;
	04d5 : FE010113;
	04d6 : 00112E23;
	04d7 : 00812C23;
	04d8 : 00912A23;
	04d9 : 01212823;
	04da : 00050413;
	04db : 00058493;
	04dc : 00C10693;
	04dd : 50400613;
	04de : E79FF0EF;
	04df : 00C12903;
	04e0 : 40096693;
	04e1 : 50400613;
	04e2 : 00048593;
	04e3 : 00040513;
	04e4 : F0DFF0EF;
	04e5 : BFF97693;
	04e6 : 50400613;
	04e7 : 00048593;
	04e8 : 00040513;
	04e9 : EF9FF0EF;
	04ea : 01C12083;
	04eb : 01812403;
	04ec : 01412483;
	04ed : 01012903;
	04ee : 02010113;
	04ef : 00008067;
	04f0 : FE010113;
	04f1 : 00112E23;
	04f2 : 00812C23;
	04f3 : 00912A23;
	04f4 : 00050413;
	04f5 : 00058493;
	04f6 : 00C10693;
	04f7 : 35000613;
	04f8 : E11FF0EF;
	04f9 : 00C12683;
	04fa : FEF6F693;
	04fb : 35000613;
	04fc : 00048593;
	04fd : 00040513;
	04fe : EA5FF0EF;
	04ff : 01C12083;
	0500 : 01812403;
	0501 : 01412483;
	0502 : 02010113;
	0503 : 00008067;
	0504 : FF010113;
	0505 : 00112623;
	0506 : 333326B7;
	0507 : A5068693;
	0508 : 24C00613;
	0509 : E79FF0EF;
	050a : 00C12083;
	050b : 01010113;
	050c : 00008067;
	050d : FE010113;
	050e : 00112E23;
	050f : 00812C23;
	0510 : 00912A23;
	0511 : 01212823;
	0512 : 00050413;
	0513 : 00058493;
	0514 : 00C10693;
	0515 : 50400613;
	0516 : D99FF0EF;
	0517 : 00C12903;
	0518 : 40096693;
	0519 : 50400613;
	051a : 00048593;
	051b : 00040513;
	051c : E2DFF0EF;
	051d : BFF97693;
	051e : 50400613;
	051f : 00048593;
	0520 : 00040513;
	0521 : E19FF0EF;
	0522 : 01C12083;
	0523 : 01812403;
	0524 : 01412483;
	0525 : 01012903;
	0526 : 02010113;
	0527 : 00008067;
	0528 : FE010113;
	0529 : 00112E23;
	052a : 00812C23;
	052b : 00912A23;
	052c : 01212823;
	052d : 00050413;
	052e : 00058493;
	052f : 00C10693;
	0530 : 15000613;
	0531 : D2DFF0EF;
	0532 : 00C12903;
	0533 : 000086B7;
	0534 : 00D966B3;
	0535 : 15000613;
	0536 : 00048593;
	0537 : 00040513;
	0538 : DBDFF0EF;
	0539 : FFFF86B7;
	053a : FFF68693;
	053b : 00D976B3;
	053c : 15000613;
	053d : 00048593;
	053e : 00040513;
	053f : DA1FF0EF;
	0540 : 01C12083;
	0541 : 01812403;
	0542 : 01412483;
	0543 : 01012903;
	0544 : 02010113;
	0545 : 00008067;
	0546 : FE010113;
	0547 : 00112E23;
	0548 : 00812C23;
	0549 : 00912A23;
	054a : 01212823;
	054b : 00050413;
	054c : 00058493;
	054d : 00060913;
	054e : 00C10693;
	054f : 00001637;
	0550 : 90860613;
	0551 : CADFF0EF;
	0552 : 04090063;
	0553 : 00C12683;
	0554 : FFFFF7B7;
	0555 : 7FF78793;
	0556 : 00F6F6B3;
	0557 : 00001637;
	0558 : 90860613;
	0559 : 00048593;
	055a : 00040513;
	055b : D31FF0EF;
	055c : 01C12083;
	055d : 01812403;
	055e : 01412483;
	055f : 01012903;
	0560 : 02010113;
	0561 : 00008067;
	0562 : 00C12683;
	0563 : 000017B7;
	0564 : 80078793;
	0565 : 00F6E6B3;
	0566 : FC5FF06F;
	0567 : FE010113;
	0568 : 00112E23;
	0569 : 00812C23;
	056a : 00912A23;
	056b : 01212823;
	056c : 00050413;
	056d : 00058493;
	056e : 00C10693;
	056f : 00001937;
	0570 : 90890613;
	0571 : C2DFF0EF;
	0572 : 00C12683;
	0573 : FFFFF7B7;
	0574 : 7FF78793;
	0575 : 00F6F6B3;
	0576 : 90890613;
	0577 : 00048593;
	0578 : 00040513;
	0579 : CB9FF0EF;
	057a : 00000693;
	057b : 92C90613;
	057c : 00048593;
	057d : 00040513;
	057e : CA5FF0EF;
	057f : 555506B7;
	0580 : 50568693;
	0581 : 91090613;
	0582 : 00048593;
	0583 : 00040513;
	0584 : C8DFF0EF;
	0585 : 5A5A16B7;
	0586 : A0A68693;
	0587 : 91490613;
	0588 : 00048593;
	0589 : 00040513;
	058a : C75FF0EF;
	058b : 5F5FB6B7;
	058c : AAA68693;
	058d : 91890613;
	058e : 00048593;
	058f : 00040513;
	0590 : C5DFF0EF;
	0591 : FFFFB6B7;
	0592 : FAF68693;
	0593 : 91C90613;
	0594 : 00048593;
	0595 : 00040513;
	0596 : C45FF0EF;
	0597 : 01C12083;
	0598 : 01812403;
	0599 : 01412483;
	059a : 01012903;
	059b : 02010113;
	059c : 00008067;
	059d : FD010113;
	059e : 02112623;
	059f : 02812423;
	05a0 : 02912223;
	05a1 : 03212023;
	05a2 : 01312E23;
	05a3 : 01412C23;
	05a4 : 00050493;
	05a5 : 00058913;
	05a6 : 00060413;
	05a7 : 00068A13;
	05a8 : 00C10693;
	05a9 : 000019B7;
	05aa : 90898613;
	05ab : B45FF0EF;
	05ac : 00C12683;
	05ad : 4006E693;
	05ae : 00D12623;
	05af : 90898613;
	05b0 : 00090593;
	05b1 : 00048513;
	05b2 : BD5FF0EF;
	05b3 : 00C10693;
	05b4 : 90498613;
	05b5 : 00090593;
	05b6 : 00048513;
	05b7 : B15FF0EF;
	05b8 : 00AA1793;
	05b9 : 00EA1713;
	05ba : 00E7E7B3;
	05bb : 00C12703;
	05bc : FF0006B7;
	05bd : 0FF68693;
	05be : 00D77733;
	05bf : 00E7E7B3;
	05c0 : 012A1713;
	05c1 : 00E7E7B3;
	05c2 : 016A1A13;
	05c3 : 0147E7B3;
	05c4 : 00841713;
	05c5 : 00E7E7B3;
	05c6 : 00C41713;
	05c7 : 00E7E7B3;
	05c8 : 01041713;
	05c9 : 00E7E7B3;
	05ca : 01441693;
	05cb : 00D7E6B3;
	05cc : 90498613;
	05cd : 00090593;
	05ce : 00048513;
	05cf : B61FF0EF;
	05d0 : 02C12083;
	05d1 : 02812403;
	05d2 : 02412483;
	05d3 : 02012903;
	05d4 : 01C12983;
	05d5 : 01812A03;
	05d6 : 03010113;
	05d7 : 00008067;
	05d8 : FE010113;
	05d9 : 00112E23;
	05da : 00812C23;
	05db : 00912A23;
	05dc : 01212823;
	05dd : 00050413;
	05de : 00058493;
	05df : 00012623;
	05e0 : 02060A63;
	05e1 : 00060913;
	05e2 : 00C10693;
	05e3 : 00001637;
	05e4 : 90060613;
	05e5 : A5DFF0EF;
	05e6 : 00100793;
	05e7 : 02F91E63;
	05e8 : 00C12683;
	05e9 : FFFF87B7;
	05ea : FFF78793;
	05eb : 00F6F6B3;
	05ec : 0340006F;
	05ed : 00000693;
	05ee : 00001937;
	05ef : A0090613;
	05f0 : ADDFF0EF;
	05f1 : 00C10693;
	05f2 : 90090613;
	05f3 : 00048593;
	05f4 : 00040513;
	05f5 : A1DFF0EF;
	05f6 : 000086B7;
	05f7 : 00C12783;
	05f8 : 00F6E6B3;
	05f9 : 00001637;
	05fa : 90060613;
	05fb : 00048593;
	05fc : 00040513;
	05fd : AA9FF0EF;
	05fe : 01C12083;
	05ff : 01812403;
	0600 : 01412483;
	0601 : 01012903;
	0602 : 02010113;
	0603 : 00008067;
	0604 : FF010113;
	0605 : 00112623;
	0606 : 00812423;
	0607 : 00912223;
	0608 : 00050413;
	0609 : 00058493;
	060a : 00000613;
	060b : ABDFF0EF;
	060c : 00100613;
	060d : 00048593;
	060e : 00040513;
	060f : AADFF0EF;
	0610 : 00048593;
	0611 : 00040513;
	0612 : B0DFF0EF;
	0613 : 00048593;
	0614 : 00040513;
	0615 : B6DFF0EF;
	0616 : 00048593;
	0617 : 00040513;
	0618 : BB1FF0EF;
	0619 : 00100613;
	061a : 00048593;
	061b : 00040513;
	061c : CA9FF0EF;
	061d : 00100693;
	061e : 00100613;
	061f : 00048593;
	0620 : 00040513;
	0621 : DF1FF0EF;
	0622 : 00000613;
	0623 : 00048593;
	0624 : 00040513;
	0625 : ECDFF0EF;
	0626 : 00C12083;
	0627 : 00812403;
	0628 : 00412483;
	0629 : 01010113;
	062a : 00008067;
	062b : FE010113;
	062c : 00112E23;
	062d : 00812C23;
	062e : 00912A23;
	062f : 00050413;
	0630 : 00058493;
	0631 : 00C10693;
	0632 : 30C00613;
	0633 : 925FF0EF;
	0634 : 800006B7;
	0635 : 00C12783;
	0636 : 00F6E6B3;
	0637 : 30C00613;
	0638 : 00048593;
	0639 : 00040513;
	063a : 9B5FF0EF;
	063b : 01C12083;
	063c : 01812403;
	063d : 01412483;
	063e : 02010113;
	063f : 00008067;
	0640 : FE010113;
	0641 : 00112E23;
	0642 : 00812C23;
	0643 : 00912A23;
	0644 : 00050413;
	0645 : 00058493;
	0646 : 00C10693;
	0647 : 15000613;
	0648 : 8D1FF0EF;
	0649 : 001006B7;
	064a : 00C12783;
	064b : 00F6E6B3;
	064c : 00D12623;
	064d : 15000613;
	064e : 00048593;
	064f : 00040513;
	0650 : 95DFF0EF;
	0651 : 00C10693;
	0652 : 66800613;
	0653 : 00048593;
	0654 : 00040513;
	0655 : 89DFF0EF;
	0656 : 00C12683;
	0657 : 0016E693;
	0658 : 00D12623;
	0659 : 66800613;
	065a : 00048593;
	065b : 00040513;
	065c : 92DFF0EF;
	065d : 00C10693;
	065e : 67400613;
	065f : 00048593;
	0660 : 00040513;
	0661 : 86DFF0EF;
	0662 : 00C12683;
	0663 : 0016E693;
	0664 : 00D12623;
	0665 : 67400613;
	0666 : 00048593;
	0667 : 00040513;
	0668 : 8FDFF0EF;
	0669 : 00C10693;
	066a : 68000613;
	066b : 00048593;
	066c : 00040513;
	066d : 83DFF0EF;
	066e : 00C12683;
	066f : FFF107B7;
	0670 : FFF78793;
	0671 : 00F6F6B3;
	0672 : 000707B7;
	0673 : 00F6E6B3;
	0674 : 00D12623;
	0675 : 68000613;
	0676 : 00048593;
	0677 : 00040513;
	0678 : 8BDFF0EF;
	0679 : 00C10693;
	067a : 60400613;
	067b : 00048593;
	067c : 00040513;
	067d : FFCFF0EF;
	067e : 00C12683;
	067f : 0046E693;
	0680 : 00D12623;
	0681 : 60400613;
	0682 : 00048593;
	0683 : 00040513;
	0684 : 88DFF0EF;
	0685 : 00C10693;
	0686 : 68400613;
	0687 : 00048593;
	0688 : 00040513;
	0689 : FCCFF0EF;
	068a : 00C12683;
	068b : FBF6F693;
	068c : 68400613;
	068d : 00048593;
	068e : 00040513;
	068f : 861FF0EF;
	0690 : 01C12083;
	0691 : 01812403;
	0692 : 01412483;
	0693 : 02010113;
	0694 : 00008067;
	0695 : FE010113;
	0696 : 00112E23;
	0697 : 00812C23;
	0698 : 00912A23;
	0699 : 01212823;
	069a : 00050413;
	069b : 00058493;
	069c : 00060913;
	069d : 00C10693;
	069e : 63000613;
	069f : F74FF0EF;
	06a0 : 00C12683;
	06a1 : 8C06F693;
	06a2 : 0126E6B3;
	06a3 : 4006E693;
	06a4 : 63000613;
	06a5 : 00048593;
	06a6 : 00040513;
	06a7 : 801FF0EF;
	06a8 : 01C12083;
	06a9 : 01812403;
	06aa : 01412483;
	06ab : 01012903;
	06ac : 02010113;
	06ad : 00008067;
	06ae : FD010113;
	06af : 02112623;
	06b0 : 02812423;
	06b1 : 02912223;
	06b2 : 03212023;
	06b3 : 01312E23;
	06b4 : 00050493;
	06b5 : 00058913;
	06b6 : 00060993;
	06b7 : 00068413;
	06b8 : 00C10693;
	06b9 : 72000613;
	06ba : F08FF0EF;
	06bb : 01899793;
	06bc : 01A99713;
	06bd : 00E7E7B3;
	06be : 00C12703;
	06bf : 00871713;
	06c0 : 00875713;
	06c1 : 00E7E7B3;
	06c2 : 01C99713;
	06c3 : 00E7E7B3;
	06c4 : 01E99993;
	06c5 : 0137E6B3;
	06c6 : 00D12623;
	06c7 : 72000613;
	06c8 : 00090593;
	06c9 : 00048513;
	06ca : F74FF0EF;
	06cb : 00C10693;
	06cc : 72400613;
	06cd : 00090593;
	06ce : 00048513;
	06cf : EB4FF0EF;
	06d0 : 00C12783;
	06d1 : F007F793;
	06d2 : 0087E7B3;
	06d3 : 00241713;
	06d4 : 00E7E7B3;
	06d5 : 00441713;
	06d6 : 00E7E7B3;
	06d7 : 00641693;
	06d8 : 00D7E6B3;
	06d9 : 72400613;
	06da : 00090593;
	06db : 00048513;
	06dc : F2CFF0EF;
	06dd : 02C12083;
	06de : 02812403;
	06df : 02412483;
	06e0 : 02012903;
	06e1 : 01C12983;
	06e2 : 03010113;
	06e3 : 00008067;
	06e4 : FE010113;
	06e5 : 00112E23;
	06e6 : 00812C23;
	06e7 : 00060413;
	06e8 : 00C10693;
	06e9 : E4CFF0EF;
	06ea : 00C12603;
	06eb : 00040593;
	06ec : 10000537;
	06ed : 01050513;
	06ee : E34FE0EF;
	06ef : 01C12083;
	06f0 : 01812403;
	06f1 : 02010113;
	06f2 : 00008067;
	06f3 : FF010113;
	06f4 : 00112623;
	06f5 : 00812423;
	06f6 : 00912223;
	06f7 : 01212023;
	06f8 : 00050413;
	06f9 : 00068493;
	06fa : 00B50223;
	06fb : 00C502A3;
	06fc : 00865613;
	06fd : 00C50323;
	06fe : 00200793;
	06ff : 00F50AA3;
	0700 : 00100913;
	0701 : 01250B23;
	0702 : FB5FE0EF;
	0703 : 01250E63;
	0704 : 00C12083;
	0705 : 00812403;
	0706 : 00412483;
	0707 : 00012903;
	0708 : 01010113;
	0709 : 00008067;
	070a : 00400793;
	070b : 00F40AA3;
	070c : 00040B23;
	070d : 00040513;
	070e : 87CFF0EF;
	070f : 00544783;
	0710 : 00F4A023;
	0711 : 00644703;
	0712 : 00871713;
	0713 : 00F76733;
	0714 : 00E4A023;
	0715 : 00744783;
	0716 : 01079793;
	0717 : 00E7E7B3;
	0718 : 00F4A023;
	0719 : 00844703;
	071a : 01871713;
	071b : 00F767B3;
	071c : 00F4A023;
	071d : F9DFF06F;
	071e : FE010113;
	071f : 00112E23;
	0720 : 00812C23;
	0721 : 00912A23;
	0722 : 01212823;
	0723 : 00C10693;
	0724 : 51000613;
	0725 : F39FF0EF;
	0726 : 00050493;
	0727 : 00C12583;
	0728 : 0085D913;
	0729 : 01C5F413;
	072a : 10000537;
	072b : 03450513;
	072c : D3CFE0EF;
	072d : 0FF97713;
	072e : 03200793;
	072f : 04F70063;
	0730 : 0FF97593;
	0731 : 10000537;
	0732 : 05050513;
	0733 : D20FE0EF;
	0734 : 00040593;
	0735 : 10000537;
	0736 : 06050513;
	0737 : D10FE0EF;
	0738 : 00048513;
	0739 : 01C12083;
	073a : 01812403;
	073b : 01412483;
	073c : 01012903;
	073d : 02010113;
	073e : 00008067;
	073f : 10000537;
	0740 : 04C50513;
	0741 : CE8FE0EF;
	0742 : FC9FF06F;
	0743 : FF010113;
	0744 : 00112623;
	0745 : 00B50223;
	0746 : 00C502A3;
	0747 : 00865613;
	0748 : 00C50323;
	0749 : 00D503A3;
	074a : 0086D713;
	074b : 00E50423;
	074c : 0106D713;
	074d : 00E504A3;
	074e : 0186D693;
	074f : 00D50523;
	0750 : 00600713;
	0751 : 00E50AA3;
	0752 : E75FE0EF;
	0753 : 00C12083;
	0754 : 01010113;
	0755 : 00008067;
	0756 : FF010113;
	0757 : 00112623;
	0758 : 000176B7;
	0759 : 00E68693;
	075a : 50400613;
	075b : FA1FF0EF;
	075c : 00C12083;
	075d : 01010113;
	075e : 00008067;
	075f : FF010113;
	0760 : 00112623;
	0761 : 00812423;
	0762 : 00912223;
	0763 : 01212023;
	0764 : 00050413;
	0765 : 00058493;
	0766 : 00017937;
	0767 : 15E90693;
	0768 : 50400613;
	0769 : F69FF0EF;
	076a : 05E90693;
	076b : 50400613;
	076c : 00048593;
	076d : 00040513;
	076e : F55FF0EF;
	076f : 00C12083;
	0770 : 00812403;
	0771 : 00412483;
	0772 : 00012903;
	0773 : 01010113;
	0774 : 00008067;
	0775 : FF010113;
	0776 : 00112623;
	0777 : 00812423;
	0778 : 00912223;
	0779 : 00050413;
	077a : 00058493;
	077b : 01000693;
	077c : 35000613;
	077d : F19FF0EF;
	077e : 198916B7;
	077f : F0F68693;
	0780 : 00002637;
	0781 : 61460613;
	0782 : 00048593;
	0783 : 00040513;
	0784 : EFDFF0EF;
	0785 : 00C12083;
	0786 : 00812403;
	0787 : 00412483;
	0788 : 01010113;
	0789 : 00008067;
	078a : FF010113;
	078b : 00112623;
	078c : 00812423;
	078d : 00912223;
	078e : 01212023;
	078f : 00050413;
	0790 : 00058493;
	0791 : 222226B7;
	0792 : A5068693;
	0793 : 24C00613;
	0794 : EBDFF0EF;
	0795 : 00001937;
	0796 : 86690693;
	0797 : 90890613;
	0798 : 00048593;
	0799 : 00040513;
	079a : EA5FF0EF;
	079b : 040206B7;
	079c : 90C90613;
	079d : 00048593;
	079e : 00040513;
	079f : E91FF0EF;
	07a0 : 50000693;
	07a1 : 00002937;
	07a2 : 34090613;
	07a3 : 00048593;
	07a4 : 00040513;
	07a5 : E79FF0EF;
	07a6 : 50000693;
	07a7 : 54090613;
	07a8 : 00048593;
	07a9 : 00040513;
	07aa : E65FF0EF;
	07ab : 00C12083;
	07ac : 00812403;
	07ad : 00412483;
	07ae : 00012903;
	07af : 01010113;
	07b0 : 00008067;
	07b1 : FF010113;
	07b2 : 00112623;
	07b3 : 00812423;
	07b4 : 00912223;
	07b5 : 00050413;
	07b6 : 00058493;
	07b7 : 60100693;
	07b8 : 1D800613;
	07b9 : E29FF0EF;
	07ba : 000056B7;
	07bb : 01168693;
	07bc : 66000613;
	07bd : 00048593;
	07be : 00040513;
	07bf : E11FF0EF;
	07c0 : 00100693;
	07c1 : 67C00613;
	07c2 : 00048593;
	07c3 : 00040513;
	07c4 : DFDFF0EF;
	07c5 : 00C12083;
	07c6 : 00812403;
	07c7 : 00412483;
	07c8 : 01010113;
	07c9 : 00008067;
	07ca : FF010113;
	07cb : 00112623;
	07cc : 00812423;
	07cd : 00912223;
	07ce : 00050413;
	07cf : 00058493;
	07d0 : D39FF0EF;
	07d1 : 00048593;
	07d2 : 00040513;
	07d3 : E0DFF0EF;
	07d4 : 00048593;
	07d5 : 00040513;
	07d6 : E25FF0EF;
	07d7 : 00048593;
	07d8 : 00040513;
	07d9 : E71FF0EF;
	07da : 00048593;
	07db : 00040513;
	07dc : EB9FF0EF;
	07dd : 00048593;
	07de : 00040513;
	07df : F49FF0EF;
	07e0 : 00C12083;
	07e1 : 00812403;
	07e2 : 00412483;
	07e3 : 01010113;
	07e4 : 00008067;
	07e5 : FF010113;
	07e6 : 00112623;
	07e7 : 46600693;
	07e8 : 00001637;
	07e9 : 90860613;
	07ea : D65FF0EF;
	07eb : 00C12083;
	07ec : 01010113;
	07ed : 00008067;
	07ee : FD010113;
	07ef : 02112623;
	07f0 : 02812423;
	07f1 : 02912223;
	07f2 : 03212023;
	07f3 : 01312E23;
	07f4 : 01412C23;
	07f5 : 00050493;
	07f6 : 00058913;
	07f7 : 00060413;
	07f8 : 00068A13;
	07f9 : 00C10693;
	07fa : 000019B7;
	07fb : 90498613;
	07fc : BDDFF0EF;
	07fd : 00AA1793;
	07fe : 00EA1713;
	07ff : 00E7E7B3;
	0800 : 00C12703;
	0801 : FF0006B7;
	0802 : 0FF68693;
	0803 : 00D77733;
	0804 : 00E7E7B3;
	0805 : 012A1713;
	0806 : 00E7E7B3;
	0807 : 016A1A13;
	0808 : 0147E7B3;
	0809 : 00841713;
	080a : 00E7E7B3;
	080b : 00C41713;
	080c : 00E7E7B3;
	080d : 01041713;
	080e : 00E7E7B3;
	080f : 01441693;
	0810 : 00D7E6B3;
	0811 : 90498613;
	0812 : 00090593;
	0813 : 00048513;
	0814 : CBDFF0EF;
	0815 : 02C12083;
	0816 : 02812403;
	0817 : 02412483;
	0818 : 02012903;
	0819 : 01C12983;
	081a : 01812A03;
	081b : 03010113;
	081c : 00008067;
	081d : FE010113;
	081e : 00112E23;
	081f : 00812C23;
	0820 : 00912A23;
	0821 : 01212823;
	0822 : 00050413;
	0823 : 00058493;
	0824 : 00C10693;
	0825 : 15000613;
	0826 : B35FF0EF;
	0827 : 00C12903;
	0828 : 000086B7;
	0829 : 00D966B3;
	082a : 15000613;
	082b : 00048593;
	082c : 00040513;
	082d : C59FF0EF;
	082e : FFFF86B7;
	082f : FFF68693;
	0830 : 00D976B3;
	0831 : 15000613;
	0832 : 00048593;
	0833 : 00040513;
	0834 : C3DFF0EF;
	0835 : 01C12083;
	0836 : 01812403;
	0837 : 01412483;
	0838 : 01012903;
	0839 : 02010113;
	083a : 00008067;
	083b : FE010113;
	083c : 00112E23;
	083d : 00812C23;
	083e : 00060413;
	083f : 00C10693;
	0840 : ACDFF0EF;
	0841 : 00C12603;
	0842 : 00040593;
	0843 : 10000537;
	0844 : 07050513;
	0845 : 8D8FE0EF;
	0846 : 01C12083;
	0847 : 01812403;
	0848 : 02010113;
	0849 : 00008067;
	084a : FF010113;
	084b : 00112623;
	084c : 00812423;
	084d : 00912223;
	084e : 01212023;
	084f : 00050413;
	0850 : 00058913;
	0851 : 00461493;
	0852 : 00C4E4B3;
	0853 : 0FF4F493;
	0854 : 00B50223;
	0855 : 01000793;
	0856 : 00F502A3;
	0857 : 00950323;
	0858 : 00200793;
	0859 : 00F50AA3;
	085a : A55FE0EF;
	085b : 00100793;
	085c : 02F50063;
	085d : 00000513;
	085e : 00C12083;
	085f : 00812403;
	0860 : 00412483;
	0861 : 00012903;
	0862 : 01010113;
	0863 : 00008067;
	0864 : 01240223;
	0865 : 01100793;
	0866 : 00F402A3;
	0867 : 00940323;
	0868 : 00200793;
	0869 : 00F40AA3;
	086a : 00040513;
	086b : A11FE0EF;
	086c : FFF50513;
	086d : 00153513;
	086e : FC1FF06F;
	086f : FF010113;
	0870 : 00112623;
	0871 : 00812423;
	0872 : 00912223;
	0873 : 01212023;
	0874 : 00050413;
	0875 : 00068913;
	0876 : 00B50223;
	0877 : 00C502A3;
	0878 : 00100493;
	0879 : 00950AA3;
	087a : 00950B23;
	087b : 9D1FE0EF;
	087c : 00950E63;
	087d : 00C12083;
	087e : 00812403;
	087f : 00412483;
	0880 : 00012903;
	0881 : 01010113;
	0882 : 00008067;
	0883 : 00100793;
	0884 : 00F40AA3;
	0885 : 00040B23;
	0886 : 00040513;
	0887 : A99FE0EF;
	0888 : 00544783;
	0889 : 00F90023;
	088a : FCDFF06F;
	088b : FE010113;
	088c : 00112E23;
	088d : 00812C23;
	088e : 00912A23;
	088f : 00050413;
	0890 : 00058493;
	0891 : 00F10693;
	0892 : 00A00613;
	0893 : F71FF0EF;
	0894 : 00100793;
	0895 : 00F50E63;
	0896 : 00000513;
	0897 : 01C12083;
	0898 : 01812403;
	0899 : 01412483;
	089a : 02010113;
	089b : 00008067;
	089c : 00F14783;
	089d : FFC7F793;
	089e : 01A7E793;
	089f : 00940223;
	08a0 : 00A00713;
	08a1 : 00E402A3;
	08a2 : 00F40323;
	08a3 : 00200793;
	08a4 : 00F40AA3;
	08a5 : 00040513;
	08a6 : 925FE0EF;
	08a7 : FFF50513;
	08a8 : 00153513;
	08a9 : FB9FF06F;
	08aa : FE010113;
	08ab : 00112E23;
	08ac : 00812C23;
	08ad : 00912A23;
	08ae : 01212823;
	08af : 00050413;
	08b0 : 00058493;
	08b1 : 00060913;
	08b2 : 00F10693;
	08b3 : 01300613;
	08b4 : EEDFF0EF;
	08b5 : 00100793;
	08b6 : 04F51E63;
	08b7 : 04090663;
	08b8 : 00F14783;
	08b9 : 07F7F793;
	08ba : 00940223;
	08bb : 01300713;
	08bc : 00E402A3;
	08bd : 00F40323;
	08be : 00200793;
	08bf : 00F40AA3;
	08c0 : 00040513;
	08c1 : 8B9FE0EF;
	08c2 : FFF50513;
	08c3 : 00153513;
	08c4 : 01C12083;
	08c5 : 01812403;
	08c6 : 01412483;
	08c7 : 01012903;
	08c8 : 02010113;
	08c9 : 00008067;
	08ca : 00F14783;
	08cb : 0807E793;
	08cc : FB9FF06F;
	08cd : 00000513;
	08ce : FD9FF06F;
	08cf : FF010113;
	08d0 : 00112623;
	08d1 : 00812423;
	08d2 : 00912223;
	08d3 : 01212023;
	08d4 : 00050413;
	08d5 : 00058493;
	08d6 : 00060913;
	08d7 : ED1FF0EF;
	08d8 : 00100613;
	08d9 : 00048593;
	08da : 00040513;
	08db : F3DFF0EF;
	08dc : 00090613;
	08dd : 00048593;
	08de : 00040513;
	08df : DADFF0EF;
	08e0 : 00C12083;
	08e1 : 00812403;
	08e2 : 00412483;
	08e3 : 00012903;
	08e4 : 01010113;
	08e5 : 00008067;
	08e6 : FF010113;
	08e7 : 00112623;
	08e8 : 00B50223;
	08e9 : 00C502A3;
	08ea : 00D50323;
	08eb : 00200713;
	08ec : 00E50AA3;
	08ed : 809FE0EF;
	08ee : 00C12083;
	08ef : 01010113;
	08f0 : 00008067;
	08f1 : FF010113;
	08f2 : 00112623;
	08f3 : 00812423;
	08f4 : 00912223;
	08f5 : 01212023;
	08f6 : 00050413;
	08f7 : 00068913;
	08f8 : 00B50223;
	08f9 : 00C502A3;
	08fa : 00100493;
	08fb : 00950AA3;
	08fc : 00950B23;
	08fd : FC8FE0EF;
	08fe : 00950E63;
	08ff : 00C12083;
	0900 : 00812403;
	0901 : 00412483;
	0902 : 00012903;
	0903 : 01010113;
	0904 : 00008067;
	0905 : 00100793;
	0906 : 00F40AA3;
	0907 : 00040B23;
	0908 : 00040513;
	0909 : 891FE0EF;
	090a : 00544783;
	090b : 00F90023;
	090c : FCDFF06F;
	090d : FE010113;
	090e : 00112E23;
	090f : 00812C23;
	0910 : 00912A23;
	0911 : 00050413;
	0912 : 00058493;
	0913 : 00F10693;
	0914 : 0F000613;
	0915 : F71FF0EF;
	0916 : 00F10693;
	0917 : 0F100613;
	0918 : 00048593;
	0919 : 00040513;
	091a : F5DFF0EF;
	091b : 00F14503;
	091c : FD750513;
	091d : 00153513;
	091e : 01C12083;
	091f : 01812403;
	0920 : 01412483;
	0921 : 02010113;
	0922 : 00008067;
	0923 : FE010113;
	0924 : 00112E23;
	0925 : 00812C23;
	0926 : 00912A23;
	0927 : 00050413;
	0928 : 00058493;
	0929 : 00F10693;
	092a : 08400613;
	092b : F19FF0EF;
	092c : 00F14783;
	092d : 0047E793;
	092e : 00940223;
	092f : F8400713;
	0930 : 00E402A3;
	0931 : 00F40323;
	0932 : 00200793;
	0933 : 00F40AA3;
	0934 : 00040513;
	0935 : EE8FE0EF;
	0936 : 01C12083;
	0937 : 01812403;
	0938 : 01412483;
	0939 : 02010113;
	093a : 00008067;
	093b : FF010113;
	093c : 00112623;
	093d : 00812423;
	093e : 00912223;
	093f : 00050413;
	0940 : 00058493;
	0941 : F31FF0EF;
	0942 : 00048593;
	0943 : 00040513;
	0944 : F7DFF0EF;
	0945 : 00C12083;
	0946 : 00812403;
	0947 : 00412483;
	0948 : 01010113;
	0949 : 00008067;
	094a : FF010113;
	094b : 00112623;
	094c : 00B50223;
	094d : 00C502A3;
	094e : 00D50323;
	094f : 00200713;
	0950 : 00E50AA3;
	0951 : E78FE0EF;
	0952 : 00C12083;
	0953 : 01010113;
	0954 : 00008067;
	0955 : FE010113;
	0956 : 00112E23;
	0957 : 00812C23;
	0958 : 00912A23;
	0959 : 01212823;
	095a : 01312623;
	095b : 01412423;
	095c : 01512223;
	095d : 01612023;
	095e : 00050413;
	095f : 00058493;
	0960 : 00B50223;
	0961 : 00A00793;
	0962 : 00F502A3;
	0963 : 01500B13;
	0964 : 01650323;
	0965 : 00200913;
	0966 : 01250AA3;
	0967 : E20FE0EF;
	0968 : 00940223;
	0969 : 00B00793;
	096a : 00F402A3;
	096b : 02300993;
	096c : 01340323;
	096d : 01240AA3;
	096e : 00040513;
	096f : E00FE0EF;
	0970 : 00940223;
	0971 : 00C00793;
	0972 : 00F402A3;
	0973 : 01340323;
	0974 : 01240AA3;
	0975 : 00040513;
	0976 : DE4FE0EF;
	0977 : 00940223;
	0978 : 00E00793;
	0979 : 00F402A3;
	097a : F9700793;
	097b : 00F40323;
	097c : 01240AA3;
	097d : 00040513;
	097e : DC4FE0EF;
	097f : 00940223;
	0980 : 01100A13;
	0981 : 014402A3;
	0982 : 00040323;
	0983 : 01240AA3;
	0984 : 00040513;
	0985 : DA8FE0EF;
	0986 : 00940223;
	0987 : 00900793;
	0988 : 00F402A3;
	0989 : 00040323;
	098a : 01240AA3;
	098b : 00040513;
	098c : D8CFE0EF;
	098d : 00940223;
	098e : 00D00793;
	098f : 00F402A3;
	0990 : 02000A93;
	0991 : 01540323;
	0992 : 01240AA3;
	0993 : 00040513;
	0994 : D6CFE0EF;
	0995 : 00940223;
	0996 : 01200793;
	0997 : 00F402A3;
	0998 : 00300993;
	0999 : 01340323;
	099a : 01240AA3;
	099b : 00040513;
	099c : D4CFE0EF;
	099d : 00940223;
	099e : 01300793;
	099f : 00F402A3;
	09a0 : 00040323;
	09a1 : 01240AA3;
	09a2 : 00040513;
	09a3 : D30FE0EF;
	09a4 : 00940223;
	09a5 : 01400793;
	09a6 : 00F402A3;
	09a7 : 01340323;
	09a8 : 01240AA3;
	09a9 : 00040513;
	09aa : D14FE0EF;
	09ab : 00940223;
	09ac : 016402A3;
	09ad : 01340323;
	09ae : 01240AA3;
	09af : 00040513;
	09b0 : CFCFE0EF;
	09b1 : 00940223;
	09b2 : 01600793;
	09b3 : 00F402A3;
	09b4 : 01340323;
	09b5 : 01240AA3;
	09b6 : 00040513;
	09b7 : CE0FE0EF;
	09b8 : 00940223;
	09b9 : 01700793;
	09ba : 00F402A3;
	09bb : 01340323;
	09bc : 01240AA3;
	09bd : 00040513;
	09be : CC4FE0EF;
	09bf : 00940223;
	09c0 : 01800793;
	09c1 : 00F402A3;
	09c2 : 01340323;
	09c3 : 01240AA3;
	09c4 : 00040513;
	09c5 : CA8FE0EF;
	09c6 : 00940223;
	09c7 : 01900793;
	09c8 : 00F402A3;
	09c9 : 01340323;
	09ca : 01240AA3;
	09cb : 00040513;
	09cc : C8CFE0EF;
	09cd : 00940223;
	09ce : 015402A3;
	09cf : 00040323;
	09d0 : 01240AA3;
	09d1 : 00040513;
	09d2 : C74FE0EF;
	09d3 : 00940223;
	09d4 : 03100793;
	09d5 : 00F402A3;
	09d6 : 00040323;
	09d7 : 01240AA3;
	09d8 : 00040513;
	09d9 : C58FE0EF;
	09da : 00940223;
	09db : 014402A3;
	09dc : 00F00793;
	09dd : 00F40323;
	09de : 01240AA3;
	09df : 00040513;
	09e0 : C3CFE0EF;
	09e1 : 01C12083;
	09e2 : 01812403;
	09e3 : 01412483;
	09e4 : 01012903;
	09e5 : 00C12983;
	09e6 : 00812A03;
	09e7 : 00412A83;
	09e8 : 00012B03;
	09e9 : 02010113;
	09ea : 00008067;
	09eb : FF010113;
	09ec : 00112623;
	09ed : 00812423;
	09ee : 00912223;
	09ef : 01212023;
	09f0 : 00050413;
	09f1 : 00068913;
	09f2 : 00B50223;
	09f3 : 00C502A3;
	09f4 : 00100493;
	09f5 : 00950AA3;
	09f6 : 00950B23;
	09f7 : BE0FE0EF;
	09f8 : 00950E63;
	09f9 : 00C12083;
	09fa : 00812403;
	09fb : 00412483;
	09fc : 00012903;
	09fd : 01010113;
	09fe : 00008067;
	09ff : 00100793;
	0a00 : 00F40AA3;
	0a01 : 00040B23;
	0a02 : 00040513;
	0a03 : CA8FE0EF;
	0a04 : 00544783;
	0a05 : 00F90023;
	0a06 : FCDFF06F;
	0a07 : FE010113;
	0a08 : 00112E23;
	0a09 : 00F10693;
	0a0a : 00800613;
	0a0b : F81FF0EF;
	0a0c : 00F14503;
	0a0d : FFD50513;
	0a0e : 00153513;
	0a0f : 01C12083;
	0a10 : 02010113;
	0a11 : 00008067;
	0a12 : FF010113;
	0a13 : 00112623;
	0a14 : 00812423;
	0a15 : 00912223;
	0a16 : 00050413;
	0a17 : 00058493;
	0a18 : FBDFF0EF;
	0a19 : 00100793;
	0a1a : 00F50E63;
	0a1b : 00000513;
	0a1c : 00C12083;
	0a1d : 00812403;
	0a1e : 00412483;
	0a1f : 01010113;
	0a20 : 00008067;
	0a21 : 00048593;
	0a22 : 00040513;
	0a23 : CC9FF0EF;
	0a24 : FE1FF06F;
	0a25 : FF010113;
	0a26 : 00112623;
	0a27 : 00B50223;
	0a28 : 00C502A3;
	0a29 : 00D50323;
	0a2a : 00200713;
	0a2b : 00E50AA3;
	0a2c : B0CFE0EF;
	0a2d : 00C12083;
	0a2e : 01010113;
	0a2f : 00008067;
	0a30 : FE010113;
	0a31 : 00112E23;
	0a32 : 00812C23;
	0a33 : 00912A23;
	0a34 : 01212823;
	0a35 : 01312623;
	0a36 : 01412423;
	0a37 : 00050413;
	0a38 : 00058493;
	0a39 : 00B50223;
	0a3a : 00A00793;
	0a3b : 00F502A3;
	0a3c : 04500793;
	0a3d : 00F50323;
	0a3e : 00200913;
	0a3f : 01250AA3;
	0a40 : ABCFE0EF;
	0a41 : 00940223;
	0a42 : 00B00793;
	0a43 : 00F402A3;
	0a44 : 02300793;
	0a45 : 00F40323;
	0a46 : 01240AA3;
	0a47 : 00040513;
	0a48 : A9CFE0EF;
	0a49 : 00940223;
	0a4a : 00C00793;
	0a4b : 00F402A3;
	0a4c : 00040323;
	0a4d : 01240AA3;
	0a4e : 00040513;
	0a4f : A80FE0EF;
	0a50 : 00940223;
	0a51 : 00D00993;
	0a52 : 013402A3;
	0a53 : F9700A13;
	0a54 : 01440323;
	0a55 : 01240AA3;
	0a56 : 00040513;
	0a57 : A60FE0EF;
	0a58 : 00940223;
	0a59 : 00E00793;
	0a5a : 00F402A3;
	0a5b : 01440323;
	0a5c : 01240AA3;
	0a5d : 00040513;
	0a5e : A44FE0EF;
	0a5f : 00940223;
	0a60 : 01100A13;
	0a61 : 014402A3;
	0a62 : 00040323;
	0a63 : 01240AA3;
	0a64 : 00040513;
	0a65 : A28FE0EF;
	0a66 : 00940223;
	0a67 : 00900793;
	0a68 : 00F402A3;
	0a69 : 00040323;
	0a6a : 01240AA3;
	0a6b : 00040513;
	0a6c : A0CFE0EF;
	0a6d : 00940223;
	0a6e : 013402A3;
	0a6f : 06000793;
	0a70 : 00F40323;
	0a71 : 01240AA3;
	0a72 : 00040513;
	0a73 : 9F0FE0EF;
	0a74 : 00940223;
	0a75 : 01200793;
	0a76 : 00F402A3;
	0a77 : 00300993;
	0a78 : 01340323;
	0a79 : 01240AA3;
	0a7a : 00040513;
	0a7b : 9D0FE0EF;
	0a7c : 00940223;
	0a7d : 01300793;
	0a7e : 00F402A3;
	0a7f : 00040323;
	0a80 : 01240AA3;
	0a81 : 00040513;
	0a82 : 9B4FE0EF;
	0a83 : 00940223;
	0a84 : 01400793;
	0a85 : 00F402A3;
	0a86 : 01340323;
	0a87 : 01240AA3;
	0a88 : 00040513;
	0a89 : 998FE0EF;
	0a8a : 00940223;
	0a8b : 01500793;
	0a8c : 00F402A3;
	0a8d : 01340323;
	0a8e : 01240AA3;
	0a8f : 00040513;
	0a90 : 97CFE0EF;
	0a91 : 00940223;
	0a92 : 01600793;
	0a93 : 00F402A3;
	0a94 : 01340323;
	0a95 : 01240AA3;
	0a96 : 00040513;
	0a97 : 960FE0EF;
	0a98 : 00940223;
	0a99 : 01700793;
	0a9a : 00F402A3;
	0a9b : 01340323;
	0a9c : 01240AA3;
	0a9d : 00040513;
	0a9e : 944FE0EF;
	0a9f : 00940223;
	0aa0 : 01800793;
	0aa1 : 00F402A3;
	0aa2 : 01340323;
	0aa3 : 01240AA3;
	0aa4 : 00040513;
	0aa5 : 928FE0EF;
	0aa6 : 00940223;
	0aa7 : 01900793;
	0aa8 : 00F402A3;
	0aa9 : 01340323;
	0aaa : 01240AA3;
	0aab : 00040513;
	0aac : 90CFE0EF;
	0aad : 00940223;
	0aae : 02000793;
	0aaf : 00F402A3;
	0ab0 : 00040323;
	0ab1 : 01240AA3;
	0ab2 : 00040513;
	0ab3 : 8F0FE0EF;
	0ab4 : 00940223;
	0ab5 : 03100793;
	0ab6 : 00F402A3;
	0ab7 : 00040323;
	0ab8 : 01240AA3;
	0ab9 : 00040513;
	0aba : 8D4FE0EF;
	0abb : 00940223;
	0abc : 014402A3;
	0abd : 00F00793;
	0abe : 00F40323;
	0abf : 01240AA3;
	0ac0 : 00040513;
	0ac1 : 8B8FE0EF;
	0ac2 : 01C12083;
	0ac3 : 01812403;
	0ac4 : 01412483;
	0ac5 : 01012903;
	0ac6 : 00C12983;
	0ac7 : 00812A03;
	0ac8 : 02010113;
	0ac9 : 00008067;
	0aca : FF010113;
	0acb : 00112623;
	0acc : 00812423;
	0acd : 00912223;
	0ace : 01212023;
	0acf : 00050413;
	0ad0 : 00068913;
	0ad1 : 00B50223;
	0ad2 : 00C502A3;
	0ad3 : 00100493;
	0ad4 : 00950AA3;
	0ad5 : 00950B23;
	0ad6 : 864FE0EF;
	0ad7 : 00950E63;
	0ad8 : 00C12083;
	0ad9 : 00812403;
	0ada : 00412483;
	0adb : 00012903;
	0adc : 01010113;
	0add : 00008067;
	0ade : 00100793;
	0adf : 00F40AA3;
	0ae0 : 00040B23;
	0ae1 : 00040513;
	0ae2 : 92CFE0EF;
	0ae3 : 00544783;
	0ae4 : 00F90023;
	0ae5 : FCDFF06F;
	0ae6 : FE010113;
	0ae7 : 00112E23;
	0ae8 : 00F10693;
	0ae9 : 00800613;
	0aea : F81FF0EF;
	0aeb : 00F14503;
	0aec : FFD50513;
	0aed : 00153513;
	0aee : 01C12083;
	0aef : 02010113;
	0af0 : 00008067;
	0af1 : FF010113;
	0af2 : 00112623;
	0af3 : 00812423;
	0af4 : 00912223;
	0af5 : 00050413;
	0af6 : 00058493;
	0af7 : FBDFF0EF;
	0af8 : 00100793;
	0af9 : 00F50E63;
	0afa : 00000513;
	0afb : 00C12083;
	0afc : 00812403;
	0afd : 00412483;
	0afe : 01010113;
	0aff : 00008067;
	0b00 : 00048593;
	0b01 : 00040513;
	0b02 : CB9FF0EF;
	0b03 : FE1FF06F;
	0b04 : FF010113;
	0b05 : 00112623;
	0b06 : 00B50223;
	0b07 : 00C502A3;
	0b08 : 00D50323;
	0b09 : 00200713;
	0b0a : 00E50AA3;
	0b0b : F91FD0EF;
	0b0c : 00C12083;
	0b0d : 01010113;
	0b0e : 00008067;
	0b0f : 00050023;
	0b10 : 000500A3;
	0b11 : 00050123;
	0b12 : 00B52223;
	0b13 : 00C52423;
	0b14 : 00D52623;
	0b15 : 02E52823;
	0b16 : 02F52A23;
	0b17 : 03052C23;
	0b18 : 00052823;
	0b19 : 02052023;
	0b1a : 02050E23;
	0b1b : 02050EA3;
	0b1c : 00008067;
	0b1d : 00059E63;
	0b1e : 00460613;
	0b1f : 00261613;
	0b20 : 00C50633;
	0b21 : 00D62223;
	0b22 : 00E51E23;
	0b23 : 00008067;
	0b24 : 00860613;
	0b25 : 00261613;
	0b26 : 00C50633;
	0b27 : 00D62223;
	0b28 : 02E51623;
	0b29 : 00008067;
	0b2a : FF010113;
	0b2b : 00112623;
	0b2c : 00059E63;
	0b2d : 03852583;
	0b2e : 00452503;
	0b2f : B69FD0EF;
	0b30 : 00C12083;
	0b31 : 01010113;
	0b32 : 00008067;
	0b33 : 03852583;
	0b34 : 00452503;
	0b35 : B5DFD0EF;
	0b36 : FE9FF06F;
	0b37 : FF010113;
	0b38 : 00112623;
	0b39 : 00154783;
	0b3a : 04500713;
	0b3b : 00E78C63;
	0b3c : 09900713;
	0b3d : 02E78A63;
	0b3e : 00C12083;
	0b3f : 01010113;
	0b40 : 00008067;
	0b41 : 01500593;
	0b42 : 00852503;
	0b43 : F28FE0EF;
	0b44 : 00100793;
	0b45 : FEF502E3;
	0b46 : 10000537;
	0b47 : 09450513;
	0b48 : CCCFD0EF;
	0b49 : FD5FF06F;
	0b4a : 01400593;
	0b4b : 00852503;
	0b4c : B44FF0EF;
	0b4d : 00100793;
	0b4e : FCF500E3;
	0b4f : 10000537;
	0b50 : 0B450513;
	0b51 : CA8FD0EF;
	0b52 : FB1FF06F;
	0b53 : FF010113;
	0b54 : 00112623;
	0b55 : 00000613;
	0b56 : 04700593;
	0b57 : 00852503;
	0b58 : D48FF0EF;
	0b59 : 00C12083;
	0b5a : 01010113;
	0b5b : 00008067;
	0b5c : FE010113;
	0b5d : 00112E23;
	0b5e : 00812C23;
	0b5f : 00050413;
	0b60 : 10000537;
	0b61 : 0D450513;
	0b62 : C64FD0EF;
	0b63 : 00F10693;
	0b64 : 00A00613;
	0b65 : 04700593;
	0b66 : 00842503;
	0b67 : C20FF0EF;
	0b68 : 10000537;
	0b69 : 0EC50513;
	0b6a : C44FD0EF;
	0b6b : 00F10693;
	0b6c : 01000613;
	0b6d : 04700593;
	0b6e : 00842503;
	0b6f : C00FF0EF;
	0b70 : 10000537;
	0b71 : 0F850513;
	0b72 : C24FD0EF;
	0b73 : 00F10693;
	0b74 : 01100613;
	0b75 : 04700593;
	0b76 : 00842503;
	0b77 : BE0FF0EF;
	0b78 : 10000537;
	0b79 : 10450513;
	0b7a : C04FD0EF;
	0b7b : 00F10693;
	0b7c : 01200613;
	0b7d : 04700593;
	0b7e : 00842503;
	0b7f : BC0FF0EF;
	0b80 : 10000537;
	0b81 : 11050513;
	0b82 : BE4FD0EF;
	0b83 : 00F10693;
	0b84 : 01300613;
	0b85 : 04700593;
	0b86 : 00842503;
	0b87 : BA0FF0EF;
	0b88 : 10000537;
	0b89 : 11C50513;
	0b8a : BC4FD0EF;
	0b8b : 01C12083;
	0b8c : 01812403;
	0b8d : 02010113;
	0b8e : 00008067;
	0b8f : 00054503;
	0b90 : 00008067;
	0b91 : 00054503;
	0b92 : FDD50513;
	0b93 : 00153513;
	0b94 : 00008067;
	0b95 : 00B50533;
	0b96 : 00154503;
	0b97 : 00008067;
	0b98 : 00B50533;
	0b99 : 00C500A3;
	0b9a : 00008067;
	0b9b : FF010113;
	0b9c : 00112623;
	0b9d : 00B50223;
	0b9e : 000502A3;
	0b9f : 00050323;
	0ba0 : 04D00713;
	0ba1 : 00E503A3;
	0ba2 : 04700713;
	0ba3 : 00E50423;
	0ba4 : 00C504A3;
	0ba5 : 00500713;
	0ba6 : 00E50AA3;
	0ba7 : D21FD0EF;
	0ba8 : 00C12083;
	0ba9 : 01010113;
	0baa : 00008067;
	0bab : FF010113;
	0bac : 00112623;
	0bad : 00812423;
	0bae : 00912223;
	0baf : 01212023;
	0bb0 : 00050493;
	0bb1 : 00058413;
	0bb2 : 10000537;
	0bb3 : 12850513;
	0bb4 : B1CFD0EF;
	0bb5 : 05100793;
	0bb6 : 16F40A63;
	0bb7 : 0287FE63;
	0bb8 : 07900793;
	0bb9 : 12F40063;
	0bba : 0887FE63;
	0bbb : 09400793;
	0bbc : 1AF41263;
	0bbd : 10000537;
	0bbe : 16C50513;
	0bbf : AF0FD0EF;
	0bc0 : 09400613;
	0bc1 : 05700593;
	0bc2 : 0084A503;
	0bc3 : F61FF0EF;
	0bc4 : 00050913;
	0bc5 : 0C40006F;
	0bc6 : 04500793;
	0bc7 : 08F40E63;
	0bc8 : 0287F863;
	0bc9 : 04600793;
	0bca : 16F41663;
	0bcb : 10000537;
	0bcc : 14850513;
	0bcd : AB8FD0EF;
	0bce : 04600613;
	0bcf : 05300593;
	0bd0 : 0084A503;
	0bd1 : F29FF0EF;
	0bd2 : 00050913;
	0bd3 : 08C0006F;
	0bd4 : 02200793;
	0bd5 : 10F40E63;
	0bd6 : 02300793;
	0bd7 : 12F41C63;
	0bd8 : 10000537;
	0bd9 : 1A450513;
	0bda : A84FD0EF;
	0bdb : 02300613;
	0bdc : 05000593;
	0bdd : 0084A503;
	0bde : EF5FF0EF;
	0bdf : 00050913;
	0be0 : 0580006F;
	0be1 : 06300793;
	0be2 : 0AF40063;
	0be3 : 07800793;
	0be4 : 10F41263;
	0be5 : 10000537;
	0be6 : 15450513;
	0be7 : A50FD0EF;
	0be8 : 07800613;
	0be9 : 05700593;
	0bea : 0084A503;
	0beb : EC1FF0EF;
	0bec : 00050913;
	0bed : 0240006F;
	0bee : 10000537;
	0bef : 13C50513;
	0bf0 : A2CFD0EF;
	0bf1 : 04500613;
	0bf2 : 05300593;
	0bf3 : 0084A503;
	0bf4 : E9DFF0EF;
	0bf5 : 00050913;
	0bf6 : 00100793;
	0bf7 : 0CF90463;
	0bf8 : 10000537;
	0bf9 : 77C50513;
	0bfa : A04FD0EF;
	0bfb : 00C12083;
	0bfc : 00812403;
	0bfd : 00412483;
	0bfe : 00012903;
	0bff : 01010113;
	0c00 : 00008067;
	0c01 : 10000537;
	0c02 : 16050513;
	0c03 : 9E0FD0EF;
	0c04 : 07900613;
	0c05 : 05700593;
	0c06 : 0084A503;
	0c07 : E51FF0EF;
	0c08 : 00050913;
	0c09 : FB5FF06F;
	0c0a : 10000537;
	0c0b : 17850513;
	0c0c : 9BCFD0EF;
	0c0d : 06300613;
	0c0e : 05700593;
	0c0f : 0084A503;
	0c10 : E2DFF0EF;
	0c11 : 00050913;
	0c12 : F91FF06F;
	0c13 : 10000537;
	0c14 : 18450513;
	0c15 : 998FD0EF;
	0c16 : 05100613;
	0c17 : 05300593;
	0c18 : 0084A503;
	0c19 : E09FF0EF;
	0c1a : 00050913;
	0c1b : F6DFF06F;
	0c1c : 10000537;
	0c1d : 19050513;
	0c1e : 974FD0EF;
	0c1f : 02200613;
	0c20 : 05000593;
	0c21 : 0084A503;
	0c22 : DE5FF0EF;
	0c23 : 00050913;
	0c24 : F49FF06F;
	0c25 : 10000537;
	0c26 : 1B850513;
	0c27 : 950FD0EF;
	0c28 : F39FF06F;
	0c29 : 10000537;
	0c2a : 1C850513;
	0c2b : 940FD0EF;
	0c2c : F3DFF06F;
	0c2d : FF010113;
	0c2e : 00112623;
	0c2f : 00812423;
	0c30 : 00050413;
	0c31 : 00B50223;
	0c32 : 000502A3;
	0c33 : 00050323;
	0c34 : 00200793;
	0c35 : 00F50AA3;
	0c36 : 00050B23;
	0c37 : AE1FD0EF;
	0c38 : 00300793;
	0c39 : 00F40AA3;
	0c3a : 00040B23;
	0c3b : 00040513;
	0c3c : BC5FD0EF;
	0c3d : 00100793;
	0c3e : 00F50A63;
	0c3f : 00C12083;
	0c40 : 00812403;
	0c41 : 01010113;
	0c42 : 00008067;
	0c43 : 00442503;
	0c44 : 010007B7;
	0c45 : F0078793;
	0c46 : 00F57533;
	0c47 : FFB8B7B7;
	0c48 : 30078793;
	0c49 : 00F50533;
	0c4a : 00153513;
	0c4b : FD1FF06F;
	0c4c : FD010113;
	0c4d : 02112623;
	0c4e : 02812423;
	0c4f : 02912223;
	0c50 : 03212023;
	0c51 : 01312E23;
	0c52 : 01412C23;
	0c53 : 01512A23;
	0c54 : 01612823;
	0c55 : 01712623;
	0c56 : 01812423;
	0c57 : 01912223;
	0c58 : 00050493;
	0c59 : 10000537;
	0c5a : 1CC50513;
	0c5b : 880FD0EF;
	0c5c : 05000593;
	0c5d : 0084A503;
	0c5e : F3DFF0EF;
	0c5f : 00100793;
	0c60 : 04F51863;
	0c61 : 0084A783;
	0c62 : 0077C783;
	0c63 : 00F48023;
	0c64 : 02200713;
	0c65 : 00E78E63;
	0c66 : 02300713;
	0c67 : 02E78263;
	0c68 : 10000537;
	0c69 : 1F050513;
	0c6a : 844FD0EF;
	0c6b : 0300006F;
	0c6c : 10000537;
	0c6d : 1E050513;
	0c6e : 834FD0EF;
	0c6f : 0200006F;
	0c70 : 10000537;
	0c71 : 1E850513;
	0c72 : 824FD0EF;
	0c73 : 0100006F;
	0c74 : 10000537;
	0c75 : 1FC50513;
	0c76 : 814FD0EF;
	0c77 : 00000413;
	0c78 : 10000A37;
	0c79 : 00100993;
	0c7a : 06300913;
	0c7b : 07900C93;
	0c7c : 09400C13;
	0c7d : 07800B93;
	0c7e : 04600B13;
	0c7f : 05100A93;
	0c80 : 0A00006F;
	0c81 : 04500713;
	0c82 : 06E79863;
	0c83 : 10000537;
	0c84 : 22C50513;
	0c85 : FD9FC0EF;
	0c86 : 07C0006F;
	0c87 : 03978663;
	0c88 : 01879A63;
	0c89 : 10000537;
	0c8a : 25450513;
	0c8b : FC1FC0EF;
	0c8c : 0640006F;
	0c8d : 05779263;
	0c8e : 10000537;
	0c8f : 21C50513;
	0c90 : FADFC0EF;
	0c91 : 0500006F;
	0c92 : 10000537;
	0c93 : 22450513;
	0c94 : F9DFC0EF;
	0c95 : 0400006F;
	0c96 : 10000537;
	0c97 : 23450513;
	0c98 : F8DFC0EF;
	0c99 : 0300006F;
	0c9a : 10000537;
	0c9b : 23C50513;
	0c9c : F7DFC0EF;
	0c9d : 0200006F;
	0c9e : 10000537;
	0c9f : 25C50513;
	0ca0 : F6DFC0EF;
	0ca1 : 0100006F;
	0ca2 : 10000537;
	0ca3 : 26850513;
	0ca4 : F5DFC0EF;
	0ca5 : 00140413;
	0ca6 : 00200793;
	0ca7 : 04F40E63;
	0ca8 : 00040593;
	0ca9 : 208A0513;
	0caa : F45FC0EF;
	0cab : 0FF47593;
	0cac : 00B035B3;
	0cad : 00259593;
	0cae : 05358593;
	0caf : 0084A503;
	0cb0 : DF5FF0EF;
	0cb1 : FD3512E3;
	0cb2 : 0084A783;
	0cb3 : 0077C783;
	0cb4 : 00848733;
	0cb5 : 00F700A3;
	0cb6 : F92788E3;
	0cb7 : F4F960E3;
	0cb8 : F7678CE3;
	0cb9 : F35790E3;
	0cba : 10000537;
	0cbb : 24850513;
	0cbc : EFDFC0EF;
	0cbd : FA1FF06F;
	0cbe : 02C12083;
	0cbf : 02812403;
	0cc0 : 02412483;
	0cc1 : 02012903;
	0cc2 : 01C12983;
	0cc3 : 01812A03;
	0cc4 : 01412A83;
	0cc5 : 01012B03;
	0cc6 : 00C12B83;
	0cc7 : 00812C03;
	0cc8 : 00412C83;
	0cc9 : 03010113;
	0cca : 00008067;
	0ccb : FF010113;
	0ccc : 00112623;
	0ccd : 00B50223;
	0cce : 00C502A3;
	0ccf : 00D50323;
	0cd0 : 0086D713;
	0cd1 : 00E503A3;
	0cd2 : 0106D713;
	0cd3 : 00E50423;
	0cd4 : 0186D693;
	0cd5 : 00D504A3;
	0cd6 : 00500713;
	0cd7 : 00E50AA3;
	0cd8 : 85DFD0EF;
	0cd9 : 00C12083;
	0cda : 01010113;
	0cdb : 00008067;
	0cdc : FF010113;
	0cdd : 00112623;
	0cde : 00812423;
	0cdf : 00912223;
	0ce0 : 01212023;
	0ce1 : 00050413;
	0ce2 : 00068493;
	0ce3 : 00B50223;
	0ce4 : 00C502A3;
	0ce5 : 00100913;
	0ce6 : 01250AA3;
	0ce7 : 01250B23;
	0ce8 : 81DFD0EF;
	0ce9 : 01240AA3;
	0cea : 00040B23;
	0ceb : 00040513;
	0cec : 905FD0EF;
	0ced : 00544783;
	0cee : 00F48023;
	0cef : 00C12083;
	0cf0 : 00812403;
	0cf1 : 00412483;
	0cf2 : 00012903;
	0cf3 : 01010113;
	0cf4 : 00008067;
	0cf5 : FD010113;
	0cf6 : 02112623;
	0cf7 : 02812423;
	0cf8 : 02912223;
	0cf9 : 03212023;
	0cfa : 01312E23;
	0cfb : 00050493;
	0cfc : 00058913;
	0cfd : 00002637;
	0cfe : 71060613;
	0cff : 00000593;
	0d00 : 00C52503;
	0d01 : EF8FD0EF;
	0d02 : 02300993;
	0d03 : 0004C783;
	0d04 : 03378E63;
	0d05 : 0044A503;
	0d06 : C70FD0EF;
	0d07 : 00A12623;
	0d08 : 00C12403;
	0d09 : 00897433;
	0d0a : 02041E63;
	0d0b : 00000593;
	0d0c : 00C4A503;
	0d0d : F0CFD0EF;
	0d0e : FC050AE3;
	0d0f : 10000537;
	0d10 : 27050513;
	0d11 : DA9FC0EF;
	0d12 : 0200006F;
	0d13 : 00C10693;
	0d14 : 00200613;
	0d15 : 04D00593;
	0d16 : 0084A503;
	0d17 : F15FF0EF;
	0d18 : FC1FF06F;
	0d19 : 00100413;
	0d1a : 00040513;
	0d1b : 02C12083;
	0d1c : 02812403;
	0d1d : 02412483;
	0d1e : 02012903;
	0d1f : 01C12983;
	0d20 : 03010113;
	0d21 : 00008067;
	0d22 : FE010113;
	0d23 : 00112E23;
	0d24 : 00812C23;
	0d25 : 00912A23;
	0d26 : 01212823;
	0d27 : 01312623;
	0d28 : 00050413;
	0d29 : 00060493;
	0d2a : 00068913;
	0d2b : 00070993;
	0d2c : FF8FF0EF;
	0d2d : 00900593;
	0d2e : 00842503;
	0d2f : 929FD0EF;
	0d30 : 00100793;
	0d31 : 02F50063;
	0d32 : 01C12083;
	0d33 : 01812403;
	0d34 : 01412483;
	0d35 : 01012903;
	0d36 : 00C12983;
	0d37 : 02010113;
	0d38 : 00008067;
	0d39 : 00090693;
	0d3a : 00048613;
	0d3b : 00900593;
	0d3c : 00842503;
	0d3d : A05FD0EF;
	0d3e : 00100793;
	0d3f : FCF516E3;
	0d40 : 00098593;
	0d41 : 00040513;
	0d42 : ECDFF0EF;
	0d43 : 00100793;
	0d44 : FB9FF06F;
	0d45 : FF010113;
	0d46 : 00112623;
	0d47 : 00812423;
	0d48 : 00912223;
	0d49 : 01212023;
	0d4a : 00050413;
	0d4b : 00058913;
	0d4c : 00054703;
	0d4d : 02200793;
	0d4e : 04F70A63;
	0d4f : 00144783;
	0d50 : 05100713;
	0d51 : 12E78863;
	0d52 : 0CF76663;
	0d53 : 04500713;
	0d54 : 0EE78C63;
	0d55 : 04600713;
	0d56 : 14E79463;
	0d57 : 00244783;
	0d58 : 07800713;
	0d59 : 14E78863;
	0d5a : 07900713;
	0d5b : 18E78E63;
	0d5c : 06300713;
	0d5d : 1CE78063;
	0d5e : 10000537;
	0d5f : 33C50513;
	0d60 : C6DFC0EF;
	0d61 : 00000493;
	0d62 : 1540006F;
	0d63 : 03052703;
	0d64 : 01452683;
	0d65 : 01C55603;
	0d66 : 00000593;
	0d67 : EEDFF0EF;
	0d68 : 00050493;
	0d69 : 00100793;
	0d6a : 02F50A63;
	0d6b : 02090063;
	0d6c : 03442703;
	0d6d : 02442683;
	0d6e : 02C45603;
	0d6f : 00100593;
	0d70 : 00040513;
	0d71 : EC5FF0EF;
	0d72 : F75FF06F;
	0d73 : 10000537;
	0d74 : 28850513;
	0d75 : C19FC0EF;
	0d76 : 1040006F;
	0d77 : 03442703;
	0d78 : 02442683;
	0d79 : 02C45603;
	0d7a : 00100593;
	0d7b : 00040513;
	0d7c : E99FF0EF;
	0d7d : 00050493;
	0d7e : 00100793;
	0d7f : F4F500E3;
	0d80 : F2091EE3;
	0d81 : 10000537;
	0d82 : 2B050513;
	0d83 : BE1FC0EF;
	0d84 : 0CC0006F;
	0d85 : 09900713;
	0d86 : 08E79463;
	0d87 : 01400593;
	0d88 : 00842503;
	0d89 : 905FE0EF;
	0d8a : 00050493;
	0d8b : 00100793;
	0d8c : F2F506E3;
	0d8d : F20914E3;
	0d8e : 10000537;
	0d8f : 2FC50513;
	0d90 : BADFC0EF;
	0d91 : 0980006F;
	0d92 : 01500593;
	0d93 : 00842503;
	0d94 : 9C0FE0EF;
	0d95 : 00050493;
	0d96 : 00100793;
	0d97 : F0F500E3;
	0d98 : EE091EE3;
	0d99 : 10000537;
	0d9a : 2DC50513;
	0d9b : B81FC0EF;
	0d9c : 06C0006F;
	0d9d : 05B00593;
	0d9e : 00842503;
	0d9f : D48FF0EF;
	0da0 : 00050493;
	0da1 : 00100793;
	0da2 : ECF50AE3;
	0da3 : EC0918E3;
	0da4 : 10000537;
	0da5 : 31C50513;
	0da6 : B55FC0EF;
	0da7 : 0400006F;
	0da8 : 10000537;
	0da9 : 33C50513;
	0daa : B45FC0EF;
	0dab : 00000493;
	0dac : 02C0006F;
	0dad : 00100613;
	0dae : 04700593;
	0daf : 00842503;
	0db0 : C7DFE0EF;
	0db1 : 00050493;
	0db2 : 00100793;
	0db3 : 00F50463;
	0db4 : 02090463;
	0db5 : 00100793;
	0db6 : 08F90463;
	0db7 : 00048513;
	0db8 : 00C12083;
	0db9 : 00812403;
	0dba : 00412483;
	0dbb : 00012903;
	0dbc : 01010113;
	0dbd : 00008067;
	0dbe : 10000537;
	0dbf : 35450513;
	0dc0 : AEDFC0EF;
	0dc1 : FD9FF06F;
	0dc2 : 01800593;
	0dc3 : 00842503;
	0dc4 : DDDFE0EF;
	0dc5 : 00050493;
	0dc6 : 00100793;
	0dc7 : FAF50CE3;
	0dc8 : FA091AE3;
	0dc9 : 10000537;
	0dca : 37050513;
	0dcb : AC1FC0EF;
	0dcc : FADFF06F;
	0dcd : 05E00593;
	0dce : 00842503;
	0dcf : 90CFF0EF;
	0dd0 : 00050493;
	0dd1 : 00100793;
	0dd2 : F8F506E3;
	0dd3 : F80914E3;
	0dd4 : 10000537;
	0dd5 : 38C50513;
	0dd6 : A95FC0EF;
	0dd7 : F81FF06F;
	0dd8 : 00100493;
	0dd9 : F79FF06F;
	0dda : FF010113;
	0ddb : 00112623;
	0ddc : 03052703;
	0ddd : 01452683;
	0dde : 01C55603;
	0ddf : 00000593;
	0de0 : D09FF0EF;
	0de1 : 00C12083;
	0de2 : 01010113;
	0de3 : 00008067;
	0de4 : 01052783;
	0de5 : 12B78663;
	0de6 : FF010113;
	0de7 : 00112623;
	0de8 : 00812423;
	0de9 : 00912223;
	0dea : 00050413;
	0deb : 00058493;
	0dec : 00B52823;
	0ded : 00054703;
	0dee : 02300793;
	0def : 04F70863;
	0df0 : 000427B7;
	0df1 : EB078793;
	0df2 : 06F58463;
	0df3 : 03C54783;
	0df4 : 08079063;
	0df5 : 00000593;
	0df6 : 00040513;
	0df7 : CCCFF0EF;
	0df8 : 000147B7;
	0df9 : C6878793;
	0dfa : 08F48263;
	0dfb : 000217B7;
	0dfc : F5878793;
	0dfd : 08F48063;
	0dfe : 10000537;
	0dff : 3A850513;
	0e00 : 9EDFC0EF;
	0e01 : 00000513;
	0e02 : 0A40006F;
	0e03 : 00058693;
	0e04 : 00300613;
	0e05 : 04D00593;
	0e06 : 00852503;
	0e07 : B11FF0EF;
	0e08 : 00100593;
	0e09 : 00040513;
	0e0a : BADFF0EF;
	0e0b : 0800006F;
	0e0c : 03052703;
	0e0d : 01852683;
	0e0e : 01C55603;
	0e0f : 00000593;
	0e10 : C49FF0EF;
	0e11 : 00100793;
	0e12 : 02F40E23;
	0e13 : 0600006F;
	0e14 : 03052703;
	0e15 : 01452683;
	0e16 : 01C55603;
	0e17 : 00000593;
	0e18 : C29FF0EF;
	0e19 : 02040E23;
	0e1a : F6DFF06F;
	0e1b : 07D00493;
	0e1c : 0080006F;
	0e1d : 04B00493;
	0e1e : 00048693;
	0e1f : 00100613;
	0e20 : 00900593;
	0e21 : 00842503;
	0e22 : FD8FD0EF;
	0e23 : 00048693;
	0e24 : 00200613;
	0e25 : 00900593;
	0e26 : 00842503;
	0e27 : FC4FD0EF;
	0e28 : 03042583;
	0e29 : 00040513;
	0e2a : B2DFF0EF;
	0e2b : 00C12083;
	0e2c : 00812403;
	0e2d : 00412483;
	0e2e : 01010113;
	0e2f : 00008067;
	0e30 : 00100513;
	0e31 : 00008067;
	0e32 : FF010113;
	0e33 : 00112623;
	0e34 : 00812423;
	0e35 : 00912223;
	0e36 : 01212023;
	0e37 : 00050413;
	0e38 : 00058493;
	0e39 : 02B52023;
	0e3a : 00054683;
	0e3b : 02300713;
	0e3c : 0AE68863;
	0e3d : 0003E737;
	0e3e : 3FE70713;
	0e3f : 0CE58663;
	0e40 : 03D54783;
	0e41 : 0E079A63;
	0e42 : 00100593;
	0e43 : 00040513;
	0e44 : B98FF0EF;
	0e45 : 000247B7;
	0e46 : 41478793;
	0e47 : 10F48C63;
	0e48 : 000247B7;
	0e49 : 41478793;
	0e4a : 0E97EA63;
	0e4b : 000097B7;
	0e4c : 10578793;
	0e4d : 11000913;
	0e4e : 00F48A63;
	0e4f : 000127B7;
	0e50 : 20A78793;
	0e51 : 08800913;
	0e52 : 0CF49663;
	0e53 : 00090693;
	0e54 : 00100613;
	0e55 : 00900593;
	0e56 : 00842503;
	0e57 : F04FD0EF;
	0e58 : 00090693;
	0e59 : 00200613;
	0e5a : 00900593;
	0e5b : 00842503;
	0e5c : EF0FD0EF;
	0e5d : 03442583;
	0e5e : 00040513;
	0e5f : A59FF0EF;
	0e60 : 00050793;
	0e61 : 00078513;
	0e62 : 00C12083;
	0e63 : 00812403;
	0e64 : 00412483;
	0e65 : 00012903;
	0e66 : 01010113;
	0e67 : 00008067;
	0e68 : 00058693;
	0e69 : 00400613;
	0e6a : 04D00593;
	0e6b : 00852503;
	0e6c : 97DFF0EF;
	0e6d : 00200593;
	0e6e : 00040513;
	0e6f : A19FF0EF;
	0e70 : 00050793;
	0e71 : FC1FF06F;
	0e72 : 03D54683;
	0e73 : 00100713;
	0e74 : FAE68AE3;
	0e75 : 03452703;
	0e76 : 02852683;
	0e77 : 02C55603;
	0e78 : 00100593;
	0e79 : AA5FF0EF;
	0e7a : 00050793;
	0e7b : 00100713;
	0e7c : 02E40EA3;
	0e7d : F91FF06F;
	0e7e : 03452703;
	0e7f : 02452683;
	0e80 : 02C55603;
	0e81 : 00100593;
	0e82 : A81FF0EF;
	0e83 : 02040EA3;
	0e84 : EF9FF06F;
	0e85 : 22000913;
	0e86 : F35FF06F;
	0e87 : 000497B7;
	0e88 : 82878793;
	0e89 : 02200913;
	0e8a : F2F482E3;
	0e8b : 22000913;
	0e8c : F1DFF06F;
	0e8d : 04400913;
	0e8e : F15FF06F;
	0e8f : 00B52023;
	0e90 : 00008067;
	0e91 : 00B52223;
	0e92 : 00008067;
	0e93 : 00B52423;
	0e94 : 00008067;
	0e95 : 00A00793;
	0e96 : 2EC7E663;
	0e97 : 00261613;
	0e98 : 100007B7;
	0e99 : 3D478793;
	0e9a : 00F60633;
	0e9b : 00062783;
	0e9c : 00078067;
	0e9d : 7BC00793;
	0e9e : 00F51A23;
	0e9f : 50000793;
	0ea0 : 00F51B23;
	0ea1 : 10400793;
	0ea2 : 00F51C23;
	0ea3 : 02800793;
	0ea4 : 00F51D23;
	0ea5 : 2EE00793;
	0ea6 : 00F51E23;
	0ea7 : 2D000793;
	0ea8 : 00F51F23;
	0ea9 : 01900793;
	0eaa : 02F51023;
	0eab : 00500793;
	0eac : 02F51123;
	0ead : 000127B7;
	0eae : 20A78793;
	0eaf : 02F52423;
	0eb0 : 00008067;
	0eb1 : 67400793;
	0eb2 : 00F51A23;
	0eb3 : 50000793;
	0eb4 : 00F51B23;
	0eb5 : 10400793;
	0eb6 : 00F51C23;
	0eb7 : 02800793;
	0eb8 : 00F51D23;
	0eb9 : 2EE00793;
	0eba : 00F51E23;
	0ebb : 2D000793;
	0ebc : 00F51F23;
	0ebd : 01900793;
	0ebe : 02F51023;
	0ebf : 00500793;
	0ec0 : 02F51123;
	0ec1 : 000127B7;
	0ec2 : 20A78793;
	0ec3 : FB1FF06F;
	0ec4 : 000017B7;
	0ec5 : A5078793;
	0ec6 : 00F51A23;
	0ec7 : 78000793;
	0ec8 : 00F51B23;
	0ec9 : 0C000793;
	0eca : 00F51C23;
	0ecb : 02C00793;
	0ecc : 00F51D23;
	0ecd : 46500793;
	0ece : 00F51E23;
	0ecf : 43800793;
	0ed0 : 00F51F23;
	0ed1 : 02900793;
	0ed2 : 02F51023;
	0ed3 : 00500793;
	0ed4 : 02F51123;
	0ed5 : 000247B7;
	0ed6 : 41478793;
	0ed7 : F61FF06F;
	0ed8 : 000017B7;
	0ed9 : 89878793;
	0eda : 00F51A23;
	0edb : 78000793;
	0edc : 00F51B23;
	0edd : 0C000793;
	0ede : 00F51C23;
	0edf : 02C00793;
	0ee0 : 00F51D23;
	0ee1 : 46500793;
	0ee2 : 00F51E23;
	0ee3 : 43800793;
	0ee4 : 00F51F23;
	0ee5 : 02900793;
	0ee6 : 02F51023;
	0ee7 : 00500793;
	0ee8 : 02F51123;
	0ee9 : 000247B7;
	0eea : 41478793;
	0eeb : F11FF06F;
	0eec : 000017B7;
	0eed : F7878713;
	0eee : 00E51A23;
	0eef : A0078793;
	0ef0 : 00F51B23;
	0ef1 : 20800793;
	0ef2 : 00F51C23;
	0ef3 : 05000793;
	0ef4 : 00F51D23;
	0ef5 : 5DC00793;
	0ef6 : 00F51E23;
	0ef7 : 5A000793;
	0ef8 : 00F51F23;
	0ef9 : 03200793;
	0efa : 02F51023;
	0efb : 00A00793;
	0efc : 02F51123;
	0efd : 000497B7;
	0efe : 82878793;
	0eff : EC1FF06F;
	0f00 : 000017B7;
	0f01 : CE878713;
	0f02 : 00E51A23;
	0f03 : A0078793;
	0f04 : 00F51B23;
	0f05 : 20800793;
	0f06 : 00F51C23;
	0f07 : 05000793;
	0f08 : 00F51D23;
	0f09 : 5DC00793;
	0f0a : 00F51E23;
	0f0b : 5A000793;
	0f0c : 00F51F23;
	0f0d : 03200793;
	0f0e : 02F51023;
	0f0f : 00A00793;
	0f10 : 02F51123;
	0f11 : 000497B7;
	0f12 : 82878793;
	0f13 : E71FF06F;
	0f14 : 000017B7;
	0f15 : 4A078713;
	0f16 : 00E51A23;
	0f17 : F0078713;
	0f18 : 00E51B23;
	0f19 : 18000713;
	0f1a : 00E51C23;
	0f1b : 05800713;
	0f1c : 00E51D23;
	0f1d : 8CA78713;
	0f1e : 00E51E23;
	0f1f : 87078793;
	0f20 : 00F51F23;
	0f21 : 05200793;
	0f22 : 02F51023;
	0f23 : 00A00793;
	0f24 : 02F51123;
	0f25 : 000917B7;
	0f26 : 05078793;
	0f27 : E21FF06F;
	0f28 : 000017B7;
	0f29 : 13078713;
	0f2a : 00E51A23;
	0f2b : F0078713;
	0f2c : 00E51B23;
	0f2d : 18000713;
	0f2e : 00E51C23;
	0f2f : 05800713;
	0f30 : 00E51D23;
	0f31 : 8CA78713;
	0f32 : 00E51E23;
	0f33 : 87078793;
	0f34 : 00F51F23;
	0f35 : 05200793;
	0f36 : 02F51023;
	0f37 : 00A00793;
	0f38 : 02F51123;
	0f39 : 000917B7;
	0f3a : 05078793;
	0f3b : DD1FF06F;
	0f3c : 000027B7;
	0f3d : E5078713;
	0f3e : 00E51A23;
	0f3f : E0078793;
	0f40 : 00F51B23;
	0f41 : 04800793;
	0f42 : 00F51C23;
	0f43 : 02000793;
	0f44 : 00F51D23;
	0f45 : 000017B7;
	0f46 : 11D78713;
	0f47 : 00E51E23;
	0f48 : 0E078793;
	0f49 : 00F51F23;
	0f4a : 00E00793;
	0f4b : 02F51023;
	0f4c : 00800793;
	0f4d : 02F51123;
	0f4e : 000F97B7;
	0f4f : FF878793;
	0f50 : D7DFF06F;
	0f51 : 0085D783;
	0f52 : 00F51A23;
	0f53 : 00A5D783;
	0f54 : 00F51B23;
	0f55 : 00C5D783;
	0f56 : 00F51C23;
	0f57 : 00E5D783;
	0f58 : 00F51D23;
	0f59 : 0105D783;
	0f5a : 00F51E23;
	0f5b : 0125D783;
	0f5c : 00F51F23;
	0f5d : 0145D783;
	0f5e : 02F51023;
	0f5f : 0165D783;
	0f60 : 02F51123;
	0f61 : 01C5A783;
	0f62 : D35FF06F;
	0f63 : FF010113;
	0f64 : 00112623;
	0f65 : 00812423;
	0f66 : 00912223;
	0f67 : 00050413;
	0f68 : 00068493;
	0f69 : 00052783;
	0f6a : 0007A023;
	0f6b : 00052783;
	0f6c : 0007A423;
	0f6d : CA1FF0EF;
	0f6e : 00645703;
	0f6f : 00042783;
	0f70 : 0007A023;
	0f71 : 00042783;
	0f72 : 00E7A623;
	0f73 : 00442703;
	0f74 : 00042783;
	0f75 : 000106B7;
	0f76 : 00D7A023;
	0f77 : 00042783;
	0f78 : 00E7A623;
	0f79 : 00A45703;
	0f7a : 00042783;
	0f7b : 000206B7;
	0f7c : 00D7A023;
	0f7d : 00042783;
	0f7e : 00E7A623;
	0f7f : 00842703;
	0f80 : 00042783;
	0f81 : 000306B7;
	0f82 : 00D7A023;
	0f83 : 00042783;
	0f84 : 00E7A623;
	0f85 : 01445703;
	0f86 : 00042783;
	0f87 : 000406B7;
	0f88 : 00D7A023;
	0f89 : 00042783;
	0f8a : 00E7A623;
	0f8b : 01645703;
	0f8c : 00042783;
	0f8d : 000506B7;
	0f8e : 00D7A023;
	0f8f : 00042783;
	0f90 : 00E7A623;
	0f91 : 01845703;
	0f92 : 00042783;
	0f93 : 000606B7;
	0f94 : 00D7A023;
	0f95 : 00042783;
	0f96 : 00E7A623;
	0f97 : 01A45703;
	0f98 : 00042783;
	0f99 : 000706B7;
	0f9a : 00D7A023;
	0f9b : 00042783;
	0f9c : 00E7A623;
	0f9d : 01C45703;
	0f9e : 00042783;
	0f9f : 000806B7;
	0fa0 : 00D7A023;
	0fa1 : 00042783;
	0fa2 : 00E7A623;
	0fa3 : 01E45703;
	0fa4 : 00042783;
	0fa5 : 000906B7;
	0fa6 : 00D7A023;
	0fa7 : 00042783;
	0fa8 : 00E7A623;
	0fa9 : 02045703;
	0faa : 00042783;
	0fab : 000A06B7;
	0fac : 00D7A023;
	0fad : 00042783;
	0fae : 00E7A623;
	0faf : 02245703;
	0fb0 : 00042783;
	0fb1 : 000B06B7;
	0fb2 : 00D7A023;
	0fb3 : 00042783;
	0fb4 : 00E7A623;
	0fb5 : 00649493;
	0fb6 : 1C04F493;
	0fb7 : 02A4E493;
	0fb8 : 00042783;
	0fb9 : 0007A023;
	0fba : 00042783;
	0fbb : 0097A423;
	0fbc : 00C12083;
	0fbd : 00812403;
	0fbe : 00412483;
	0fbf : 01010113;
	0fc0 : 00008067;
	0fc1 : FF010113;
	0fc2 : 00112623;
	0fc3 : 00812423;
	0fc4 : 00050413;
	0fc5 : 00052783;
	0fc6 : 0007A023;
	0fc7 : 00052783;
	0fc8 : 0007A423;
	0fc9 : B31FF0EF;
	0fca : 00645703;
	0fcb : 00042783;
	0fcc : 0007A023;
	0fcd : 00042783;
	0fce : 00E7A623;
	0fcf : 00442703;
	0fd0 : 00042783;
	0fd1 : 000106B7;
	0fd2 : 00D7A023;
	0fd3 : 00042783;
	0fd4 : 00E7A623;
	0fd5 : 00A45703;
	0fd6 : 00042783;
	0fd7 : 000206B7;
	0fd8 : 00D7A023;
	0fd9 : 00042783;
	0fda : 00E7A623;
	0fdb : 00842703;
	0fdc : 00042783;
	0fdd : 000306B7;
	0fde : 00D7A023;
	0fdf : 00042783;
	0fe0 : 00E7A623;
	0fe1 : 01445703;
	0fe2 : 00042783;
	0fe3 : 000406B7;
	0fe4 : 00D7A023;
	0fe5 : 00042783;
	0fe6 : 00E7A623;
	0fe7 : 01645703;
	0fe8 : 00042783;
	0fe9 : 000506B7;
	0fea : 00D7A023;
	0feb : 00042783;
	0fec : 00E7A623;
	0fed : 01845703;
	0fee : 00042783;
	0fef : 000606B7;
	0ff0 : 00D7A023;
	0ff1 : 00042783;
	0ff2 : 00E7A623;
	0ff3 : 01A45703;
	0ff4 : 00042783;
	0ff5 : 000706B7;
	0ff6 : 00D7A023;
	0ff7 : 00042783;
	0ff8 : 00E7A623;
	0ff9 : 01C45703;
	0ffa : 00042783;
	0ffb : 000806B7;
	0ffc : 00D7A023;
	0ffd : 00042783;
	0ffe : 00E7A623;
	0fff : 01E45703;
	1000 : 00042783;
	1001 : 000906B7;
	1002 : 00D7A023;
	1003 : 00042783;
	1004 : 00E7A623;
	1005 : 02045703;
	1006 : 00042783;
	1007 : 000A06B7;
	1008 : 00D7A023;
	1009 : 00042783;
	100a : 00E7A623;
	100b : 02245703;
	100c : 00042783;
	100d : 000B06B7;
	100e : 00D7A023;
	100f : 00042783;
	1010 : 00E7A623;
	1011 : 00042783;
	1012 : 0007A023;
	1013 : 00042703;
	1014 : 000017B7;
	1015 : A1B78793;
	1016 : 00F72423;
	1017 : 00C12083;
	1018 : 00812403;
	1019 : 01010113;
	101a : 00008067;
	101b : 00052783;
	101c : 01059593;
	101d : 00B7A023;
	101e : 00052783;
	101f : 00C7A623;
	1020 : 00008067;
	1021 : 00052783;
	1022 : 00859593;
	1023 : 00B7A023;
	1024 : 00052783;
	1025 : 00C7A423;
	1026 : 00008067;
	1027 : 00052783;
	1028 : 00859593;
	1029 : 00B7A023;
	102a : 00052783;
	102b : 0087A503;
	102c : 00008067;
	102d : 00052783;
	102e : 00B7A023;
	102f : 00052783;
	1030 : 0047A503;
	1031 : 00008067;
	1032 : 00052783;
	1033 : 10000693;
	1034 : 00D7A023;
	1035 : 00052703;
	1036 : 00872783;
	1037 : F007F793;
	1038 : 00F5E5B3;
	1039 : 00D72023;
	103a : 00052783;
	103b : 00B7A423;
	103c : 00008067;
	103d : 00052783;
	103e : 10000613;
	103f : 00C7A023;
	1040 : 00052683;
	1041 : 0086A783;
	1042 : FF000737;
	1043 : 0FF70713;
	1044 : 00E7F7B3;
	1045 : 00859593;
	1046 : 00F5E5B3;
	1047 : 00C6A023;
	1048 : 00052783;
	1049 : 00B7A423;
	104a : 00008067;
	104b : 00052783;
	104c : 00700713;
	104d : 00E7A023;
	104e : 00052783;
	104f : 0047A503;
	1050 : 01455513;
	1051 : 00157513;
	1052 : 00008067;
	1053 : 00052783;
	1054 : 00700713;
	1055 : 00E7A023;
	1056 : 00052783;
	1057 : 0047A503;
	1058 : 3FF57513;
	1059 : 00008067;
	105a : 00052783;
	105b : 00700713;
	105c : 00E7A023;
	105d : 00052783;
	105e : 0047A503;
	105f : 00A55513;
	1060 : 3FF57513;
	1061 : 00008067;
	1062 : 00052783;
	1063 : 00400713;
	1064 : 00E7A023;
	1065 : 00052783;
	1066 : 0047A783;
	1067 : 03F7F513;
	1068 : 02000713;
	1069 : 02E50863;
	106a : 0207F793;
	106b : 00078E63;
	106c : 40A00533;
	106d : 01F57513;
	106e : 40A00533;
	106f : 01851513;
	1070 : 41855513;
	1071 : 00008067;
	1072 : 01851513;
	1073 : 41855513;
	1074 : 00008067;
	1075 : FE000513;
	1076 : 00008067;
	1077 : 00052783;
	1078 : 00400713;
	1079 : 00E7A023;
	107a : 00052783;
	107b : 0047A783;
	107c : 0087D793;
	107d : 03F7F513;
	107e : 02000713;
	107f : 02E50863;
	1080 : 0207F793;
	1081 : 00078E63;
	1082 : 40A00533;
	1083 : 01F57513;
	1084 : 40A00533;
	1085 : 01851513;
	1086 : 41855513;
	1087 : 00008067;
	1088 : 01851513;
	1089 : 41855513;
	108a : 00008067;
	108b : FE000513;
	108c : 00008067;
	108d : 00052783;
	108e : 00400713;
	108f : 00E7A023;
	1090 : 00052783;
	1091 : 0047A783;
	1092 : 0107D793;
	1093 : 03F7F513;
	1094 : 02000713;
	1095 : 02E50263;
	1096 : 0207F793;
	1097 : 00078863;
	1098 : 00157513;
	1099 : 40A00533;
	109a : 00008067;
	109b : 01851513;
	109c : 41855513;
	109d : 00008067;
	109e : FE000513;
	109f : 00008067;
	10a0 : 00052783;
	10a1 : 00500713;
	10a2 : 00E7A023;
	10a3 : 00052783;
	10a4 : 0047A783;
	10a5 : 01179513;
	10a6 : 01155513;
	10a7 : 00004737;
	10a8 : 02E50A63;
	10a9 : 00E7F7B3;
	10aa : 02078063;
	10ab : 40A00533;
	10ac : 01151513;
	10ad : 01155513;
	10ae : 40A00533;
	10af : 01051513;
	10b0 : 41055513;
	10b1 : 00008067;
	10b2 : 01051513;
	10b3 : 41055513;
	10b4 : 00008067;
	10b5 : FFFFC537;
	10b6 : 00008067;
	10b7 : 00052783;
	10b8 : 00600713;
	10b9 : 00E7A023;
	10ba : 00052783;
	10bb : 0047A783;
	10bc : 00379513;
	10bd : 00355513;
	10be : 10000737;
	10bf : 00E7F7B3;
	10c0 : 00078A63;
	10c1 : 40A00533;
	10c2 : 00451513;
	10c3 : 00455513;
	10c4 : 40A00533;
	10c5 : 00008067;
	10c6 : 00C5AE83;
	10c7 : 0105AE03;
	10c8 : 0145A303;
	10c9 : 0185A883;
	10ca : 01C5A803;
	10cb : 0205A603;
	10cc : 0245A683;
	10cd : 0285A703;
	10ce : 01D52023;
	10cf : 01C52223;
	10d0 : 00652423;
	10d1 : 01152623;
	10d2 : 01052823;
	10d3 : 00C52A23;
	10d4 : 00D52C23;
	10d5 : 00E52E23;
	10d6 : 00008067;
	10d7 : 00052783;
	10d8 : 0007A023;
	10d9 : 00052783;
	10da : 0047A503;
	10db : 00008067;
	10dc : 00052783;
	10dd : 00100713;
	10de : 00E7A023;
	10df : 00052783;
	10e0 : 0047A503;
	10e1 : 00008067;
	10e2 : 00052783;
	10e3 : 00200713;
	10e4 : 00E7A023;
	10e5 : 00052783;
	10e6 : 0047A503;
	10e7 : 00008067;
	10e8 : 00052783;
	10e9 : 00300713;
	10ea : 00E7A023;
	10eb : 00052783;
	10ec : 0047A503;
	10ed : 00008067;
	10ee : 7BC00793;
	10ef : 06F50C63;
	10f0 : 67400793;
	10f1 : 08F50863;
	10f2 : 000017B7;
	10f3 : A5078793;
	10f4 : 0AF50463;
	10f5 : 000017B7;
	10f6 : 89878793;
	10f7 : 0AF50E63;
	10f8 : 000017B7;
	10f9 : F7878793;
	10fa : 0CF50863;
	10fb : 000017B7;
	10fc : CE878793;
	10fd : 0EF50263;
	10fe : 000017B7;
	10ff : 4A078793;
	1100 : 0EF50C63;
	1101 : 000017B7;
	1102 : 13078793;
	1103 : 10F51863;
	1104 : 000017B7;
	1105 : 8CA78793;
	1106 : 00000513;
	1107 : 04F59263;
	1108 : 000917B7;
	1109 : 05078793;
	110a : 00F62023;
	110b : 00800513;
	110c : 00008067;
	110d : 2EE00793;
	110e : 00000513;
	110f : 02F59263;
	1110 : 000127B7;
	1111 : 20A78793;
	1112 : 00F62023;
	1113 : 00100513;
	1114 : 00008067;
	1115 : 2EE00793;
	1116 : 00000513;
	1117 : 00F58463;
	1118 : 00008067;
	1119 : 000127B7;
	111a : 20A78793;
	111b : 00F62023;
	111c : 00200513;
	111d : 00008067;
	111e : 46500793;
	111f : 00000513;
	1120 : FEF590E3;
	1121 : 000247B7;
	1122 : 41478793;
	1123 : 00F62023;
	1124 : 00300513;
	1125 : 00008067;
	1126 : 46500793;
	1127 : 00000513;
	1128 : FCF590E3;
	1129 : 000247B7;
	112a : 41478793;
	112b : 00F62023;
	112c : 00400513;
	112d : 00008067;
	112e : 5DC00793;
	112f : 00000513;
	1130 : FAF590E3;
	1131 : 000497B7;
	1132 : 82878793;
	1133 : 00F62023;
	1134 : 00500513;
	1135 : 00008067;
	1136 : 5DC00793;
	1137 : 00000513;
	1138 : F8F590E3;
	1139 : 000497B7;
	113a : 82878793;
	113b : 00F62023;
	113c : 00600513;
	113d : 00008067;
	113e : 000017B7;
	113f : 8CA78793;
	1140 : 00000513;
	1141 : F4F59EE3;
	1142 : 000917B7;
	1143 : 05078793;
	1144 : 00F62023;
	1145 : 00700513;
	1146 : 00008067;
	1147 : 000027B7;
	1148 : E5078793;
	1149 : 02F51463;
	114a : 000017B7;
	114b : 11D78793;
	114c : 00000513;
	114d : F2F596E3;
	114e : 000F97B7;
	114f : FF878793;
	1150 : 00F62023;
	1151 : 00A00513;
	1152 : 00008067;
	1153 : 00000513;
	1154 : F11FF06F;
	1155 : 00052783;
	1156 : 0007A023;
	1157 : 00052783;
	1158 : 0087A683;
	1159 : BFF6E713;
	115a : 00058463;
	115b : 4006E713;
	115c : 0007A023;
	115d : 00052783;
	115e : 00E7A423;
	115f : 00008067;
	1160 : 00300793;
	1161 : 2AF50863;
	1162 : 0EA7E863;
	1163 : 00100793;
	1164 : 1CF50463;
	1165 : 00200793;
	1166 : 36F51A63;
	1167 : 10001737;
	1168 : 7CC70793;
	1169 : 00100693;
	116a : 02D78323;
	116b : 02D783A3;
	116c : 00200693;
	116d : 02D78B23;
	116e : 03A00693;
	116f : 02D78BA3;
	1170 : F8000693;
	1171 : 02D78C23;
	1172 : FD000613;
	1173 : 02C78CA3;
	1174 : 07200613;
	1175 : 02C78D23;
	1176 : 03800613;
	1177 : 02C78DA3;
	1178 : 02D00613;
	1179 : 02C78E23;
	117a : 04000613;
	117b : 02C78EA3;
	117c : 01000613;
	117d : 02C78F23;
	117e : 02C00613;
	117f : 02C78FA3;
	1180 : 04500613;
	1181 : 04C78023;
	1182 : 04D780A3;
	1183 : 04078123;
	1184 : 040781A3;
	1185 : 04078223;
	1186 : 040782A3;
	1187 : 04078323;
	1188 : 01E00693;
	1189 : 04D783A3;
	118a : 04878793;
	118b : 7CC70713;
	118c : 05A70693;
	118d : 00078023;
	118e : 00178793;
	118f : FED79CE3;
	1190 : 100017B7;
	1191 : 7CC78793;
	1192 : 01000693;
	1193 : 04D785A3;
	1194 : 05A78793;
	1195 : 06C70713;
	1196 : 00078023;
	1197 : 00178793;
	1198 : FEE79CE3;
	1199 : 100027B7;
	119a : 01000713;
	119b : 82E784A3;
	119c : 00E00713;
	119d : 1B40006F;
	119e : 00400793;
	119f : 28F51863;
	11a0 : 10001737;
	11a1 : 7CC70793;
	11a2 : 00100693;
	11a3 : 02D78323;
	11a4 : 02D783A3;
	11a5 : 00800693;
	11a6 : 02D78B23;
	11a7 : FE800693;
	11a8 : 02D78BA3;
	11a9 : 02078C23;
	11aa : 03000693;
	11ab : 02D78CA3;
	11ac : FF200693;
	11ad : 02D78D23;
	11ae : 07000693;
	11af : 02D78DA3;
	11b0 : 05A00693;
	11b1 : 02D78E23;
	11b2 : F8000693;
	11b3 : 02D78EA3;
	11b4 : FB000693;
	11b5 : 02D78F23;
	11b6 : 05800693;
	11b7 : 02D78FA3;
	11b8 : F8A00693;
	11b9 : 04D78023;
	11ba : 040780A3;
	11bb : 04078123;
	11bc : 040781A3;
	11bd : 04078223;
	11be : 040782A3;
	11bf : 04078323;
	11c0 : 01E00693;
	11c1 : 04D783A3;
	11c2 : 04878793;
	11c3 : 7CC70713;
	11c4 : 05A70693;
	11c5 : 00078023;
	11c6 : 00178793;
	11c7 : FED79CE3;
	11c8 : 100017B7;
	11c9 : 7CC78793;
	11ca : 01000693;
	11cb : 04D785A3;
	11cc : 05A78793;
	11cd : 06C70713;
	11ce : 00078023;
	11cf : 00178793;
	11d0 : FEE79CE3;
	11d1 : 100027B7;
	11d2 : 01000713;
	11d3 : 82E784A3;
	11d4 : 0C400713;
	11d5 : 0D40006F;
	11d6 : 10001737;
	11d7 : 7CC70793;
	11d8 : 00100693;
	11d9 : 02D78323;
	11da : 02D783A3;
	11db : 02D78B23;
	11dc : 01D00693;
	11dd : 02D78BA3;
	11de : 02078C23;
	11df : FBC00693;
	11e0 : 02D78CA3;
	11e1 : 05200693;
	11e2 : 02D78D23;
	11e3 : FD000693;
	11e4 : 02D78DA3;
	11e5 : 01E00693;
	11e6 : 02D78E23;
	11e7 : 02000613;
	11e8 : 02C78EA3;
	11e9 : FB800613;
	11ea : 02C78F23;
	11eb : 02800613;
	11ec : 02C78FA3;
	11ed : 05500613;
	11ee : 04C78023;
	11ef : 04000613;
	11f0 : 04C780A3;
	11f1 : 04078123;
	11f2 : 040781A3;
	11f3 : 04078223;
	11f4 : 040782A3;
	11f5 : 04078323;
	11f6 : 04D783A3;
	11f7 : 04878793;
	11f8 : 7CC70713;
	11f9 : 05A70693;
	11fa : 00078023;
	11fb : 00178793;
	11fc : FED79CE3;
	11fd : 100017B7;
	11fe : 7CC78793;
	11ff : 01000693;
	1200 : 04D785A3;
	1201 : 05A78793;
	1202 : 06C70713;
	1203 : 00078023;
	1204 : 00178793;
	1205 : FEE79CE3;
	1206 : 100027B7;
	1207 : 01000713;
	1208 : 82E784A3;
	1209 : 00300713;
	120a : 100027B7;
	120b : 84E785A3;
	120c : 00008067;
	120d : 10001737;
	120e : 7CC70793;
	120f : 00100693;
	1210 : 02D78323;
	1211 : 02D783A3;
	1212 : 00400693;
	1213 : 02D78B23;
	1214 : 07400693;
	1215 : 02D78BA3;
	1216 : 02078C23;
	1217 : 07800693;
	1218 : 02D78CA3;
	1219 : FA500693;
	121a : 02D78D23;
	121b : FA000693;
	121c : 02D78DA3;
	121d : 03C00693;
	121e : 02D78E23;
	121f : 05000693;
	1220 : 02D78EA3;
	1221 : FB800613;
	1222 : 02C78F23;
	1223 : 02D78FA3;
	1224 : F8A00693;
	1225 : 04D78023;
	1226 : 04800693;
	1227 : 04D780A3;
	1228 : 04078123;
	1229 : 040781A3;
	122a : 04078223;
	122b : 040782A3;
	122c : 04078323;
	122d : 01E00693;
	122e : 04D783A3;
	122f : 04878793;
	1230 : 7CC70713;
	1231 : 05A70693;
	1232 : 00078023;
	1233 : 00178793;
	1234 : FED79CE3;
	1235 : 100017B7;
	1236 : 7CC78793;
	1237 : 01000693;
	1238 : 04D785A3;
	1239 : 05A78793;
	123a : 06C70713;
	123b : 00078023;
	123c : 00178793;
	123d : FEE79CE3;
	123e : 100027B7;
	123f : 01000713;
	1240 : 82E784A3;
	1241 : 01700713;
	1242 : F21FF06F;
	1243 : 100017B7;
	1244 : 7CC78793;
	1245 : FD100713;
	1246 : 02E78323;
	1247 : FC000713;
	1248 : 02E783A3;
	1249 : 00800713;
	124a : 02E78B23;
	124b : FE800713;
	124c : 02E78BA3;
	124d : 02078C23;
	124e : 03000713;
	124f : 02E78CA3;
	1250 : FF200713;
	1251 : 02E78D23;
	1252 : 07000713;
	1253 : 02E78DA3;
	1254 : 05A00713;
	1255 : 02E78E23;
	1256 : F8000713;
	1257 : 02E78EA3;
	1258 : FB000713;
	1259 : 02E78F23;
	125a : 05800713;
	125b : 02E78FA3;
	125c : F8A00613;
	125d : 04C78023;
	125e : 040780A3;
	125f : 04078123;
	1260 : 040781A3;
	1261 : 04078223;
	1262 : 040782A3;
	1263 : 04078323;
	1264 : 01E00713;
	1265 : 04E783A3;
	1266 : 00400693;
	1267 : 04D78423;
	1268 : 07400693;
	1269 : 04D784A3;
	126a : 04078523;
	126b : 07800693;
	126c : 04D785A3;
	126d : FA500693;
	126e : 04D78623;
	126f : FA000693;
	1270 : 04D786A3;
	1271 : 03C00693;
	1272 : 04D78723;
	1273 : 05000593;
	1274 : 04B787A3;
	1275 : FB800693;
	1276 : 04D78823;
	1277 : 04B788A3;
	1278 : 04C78923;
	1279 : 04800613;
	127a : 04C789A3;
	127b : 04078A23;
	127c : 04078AA3;
	127d : 04078B23;
	127e : 04078BA3;
	127f : 04078C23;
	1280 : 04E78CA3;
	1281 : 00100613;
	1282 : 04C78D23;
	1283 : 01D00613;
	1284 : 04C78DA3;
	1285 : 04078E23;
	1286 : FBC00613;
	1287 : 04C78EA3;
	1288 : 05200613;
	1289 : 04C78F23;
	128a : FD000613;
	128b : 04C78FA3;
	128c : 06E78023;
	128d : 02000613;
	128e : 06C780A3;
	128f : 06D78123;
	1290 : 02800693;
	1291 : 06D781A3;
	1292 : 05500693;
	1293 : 06D78223;
	1294 : 04000693;
	1295 : 06D782A3;
	1296 : 06078323;
	1297 : 060783A3;
	1298 : 06078423;
	1299 : 060784A3;
	129a : 06078523;
	129b : 06E785A3;
	129c : 0CF00713;
	129d : DB5FF06F;
	129e : 00B52223;
	129f : 0005A503;
	12a0 : FFFFB7B7;
	12a1 : 2B978793;
	12a2 : 00F50533;
	12a3 : 00153513;
	12a4 : 00008067;
	12a5 : 00A00793;
	12a6 : 06B7E863;
	12a7 : 00259593;
	12a8 : 100007B7;
	12a9 : 40078793;
	12aa : 00F585B3;
	12ab : 0005A783;
	12ac : 00078067;
	12ad : 06C52C23;
	12ae : 00008067;
	12af : 06C52E23;
	12b0 : 00008067;
	12b1 : 08C52023;
	12b2 : 00008067;
	12b3 : 08C52223;
	12b4 : 00008067;
	12b5 : 08C52423;
	12b6 : 00008067;
	12b7 : 08C52623;
	12b8 : 00008067;
	12b9 : 08C52823;
	12ba : 00008067;
	12bb : 08C52A23;
	12bc : 00008067;
	12bd : 08C52E23;
	12be : 00008067;
	12bf : 08C52C23;
	12c0 : 00008067;
	12c1 : 0AC52023;
	12c2 : 00008067;
	12c3 : 00B50023;
	12c4 : 06052A23;
	12c5 : 06052C23;
	12c6 : 06052E23;
	12c7 : 08052023;
	12c8 : 08052223;
	12c9 : 08052423;
	12ca : 08052623;
	12cb : 08052823;
	12cc : 08052A23;
	12cd : 08052C23;
	12ce : 08052E23;
	12cf : 000504A3;
	12d0 : 00050423;
	12d1 : 00050523;
	12d2 : 0A0507A3;
	12d3 : 0A050823;
	12d4 : 0A0508A3;
	12d5 : 0A052A23;
	12d6 : 0A050EA3;
	12d7 : 0A050F23;
	12d8 : 0A050C23;
	12d9 : 0C050123;
	12da : 0C0502A3;
	12db : 0C050223;
	12dc : 0E0502A3;
	12dd : 0E050223;
	12de : 04050823;
	12df : 040508A3;
	12e0 : 50052423;
	12e1 : 00452783;
	12e2 : 03300713;
	12e3 : 00E7A223;
	12e4 : 00008067;
	12e5 : 0B454503;
	12e6 : 00008067;
	12e7 : 0B454503;
	12e8 : 00A03533;
	12e9 : 00008067;
	12ea : 0B854503;
	12eb : 00A03533;
	12ec : 00008067;
	12ed : 0BB54503;
	12ee : 00008067;
	12ef : 0BC54503;
	12f0 : 00008067;
	12f1 : 0C154503;
	12f2 : 00008067;
	12f3 : 0AB50CA3;
	12f4 : 00008067;
	12f5 : 0AB50D23;
	12f6 : 00008067;
	12f7 : 0CB50123;
	12f8 : 00008067;
	12f9 : 00658593;
	12fa : 00559593;
	12fb : 00B50533;
	12fc : 00554503;
	12fd : 00A03533;
	12fe : 00008067;
	12ff : 00658593;
	1300 : 00559593;
	1301 : 00B50533;
	1302 : 00654503;
	1303 : 00008067;
	1304 : 0AF54503;
	1305 : 00A03533;
	1306 : 00008067;
	1307 : 0B154503;
	1308 : 00008067;
	1309 : 00452783;
	130a : 10000713;
	130b : 00E7A623;
	130c : 04F54783;
	130d : 02078263;
	130e : 00000793;
	130f : 00452703;
	1310 : 00F506B3;
	1311 : 02F6C683;
	1312 : 00D72623;
	1313 : 00178793;
	1314 : 04F54703;
	1315 : FEE7E4E3;
	1316 : 00452783;
	1317 : 1FF00713;
	1318 : 00E7A623;
	1319 : 00008067;
	131a : FF010113;
	131b : 00112623;
	131c : 00100713;
	131d : 04E507A3;
	131e : 00500713;
	131f : 02E507A3;
	1320 : FA5FF0EF;
	1321 : 00C12083;
	1322 : 01010113;
	1323 : 00008067;
	1324 : FF010113;
	1325 : 00112623;
	1326 : 00100713;
	1327 : 04E507A3;
	1328 : 04200713;
	1329 : 02E507A3;
	132a : F7DFF0EF;
	132b : 00C12083;
	132c : 01010113;
	132d : 00008067;
	132e : FF010113;
	132f : 00112623;
	1330 : 00100713;
	1331 : 04E507A3;
	1332 : 02400713;
	1333 : 02E507A3;
	1334 : F55FF0EF;
	1335 : 00C12083;
	1336 : 01010113;
	1337 : 00008067;
	1338 : 00452783;
	1339 : 0087A503;
	133a : 01055513;
	133b : 01F57513;
	133c : 00008067;
	133d : 00452803;
	133e : 00000793;
	133f : 10000613;
	1340 : 1FF00313;
	1341 : 01C0006F;
	1342 : 020505A3;
	1343 : 00178793;
	1344 : 0FF7F793;
	1345 : 04B7F263;
	1346 : 00A54703;
	1347 : 04071663;
	1348 : 01082683;
	1349 : 1FF6F713;
	134a : FEC700E3;
	134b : 02670863;
	134c : 02B54703;
	134d : 00170893;
	134e : 031505A3;
	134f : 00E50733;
	1350 : 00D705A3;
	1351 : 00050523;
	1352 : 00178793;
	1353 : 0FF7F793;
	1354 : FCB7E8E3;
	1355 : 00008067;
	1356 : 00008067;
	1357 : 00100793;
	1358 : 00F50523;
	1359 : 00008067;
	135a : 00008067;
	135b : 00050793;
	135c : 00050423;
	135d : 000504A3;
	135e : 0087C503;
	135f : 0FF57513;
	1360 : 00051A63;
	1361 : 0097C703;
	1362 : 0FF77713;
	1363 : FE0706E3;
	1364 : 00008067;
	1365 : 00100513;
	1366 : 00008067;
	1367 : FF010113;
	1368 : 00112623;
	1369 : 00812423;
	136a : 00050413;
	136b : 00100793;
	136c : 04F507A3;
	136d : 00300793;
	136e : 02F507A3;
	136f : E69FF0EF;
	1370 : 00040513;
	1371 : FA9FF0EF;
	1372 : 00C12083;
	1373 : 00812403;
	1374 : 01010113;
	1375 : 00008067;
	1376 : FF010113;
	1377 : 00112623;
	1378 : 00812423;
	1379 : 00050413;
	137a : 00100793;
	137b : 04F507A3;
	137c : 00700793;
	137d : 02F507A3;
	137e : 00058713;
	137f : 00858593;
	1380 : 04F44783;
	1381 : 00178693;
	1382 : 04D407A3;
	1383 : 00074683;
	1384 : 00F407B3;
	1385 : 02D787A3;
	1386 : 00170713;
	1387 : FEB712E3;
	1388 : 00040513;
	1389 : E01FF0EF;
	138a : 00040513;
	138b : F41FF0EF;
	138c : 00C12083;
	138d : 00812403;
	138e : 01010113;
	138f : 00008067;
	1390 : FF010113;
	1391 : 00112623;
	1392 : 00812423;
	1393 : 00050413;
	1394 : 02200793;
	1395 : 02F507A3;
	1396 : 00200793;
	1397 : 04F507A3;
	1398 : FFF58593;
	1399 : 0015B593;
	139a : 02B50823;
	139b : DB9FF0EF;
	139c : 00040513;
	139d : EF9FF0EF;
	139e : 00C12083;
	139f : 00812403;
	13a0 : 01010113;
	13a1 : 00008067;
	13a2 : FF010113;
	13a3 : 00112623;
	13a4 : 00812423;
	13a5 : 00050413;
	13a6 : 00100793;
	13a7 : 04F507A3;
	13a8 : 00600793;
	13a9 : 02F507A3;
	13aa : D7DFF0EF;
	13ab : 00040513;
	13ac : EBDFF0EF;
	13ad : 00C12083;
	13ae : 00812403;
	13af : 01010113;
	13b0 : 00008067;
	13b1 : FF010113;
	13b2 : 00112623;
	13b3 : 00812423;
	13b4 : 00912223;
	13b5 : 01212023;
	13b6 : 00050413;
	13b7 : 00400793;
	13b8 : 02F507A3;
	13b9 : 02050823;
	13ba : 00300793;
	13bb : 04F507A3;
	13bc : 0BA54783;
	13bd : 02F508A3;
	13be : D2DFF0EF;
	13bf : 00040513;
	13c0 : E6DFF0EF;
	13c1 : 00100793;
	13c2 : 00000493;
	13c3 : 02F50063;
	13c4 : 00048513;
	13c5 : 00C12083;
	13c6 : 00812403;
	13c7 : 00412483;
	13c8 : 00012903;
	13c9 : 01010113;
	13ca : 00008067;
	13cb : 00400793;
	13cc : 02F407A3;
	13cd : 00100913;
	13ce : 03240823;
	13cf : 00300793;
	13d0 : 04F407A3;
	13d1 : 0B944783;
	13d2 : 02F408A3;
	13d3 : 00040513;
	13d4 : CD5FF0EF;
	13d5 : 00040513;
	13d6 : E15FF0EF;
	13d7 : 00050493;
	13d8 : 07251463;
	13d9 : 00044703;
	13da : 00100793;
	13db : 00F70E63;
	13dc : 00044783;
	13dd : F8079EE3;
	13de : 00040513;
	13df : F0DFF0EF;
	13e0 : 00050493;
	13e1 : F8DFF06F;
	13e2 : 00400793;
	13e3 : 02F407A3;
	13e4 : 00200793;
	13e5 : 02F40823;
	13e6 : 00300793;
	13e7 : 04F407A3;
	13e8 : 0C244783;
	13e9 : 02F408A3;
	13ea : 00040513;
	13eb : C79FF0EF;
	13ec : 00040513;
	13ed : DB9FF0EF;
	13ee : 00100793;
	13ef : FAF50AE3;
	13f0 : 00000493;
	13f1 : F4DFF06F;
	13f2 : 00000493;
	13f3 : F45FF06F;
	13f4 : FF010113;
	13f5 : 00112623;
	13f6 : 00812423;
	13f7 : 00050413;
	13f8 : 03000793;
	13f9 : 02F507A3;
	13fa : 00200793;
	13fb : 04F507A3;
	13fc : 0BA54783;
	13fd : 02F50823;
	13fe : C2DFF0EF;
	13ff : 00040513;
	1400 : D6DFF0EF;
	1401 : 00C12083;
	1402 : 00812403;
	1403 : 01010113;
	1404 : 00008067;
	1405 : FF010113;
	1406 : 00112623;
	1407 : 00812423;
	1408 : 00050413;
	1409 : 02100793;
	140a : 02F507A3;
	140b : 02B50823;
	140c : 02C508A3;
	140d : 00400793;
	140e : 04F507A3;
	140f : 02D50923;
	1410 : BE5FF0EF;
	1411 : 00040513;
	1412 : D25FF0EF;
	1413 : 00C12083;
	1414 : 00812403;
	1415 : 01010113;
	1416 : 00008067;
	1417 : FF010113;
	1418 : 00112623;
	1419 : 00812423;
	141a : 00050413;
	141b : 00200713;
	141c : 01100793;
	141d : 00E58A63;
	141e : 00300713;
	141f : 01200793;
	1420 : 00E58463;
	1421 : 01000793;
	1422 : 00100713;
	1423 : 04E407A3;
	1424 : 02F407A3;
	1425 : 00040513;
	1426 : B8DFF0EF;
	1427 : 00040513;
	1428 : CCDFF0EF;
	1429 : 00C12083;
	142a : 00812403;
	142b : 01010113;
	142c : 00008067;
	142d : FF010113;
	142e : 00112623;
	142f : 00812423;
	1430 : 00050413;
	1431 : 0085DE83;
	1432 : 00561793;
	1433 : 00F507B3;
	1434 : 0DD79823;
	1435 : 00A5D303;
	1436 : 0C679923;
	1437 : 00C5DE03;
	1438 : 0DC79A23;
	1439 : 00E5D883;
	143a : 0D179B23;
	143b : 0105D803;
	143c : 0D079C23;
	143d : 0125D683;
	143e : 0CD79D23;
	143f : 0145D503;
	1440 : 0CA79E23;
	1441 : 0165D703;
	1442 : 0CE79F23;
	1443 : 0185C583;
	1444 : 0EB78023;
	1445 : 06600793;
	1446 : 02F407A3;
	1447 : 02C40823;
	1448 : 008ED793;
	1449 : 02F408A3;
	144a : 03D40923;
	144b : 008E5793;
	144c : 02F409A3;
	144d : 03C40A23;
	144e : 00835793;
	144f : 02F40AA3;
	1450 : 02640B23;
	1451 : 0088D793;
	1452 : 02F40BA3;
	1453 : 03140C23;
	1454 : 00885793;
	1455 : 02F40CA3;
	1456 : 03040D23;
	1457 : 00855793;
	1458 : 02F40DA3;
	1459 : 02A40E23;
	145a : 0086D793;
	145b : 02F40EA3;
	145c : 02D40F23;
	145d : 00875793;
	145e : 02F40FA3;
	145f : 04E40023;
	1460 : 00A00713;
	1461 : 02000793;
	1462 : 02E58A63;
	1463 : 04F400A3;
	1464 : 01400793;
	1465 : 04F407A3;
	1466 : 04040123;
	1467 : 00040513;
	1468 : A85FF0EF;
	1469 : 00040513;
	146a : BC5FF0EF;
	146b : 00C12083;
	146c : 00812403;
	146d : 01010113;
	146e : 00008067;
	146f : 04000793;
	1470 : FCDFF06F;
	1471 : FF010113;
	1472 : 00112623;
	1473 : 00812423;
	1474 : 00050413;
	1475 : 07000793;
	1476 : 02F507A3;
	1477 : 0105D793;
	1478 : 02F50823;
	1479 : 0085D793;
	147a : 02F508A3;
	147b : 00400793;
	147c : 04F507A3;
	147d : 02B50923;
	147e : 01000793;
	147f : 0AC7F263;
	1480 : 50F50823;
	1481 : 00500793;
	1482 : 04F407A3;
	1483 : 51044783;
	1484 : 02F409A3;
	1485 : 51044783;
	1486 : 0FF7F793;
	1487 : 02078C63;
	1488 : 00000793;
	1489 : 04F44703;
	148a : 00170613;
	148b : 04C407A3;
	148c : 00F68633;
	148d : 00064603;
	148e : 00E40733;
	148f : 02C707A3;
	1490 : 00178793;
	1491 : 0FF7F793;
	1492 : 51044703;
	1493 : 0FF77713;
	1494 : FCE7EAE3;
	1495 : 520400A3;
	1496 : 00040513;
	1497 : 9C9FF0EF;
	1498 : 00040513;
	1499 : B09FF0EF;
	149a : 00100713;
	149b : 00000793;
	149c : 00E51E63;
	149d : 52144783;
	149e : 0FF7F793;
	149f : FE078CE3;
	14a0 : 50842783;
	14a1 : FFD78793;
	14a2 : 0017B793;
	14a3 : 00078513;
	14a4 : 00C12083;
	14a5 : 00812403;
	14a6 : 01010113;
	14a7 : 00008067;
	14a8 : 50C50823;
	14a9 : F61FF06F;
	14aa : FF010113;
	14ab : 00112623;
	14ac : 00812423;
	14ad : 00912223;
	14ae : 00050413;
	14af : 00068493;
	14b0 : 07100793;
	14b1 : 02F507A3;
	14b2 : 0105D793;
	14b3 : 02F50823;
	14b4 : 0085D793;
	14b5 : 02F508A3;
	14b6 : 00400793;
	14b7 : 04F507A3;
	14b8 : 02B50923;
	14b9 : 01000793;
	14ba : 04C7FA63;
	14bb : 50F50823;
	14bc : 00500793;
	14bd : 04F407A3;
	14be : 51044783;
	14bf : 02F409A3;
	14c0 : 520400A3;
	14c1 : 00040513;
	14c2 : 91DFF0EF;
	14c3 : 00040513;
	14c4 : A5DFF0EF;
	14c5 : 00100793;
	14c6 : 06F51263;
	14c7 : 52144783;
	14c8 : 0FF7F793;
	14c9 : FE078CE3;
	14ca : 50842703;
	14cb : 00300793;
	14cc : 00F70A63;
	14cd : 00000513;
	14ce : 0480006F;
	14cf : 50C50823;
	14d0 : FB1FF06F;
	14d1 : 51044783;
	14d2 : 0FF7F793;
	14d3 : 02078A63;
	14d4 : 00000793;
	14d5 : 00F40733;
	14d6 : 51174683;
	14d7 : 00F48733;
	14d8 : 00D70023;
	14d9 : 00178793;
	14da : 0FF7F793;
	14db : 51044703;
	14dc : 0FF77713;
	14dd : FEE7E0E3;
	14de : 0080006F;
	14df : 00000513;
	14e0 : 00C12083;
	14e1 : 00812403;
	14e2 : 00412483;
	14e3 : 01010113;
	14e4 : 00008067;
	14e5 : FF010113;
	14e6 : 00112623;
	14e7 : 00812423;
	14e8 : 00050413;
	14e9 : 00100793;
	14ea : 04F507A3;
	14eb : 06100793;
	14ec : 02F507A3;
	14ed : 00054783;
	14ee : 00079863;
	14ef : 00200793;
	14f0 : 04F507A3;
	14f1 : 02B50823;
	14f2 : 00040513;
	14f3 : 859FF0EF;
	14f4 : 00040513;
	14f5 : 999FF0EF;
	14f6 : 00C12083;
	14f7 : 00812403;
	14f8 : 01010113;
	14f9 : 00008067;
	14fa : FE010113;
	14fb : 00112E23;
	14fc : 00812C23;
	14fd : 00912A23;
	14fe : 01212823;
	14ff : 01312623;
	1500 : 01412423;
	1501 : 01512223;
	1502 : 01612023;
	1503 : 00050413;
	1504 : 00058913;
	1505 : 00658793;
	1506 : 00579793;
	1507 : 00F507B3;
	1508 : 0057C783;
	1509 : 02079263;
	150a : 0B444503;
	150b : 06050263;
	150c : 00000493;
	150d : 00100A93;
	150e : 06000A13;
	150f : 00200B13;
	1510 : 00900993;
	1511 : 0180006F;
	1512 : F4DFF0EF;
	1513 : FDDFF06F;
	1514 : 00148493;
	1515 : 0FF4F493;
	1516 : 0699E063;
	1517 : 0B844783;
	1518 : FE0788E3;
	1519 : 055407A3;
	151a : 034407A3;
	151b : 00044783;
	151c : 00079663;
	151d : 056407A3;
	151e : 03240823;
	151f : 00040513;
	1520 : FA4FF0EF;
	1521 : 00040513;
	1522 : 8E5FF0EF;
	1523 : FC0506E3;
	1524 : 01C12083;
	1525 : 01812403;
	1526 : 01412483;
	1527 : 01012903;
	1528 : 00C12983;
	1529 : 00812A03;
	152a : 00412A83;
	152b : 00012B03;
	152c : 02010113;
	152d : 00008067;
	152e : 00000513;
	152f : FD5FF06F;
	1530 : 00452783;
	1531 : 00400713;
	1532 : 00E7A223;
	1533 : FFC60813;
	1534 : FFC5F593;
	1535 : 00C585B3;
	1536 : 00000793;
	1537 : 0100006F;
	1538 : 00452703;
	1539 : 00F72C23;
	153a : 03058463;
	153b : 00080613;
	153c : 00480813;
	153d : 00080713;
	153e : 00879793;
	153f : 00374683;
	1540 : 00F6E7B3;
	1541 : FFF70713;
	1542 : FEE618E3;
	1543 : FD5FF06F;
	1544 : 00008067;
	1545 : 00452783;
	1546 : 00C00713;
	1547 : 00E7A223;
	1548 : FFC60813;
	1549 : FFC5F593;
	154a : 00C585B3;
	154b : 00000793;
	154c : 0100006F;
	154d : 00452703;
	154e : 00F72C23;
	154f : 03058463;
	1550 : 00080613;
	1551 : 00480813;
	1552 : 00080713;
	1553 : 00879793;
	1554 : 00374683;
	1555 : 00F6E7B3;
	1556 : FFF70713;
	1557 : FEE618E3;
	1558 : FD5FF06F;
	1559 : 00008067;
	155a : FE010113;
	155b : 00112E23;
	155c : 00812C23;
	155d : 00912A23;
	155e : 01212823;
	155f : 01312623;
	1560 : 01412423;
	1561 : 00050413;
	1562 : 00058A13;
	1563 : 50051223;
	1564 : F8100993;
	1565 : 00300913;
	1566 : 01300493;
	1567 : 033407A3;
	1568 : 50445703;
	1569 : 00875793;
	156a : 02F40823;
	156b : 02E408A3;
	156c : 00090793;
	156d : 00070613;
	156e : 00170713;
	156f : 01071713;
	1570 : 01075713;
	1571 : 00078693;
	1572 : 00178793;
	1573 : 0FF7F793;
	1574 : 00C40633;
	1575 : 10464603;
	1576 : 00D406B3;
	1577 : 02C687A3;
	1578 : FC979AE3;
	1579 : 50E41223;
	157a : 049407A3;
	157b : 04C400A3;
	157c : 00040513;
	157d : E30FF0EF;
	157e : 00040513;
	157f : F70FF0EF;
	1580 : 00050863;
	1581 : 50445783;
	1582 : F947EAE3;
	1583 : 00100513;
	1584 : 01C12083;
	1585 : 01812403;
	1586 : 01412483;
	1587 : 01012903;
	1588 : 00C12983;
	1589 : 00812A03;
	158a : 02010113;
	158b : 00008067;
	158c : 01000793;
	158d : 00B7F663;
	158e : 00000513;
	158f : 00008067;
	1590 : FF010113;
	1591 : 00112623;
	1592 : 00812423;
	1593 : 00050413;
	1594 : 07500793;
	1595 : 02F507A3;
	1596 : 02B50823;
	1597 : 01065793;
	1598 : 02F508A3;
	1599 : 00400793;
	159a : 04F507A3;
	159b : 00865613;
	159c : 02C50923;
	159d : DB0FF0EF;
	159e : 00040513;
	159f : EF0FF0EF;
	15a0 : 00C12083;
	15a1 : 00812403;
	15a2 : 01010113;
	15a3 : 00008067;
	15a4 : 50C52503;
	15a5 : 00008067;
	15a6 : 51054503;
	15a7 : 00008067;
	15a8 : 00B50533;
	15a9 : 51154503;
	15aa : 00008067;
	15ab : 00B50533;
	15ac : 50C508A3;
	15ad : 00008067;
	15ae : 50852503;
	15af : FFF50513;
	15b0 : 00153513;
	15b1 : 00008067;
	15b2 : 50852503;
	15b3 : FFE50513;
	15b4 : 00153513;
	15b5 : 00008067;
	15b6 : FF010113;
	15b7 : 00112623;
	15b8 : 51054783;
	15b9 : 0FF7F793;
	15ba : 01000713;
	15bb : 00F77663;
	15bc : 01000793;
	15bd : 50F50823;
	15be : 07200793;
	15bf : 02F507A3;
	15c0 : 00200793;
	15c1 : 04F507A3;
	15c2 : 51054783;
	15c3 : 02F50823;
	15c4 : 51054783;
	15c5 : 0FF7F793;
	15c6 : 04078063;
	15c7 : 00200713;
	15c8 : 00000793;
	15c9 : 00070693;
	15ca : 00170713;
	15cb : 0FF77713;
	15cc : 00F50633;
	15cd : 51164603;
	15ce : 00D506B3;
	15cf : 02C687A3;
	15d0 : 00178793;
	15d1 : 0FF7F793;
	15d2 : 51054683;
	15d3 : 0FF6F693;
	15d4 : FCD7EAE3;
	15d5 : 04E507A3;
	15d6 : CCCFF0EF;
	15d7 : 00C12083;
	15d8 : 01010113;
	15d9 : 00008067;
	15da : FF010113;
	15db : 00112623;
	15dc : 07300713;
	15dd : 02E507A3;
	15de : 00200713;
	15df : 04E507A3;
	15e0 : 02050823;
	15e1 : CA0FF0EF;
	15e2 : 00C12083;
	15e3 : 01010113;
	15e4 : 00008067;
	15e5 : 07452783;
	15e6 : 00B7F7B3;
	15e7 : 00078E63;
	15e8 : 07452783;
	15e9 : FFF5C593;
	15ea : 00F5F5B3;
	15eb : 06B52A23;
	15ec : 00100513;
	15ed : 00008067;
	15ee : 00000513;
	15ef : 00008067;
	15f0 : FE010113;
	15f1 : 00112E23;
	15f2 : 00812C23;
	15f3 : 00912A23;
	15f4 : 01212823;
	15f5 : 01312623;
	15f6 : 00050413;
	15f7 : 00000793;
	15f8 : F8000913;
	15f9 : 00200493;
	15fa : 0F000993;
	15fb : 0100006F;
	15fc : 01078793;
	15fd : 01079793;
	15fe : 0107D793;
	15ff : 50F41223;
	1600 : 032407A3;
	1601 : 049407A3;
	1602 : 02F40823;
	1603 : 00040513;
	1604 : C14FF0EF;
	1605 : 00040513;
	1606 : D54FF0EF;
	1607 : 02050063;
	1608 : 000015B7;
	1609 : 00040513;
	160a : F6DFF0EF;
	160b : FE051AE3;
	160c : 50445783;
	160d : FB379EE3;
	160e : 00100513;
	160f : 01C12083;
	1610 : 01812403;
	1611 : 01412483;
	1612 : 01012903;
	1613 : 00C12983;
	1614 : 02010113;
	1615 : 00008067;
	1616 : 05054783;
	1617 : 00F507B3;
	1618 : 04B78923;
	1619 : 05054783;
	161a : 0FF7F793;
	161b : 01F00713;
	161c : 00F77663;
	161d : 04050823;
	161e : 00008067;
	161f : 05054783;
	1620 : 00178793;
	1621 : 0FF7F793;
	1622 : 04F50823;
	1623 : 00008067;
	1624 : FF010113;
	1625 : 00112623;
	1626 : 00812423;
	1627 : 00050413;
	1628 : 00050523;
	1629 : 00B54703;
	162a : 08100793;
	162b : 02E7E263;
	162c : 00271793;
	162d : 10000737;
	162e : 42C70713;
	162f : 00E787B3;
	1630 : 0007A783;
	1631 : 00078067;
	1632 : 00100793;
	1633 : 00F504A3;
	1634 : 07442783;
	1635 : 50079463;
	1636 : 00C12083;
	1637 : 00812403;
	1638 : 01010113;
	1639 : 00008067;
	163a : 00100793;
	163b : 00F50423;
	163c : FE1FF06F;
	163d : 00C54583;
	163e : F61FF0EF;
	163f : 07442783;
	1640 : 00002737;
	1641 : 00E7E7B3;
	1642 : 06F42A23;
	1643 : FC5FF06F;
	1644 : 00C54783;
	1645 : 0AF50223;
	1646 : 00D54783;
	1647 : 0AF502A3;
	1648 : 00E54783;
	1649 : 0AF50323;
	164a : 00F54783;
	164b : 0AF503A3;
	164c : 01054783;
	164d : 0AF50423;
	164e : 01154783;
	164f : 0AF504A3;
	1650 : 01254783;
	1651 : 0AF50523;
	1652 : 01354783;
	1653 : 0AF505A3;
	1654 : 01454783;
	1655 : 0AF50623;
	1656 : 01554783;
	1657 : 0AF506A3;
	1658 : 01654783;
	1659 : 0AF50723;
	165a : 07452783;
	165b : 0087E793;
	165c : 06F52A23;
	165d : F5DFF06F;
	165e : 0A052A23;
	165f : 07452783;
	1660 : 0047E793;
	1661 : 06F52A23;
	1662 : F49FF06F;
	1663 : 00100793;
	1664 : 0AF52A23;
	1665 : 07452783;
	1666 : 0047E793;
	1667 : 06F52A23;
	1668 : F31FF06F;
	1669 : 00200793;
	166a : 0AF52A23;
	166b : 07452783;
	166c : 0047E793;
	166d : 06F52A23;
	166e : F19FF06F;
	166f : 00C54783;
	1670 : 0AF508A3;
	1671 : 07452783;
	1672 : 0107E793;
	1673 : 06F52A23;
	1674 : F01FF06F;
	1675 : 00100793;
	1676 : 0AF507A3;
	1677 : 0A050823;
	1678 : 0A0508A3;
	1679 : 07452783;
	167a : 0807E793;
	167b : 06F52A23;
	167c : EE1FF06F;
	167d : 00100793;
	167e : 0AF50823;
	167f : 0A0507A3;
	1680 : 0A0508A3;
	1681 : 07452783;
	1682 : 0807E793;
	1683 : 06F52A23;
	1684 : EC1FF06F;
	1685 : 00C54783;
	1686 : 0AF50EA3;
	1687 : 00054703;
	1688 : 00100793;
	1689 : 00F70A63;
	168a : 07442783;
	168b : 0207E793;
	168c : 06F42A23;
	168d : E9DFF06F;
	168e : 00D54783;
	168f : 0AF50F23;
	1690 : FE9FF06F;
	1691 : 00C54783;
	1692 : 0AF50FA3;
	1693 : 00D54783;
	1694 : 0CF50023;
	1695 : 07452783;
	1696 : 0407E793;
	1697 : 06F52A23;
	1698 : E71FF06F;
	1699 : 00100793;
	169a : 0AF50C23;
	169b : 00C54783;
	169c : 0AF50DA3;
	169d : 00D54783;
	169e : 0AF50E23;
	169f : 07452783;
	16a0 : 1007E793;
	16a1 : 06F52A23;
	16a2 : E49FF06F;
	16a3 : 0A050C23;
	16a4 : 00C54783;
	16a5 : 0CF500A3;
	16a6 : 07452783;
	16a7 : 1007E793;
	16a8 : 06F52A23;
	16a9 : E2DFF06F;
	16aa : 00054703;
	16ab : 00000793;
	16ac : 00071463;
	16ad : 00C54783;
	16ae : 00579793;
	16af : 00F407B3;
	16b0 : 00100713;
	16b1 : 0CE782A3;
	16b2 : 0CE78223;
	16b3 : 07442783;
	16b4 : 2007E793;
	16b5 : 06F42A23;
	16b6 : DF9FF06F;
	16b7 : 00054783;
	16b8 : 04079063;
	16b9 : 00C54783;
	16ba : 00678713;
	16bb : 00571713;
	16bc : 00E50733;
	16bd : 00D54683;
	16be : 00D70323;
	16bf : 00579793;
	16c0 : 00F407B3;
	16c1 : 0C0782A3;
	16c2 : 00100713;
	16c3 : 0CE78223;
	16c4 : 07442783;
	16c5 : 2007E793;
	16c6 : 06F42A23;
	16c7 : DB5FF06F;
	16c8 : 00C54783;
	16c9 : 0CF50323;
	16ca : 00000793;
	16cb : FD1FF06F;
	16cc : 00C54703;
	16cd : 01071713;
	16ce : 00D54783;
	16cf : 00879793;
	16d0 : 00E7E7B3;
	16d1 : 00E54703;
	16d2 : 00F767B3;
	16d3 : 0CF52423;
	16d4 : 00F54703;
	16d5 : 01071713;
	16d6 : 01054783;
	16d7 : 00879793;
	16d8 : 00E7E7B3;
	16d9 : 01154703;
	16da : 00F767B3;
	16db : 0CF52623;
	16dc : 01254703;
	16dd : 00871713;
	16de : 01354783;
	16df : 00E7E7B3;
	16e0 : 0CF51823;
	16e1 : 01454703;
	16e2 : 00871713;
	16e3 : 01554783;
	16e4 : 00E7E7B3;
	16e5 : 0CF51A23;
	16e6 : 01654703;
	16e7 : 00871713;
	16e8 : 01754783;
	16e9 : 00E7E7B3;
	16ea : 0CF51923;
	16eb : 01854703;
	16ec : 00871713;
	16ed : 01954783;
	16ee : 00E7E7B3;
	16ef : 0CF51B23;
	16f0 : 01A54703;
	16f1 : 00871713;
	16f2 : 01B54783;
	16f3 : 00E7E7B3;
	16f4 : 0CF51C23;
	16f5 : 01C54703;
	16f6 : 00871713;
	16f7 : 01D54783;
	16f8 : 00E7E7B3;
	16f9 : 0CF51E23;
	16fa : 01E54703;
	16fb : 00871713;
	16fc : 01F54783;
	16fd : 00E7E7B3;
	16fe : 0CF51D23;
	16ff : 02054703;
	1700 : 00871713;
	1701 : 02154783;
	1702 : 00E7E7B3;
	1703 : 0CF51F23;
	1704 : 02354783;
	1705 : 0407F793;
	1706 : 0017B793;
	1707 : 40F007B3;
	1708 : FFE7F793;
	1709 : 00A78793;
	170a : 0EF50023;
	170b : 07452783;
	170c : 4007E793;
	170d : 06F52A23;
	170e : C99FF06F;
	170f : 00100793;
	1710 : 50F52423;
	1711 : 00C54783;
	1712 : 01079793;
	1713 : 50F52623;
	1714 : 50C52703;
	1715 : 00D54783;
	1716 : 00879793;
	1717 : 00E7E7B3;
	1718 : 50F52623;
	1719 : 50C52703;
	171a : 00E54783;
	171b : 00E7E7B3;
	171c : 50F52623;
	171d : 00F54783;
	171e : 50F50823;
	171f : 51054783;
	1720 : 0FF7F793;
	1721 : 02078463;
	1722 : 00000793;
	1723 : 00F40733;
	1724 : 01074683;
	1725 : 50D708A3;
	1726 : 00178793;
	1727 : 0FF7F793;
	1728 : 51044703;
	1729 : 0FF77713;
	172a : FEE7E2E3;
	172b : 07442783;
	172c : 00001737;
	172d : 80070713;
	172e : 00E7E7B3;
	172f : 06F42A23;
	1730 : C11FF06F;
	1731 : 00200793;
	1732 : 50F52423;
	1733 : 00C54783;
	1734 : 01079793;
	1735 : 50F52623;
	1736 : 50C52703;
	1737 : 00D54783;
	1738 : 00879793;
	1739 : 00E7E7B3;
	173a : 50F52623;
	173b : 50C52703;
	173c : 00E54783;
	173d : 00E7E7B3;
	173e : 50F52623;
	173f : 00F54783;
	1740 : 50F50823;
	1741 : 07452783;
	1742 : 00001737;
	1743 : 80070713;
	1744 : 00E7E7B3;
	1745 : 06F52A23;
	1746 : BB9FF06F;
	1747 : 00300793;
	1748 : 50F52423;
	1749 : 50052623;
	174a : 00C54783;
	174b : 50F50823;
	174c : 51054783;
	174d : 0FF7F793;
	174e : 02078A63;
	174f : 51054783;
	1750 : 0FF7F793;
	1751 : 02078463;
	1752 : 00000793;
	1753 : 00F40733;
	1754 : 00D74683;
	1755 : 50D708A3;
	1756 : 00178793;
	1757 : 0FF7F793;
	1758 : 51044703;
	1759 : 0FF77713;
	175a : FEE7E2E3;
	175b : 00100793;
	175c : 52F400A3;
	175d : B5DFF06F;
	175e : 00400793;
	175f : 50F52423;
	1760 : 50052623;
	1761 : 50050823;
	1762 : 00100793;
	1763 : 52F500A3;
	1764 : B41FF06F;
	1765 : 50455783;
	1766 : 00C50713;
	1767 : 01C50593;
	1768 : 00078693;
	1769 : 00178793;
	176a : 01079793;
	176b : 0107D793;
	176c : 00074603;
	176d : 00D406B3;
	176e : 10C68223;
	176f : 00170713;
	1770 : FEB710E3;
	1771 : 50F41223;
	1772 : 07442783;
	1773 : 00001737;
	1774 : 00E7E7B3;
	1775 : 06F42A23;
	1776 : AF9FF06F;
	1777 : 00400593;
	1778 : 00040513;
	1779 : 9B1FF0EF;
	177a : 00050A63;
	177b : 07842783;
	177c : 00078663;
	177d : 00040513;
	177e : 000780E7;
	177f : 00800593;
	1780 : 00040513;
	1781 : 991FF0EF;
	1782 : 00050A63;
	1783 : 07C42783;
	1784 : 00078663;
	1785 : 00040513;
	1786 : 000780E7;
	1787 : 01000593;
	1788 : 00040513;
	1789 : 971FF0EF;
	178a : 00050C63;
	178b : 08442783;
	178c : 00078863;
	178d : 00040513;
	178e : 000780E7;
	178f : 00C0006F;
	1790 : 00040513;
	1791 : E75FE0EF;
	1792 : 02000593;
	1793 : 00040513;
	1794 : 945FF0EF;
	1795 : 00050A63;
	1796 : 08842783;
	1797 : 00078663;
	1798 : 00040513;
	1799 : 000780E7;
	179a : 04000593;
	179b : 00040513;
	179c : 925FF0EF;
	179d : 00050A63;
	179e : 08C42783;
	179f : 00078663;
	17a0 : 00040513;
	17a1 : 000780E7;
	17a2 : 08000593;
	17a3 : 00040513;
	17a4 : 905FF0EF;
	17a5 : 00050A63;
	17a6 : 08042783;
	17a7 : 00078663;
	17a8 : 00040513;
	17a9 : 000780E7;
	17aa : 10000593;
	17ab : 00040513;
	17ac : 8E5FF0EF;
	17ad : 00050A63;
	17ae : 09042783;
	17af : 00078663;
	17b0 : 00040513;
	17b1 : 000780E7;
	17b2 : 20000593;
	17b3 : 00040513;
	17b4 : 8C5FF0EF;
	17b5 : 00050A63;
	17b6 : 09442783;
	17b7 : 00078663;
	17b8 : 00040513;
	17b9 : 000780E7;
	17ba : 40000593;
	17bb : 00040513;
	17bc : 8A5FF0EF;
	17bd : 00050A63;
	17be : 09842783;
	17bf : 00078663;
	17c0 : 00040513;
	17c1 : 000780E7;
	17c2 : 000015B7;
	17c3 : 80058593;
	17c4 : 00040513;
	17c5 : 881FF0EF;
	17c6 : 00050A63;
	17c7 : 09C42783;
	17c8 : 00078663;
	17c9 : 00040513;
	17ca : 000780E7;
	17cb : 000025B7;
	17cc : 00040513;
	17cd : 861FF0EF;
	17ce : 00050A63;
	17cf : 0A042783;
	17d0 : 00078663;
	17d1 : 00040513;
	17d2 : 000780E7;
	17d3 : 06042A23;
	17d4 : 989FF06F;
	17d5 : FF010113;
	17d6 : 00112623;
	17d7 : 00812423;
	17d8 : 00912223;
	17d9 : 00452483;
	17da : 0084A783;
	17db : 0017F713;
	17dc : 00070863;
	17dd : 00050413;
	17de : 0087F793;
	17df : 00078C63;
	17e0 : 00C12083;
	17e1 : 00812403;
	17e2 : 00412483;
	17e3 : 01010113;
	17e4 : 00008067;
	17e5 : D4DFE0EF;
	17e6 : 00050593;
	17e7 : 00040513;
	17e8 : D55FE0EF;
	17e9 : 00100793;
	17ea : 00F4A423;
	17eb : 00A44783;
	17ec : FC0788E3;
	17ed : 00040513;
	17ee : 8D9FF0EF;
	17ef : FC5FF06F;
	17f0 : 00050793;
	17f1 : 05154703;
	17f2 : 00E50733;
	17f3 : 05274503;
	17f4 : 0FF57513;
	17f5 : 0517C703;
	17f6 : 0FF77713;
	17f7 : 01F00693;
	17f8 : 00E6F663;
	17f9 : 040788A3;
	17fa : 00008067;
	17fb : 0517C703;
	17fc : 00170713;
	17fd : 0FF77713;
	17fe : 04E788A3;
	17ff : 00008067;
	1800 : 0C85AE03;
	1801 : 0CC5A303;
	1802 : 0D05A883;
	1803 : 0D45A803;
	1804 : 0D85A603;
	1805 : 0DC5A683;
	1806 : 0E05A703;
	1807 : 01C52023;
	1808 : 00652223;
	1809 : 01152423;
	180a : 01052623;
	180b : 00C52823;
	180c : 00D52A23;
	180d : 00E52C23;
	180e : 00008067;
	180f : 0A45C283;
	1810 : 0A55CF83;
	1811 : 0A65CF03;
	1812 : 0A75CE83;
	1813 : 0A85CE03;
	1814 : 0A95C303;
	1815 : 0AA5C883;
	1816 : 0AB5C803;
	1817 : 0AC5C603;
	1818 : 0AD5C683;
	1819 : 0AE5C703;
	181a : 00550023;
	181b : 01F500A3;
	181c : 01E50123;
	181d : 01D501A3;
	181e : 01C50223;
	181f : 006502A3;
	1820 : 01150323;
	1821 : 010503A3;
	1822 : 00C50423;
	1823 : 00D504A3;
	1824 : 00E50523;
	1825 : 00008067;
	1826 : 00054503;
	1827 : 00008067;
	1828 : 00B50533;
	1829 : 10454503;
	182a : 00008067;
	182b : 00B50533;
	182c : 10C50223;
	182d : 00008067;
	182e : 0BD54503;
	182f : 00008067;
	1830 : 0BE54503;
	1831 : 00008067;
	1832 : 0BF54503;
	1833 : 00008067;
	1834 : 0C054503;
	1835 : 00008067;
	1836 : FF010113;
	1837 : 00112623;
	1838 : 00812423;
	1839 : 00912223;
	183a : 00050413;
	183b : 00100493;
	183c : 049507A3;
	183d : F9000793;
	183e : 02F507A3;
	183f : B29FE0EF;
	1840 : 00040513;
	1841 : C69FE0EF;
	1842 : 00950E63;
	1843 : 00200513;
	1844 : 00C12083;
	1845 : 00812403;
	1846 : 00412483;
	1847 : 01010113;
	1848 : 00008067;
	1849 : 00C44503;
	184a : FE9FF06F;
	184b : FF010113;
	184c : 00112623;
	184d : 00812423;
	184e : 00912223;
	184f : 00050413;
	1850 : 00100493;
	1851 : 049507A3;
	1852 : F9100793;
	1853 : 02F507A3;
	1854 : AD5FE0EF;
	1855 : 00040513;
	1856 : C15FE0EF;
	1857 : 00950E63;
	1858 : 00200513;
	1859 : 00C12083;
	185a : 00812403;
	185b : 00412483;
	185c : 01010113;
	185d : 00008067;
	185e : 00C44503;
	185f : FE9FF06F;
	1860 : FF010113;
	1861 : 00112623;
	1862 : 00812423;
	1863 : 00050413;
	1864 : 100005B7;
	1865 : 63458593;
	1866 : 1000E537;
	1867 : 2CC50513;
	1868 : C34FA0EF;
	1869 : 00040513;
	186a : 9EDFE0EF;
	186b : 00100793;
	186c : 02F50263;
	186d : 00200793;
	186e : 04F50063;
	186f : 100005B7;
	1870 : 65458593;
	1871 : 1000E537;
	1872 : 2CC50513;
	1873 : C08FA0EF;
	1874 : 0180006F;
	1875 : 100005B7;
	1876 : 63C58593;
	1877 : 1000E537;
	1878 : 2CC50513;
	1879 : BF0FA0EF;
	187a : 00C12083;
	187b : 00812403;
	187c : 01010113;
	187d : 00008067;
	187e : 100005B7;
	187f : 64858593;
	1880 : 1000E537;
	1881 : 2CC50513;
	1882 : BCCFA0EF;
	1883 : FDDFF06F;
	1884 : FE010113;
	1885 : 00112E23;
	1886 : 00812C23;
	1887 : 00050413;
	1888 : 00050593;
	1889 : 00410513;
	188a : E15FF0EF;
	188b : 00044783;
	188c : 0E079463;
	188d : 100005B7;
	188e : 63458593;
	188f : 1000E537;
	1890 : 2CC50513;
	1891 : B90FA0EF;
	1892 : 1000E437;
	1893 : 00514683;
	1894 : 00414603;
	1895 : 100005B7;
	1896 : 66858593;
	1897 : 2CC40513;
	1898 : B74FA0EF;
	1899 : 00714683;
	189a : 00614603;
	189b : 100005B7;
	189c : 67858593;
	189d : 2CC40513;
	189e : B5CFA0EF;
	189f : 00814603;
	18a0 : 100005B7;
	18a1 : 68458593;
	18a2 : 2CC40513;
	18a3 : B48FA0EF;
	18a4 : 00914603;
	18a5 : 100005B7;
	18a6 : 69058593;
	18a7 : 2CC40513;
	18a8 : B34FA0EF;
	18a9 : 00A14603;
	18aa : 100005B7;
	18ab : 69C58593;
	18ac : 2CC40513;
	18ad : B20FA0EF;
	18ae : 00B14603;
	18af : 100005B7;
	18b0 : 6A858593;
	18b1 : 2CC40513;
	18b2 : B0CFA0EF;
	18b3 : 00C14603;
	18b4 : 100005B7;
	18b5 : 6B858593;
	18b6 : 2CC40513;
	18b7 : AF8FA0EF;
	18b8 : 00D14603;
	18b9 : 100005B7;
	18ba : 6D058593;
	18bb : 2CC40513;
	18bc : AE4FA0EF;
	18bd : 00E14603;
	18be : 100005B7;
	18bf : 6E458593;
	18c0 : 2CC40513;
	18c1 : AD0FA0EF;
	18c2 : 01C12083;
	18c3 : 01812403;
	18c4 : 02010113;
	18c5 : 00008067;
	18c6 : 100005B7;
	18c7 : 66058593;
	18c8 : 1000E537;
	18c9 : 2CC50513;
	18ca : AACFA0EF;
	18cb : F1DFF06F;
	18cc : FF010113;
	18cd : 00112623;
	18ce : 00812423;
	18cf : 00050413;
	18d0 : 1000E537;
	18d1 : 6D050513;
	18d2 : 8D5FE0EF;
	18d3 : 00040513;
	18d4 : 969FE0EF;
	18d5 : 00C12083;
	18d6 : 00812403;
	18d7 : 01010113;
	18d8 : 00008067;
	18d9 : FF010113;
	18da : 00112623;
	18db : 00812423;
	18dc : 00050413;
	18dd : 00054783;
	18de : 04079463;
	18df : 100005B7;
	18e0 : 63458593;
	18e1 : 1000E537;
	18e2 : 2CC50513;
	18e3 : A48FA0EF;
	18e4 : 00040513;
	18e5 : 87DFE0EF;
	18e6 : 04050063;
	18e7 : 100005B7;
	18e8 : 6F458593;
	18e9 : 1000E537;
	18ea : 2CC50513;
	18eb : A28FA0EF;
	18ec : 00C12083;
	18ed : 00812403;
	18ee : 01010113;
	18ef : 00008067;
	18f0 : 100005B7;
	18f1 : 66058593;
	18f2 : 1000E537;
	18f3 : 2CC50513;
	18f4 : A04FA0EF;
	18f5 : FBDFF06F;
	18f6 : 100005B7;
	18f7 : 70458593;
	18f8 : 1000E537;
	18f9 : 2CC50513;
	18fa : 9ECFA0EF;
	18fb : FC5FF06F;
	18fc : FF010113;
	18fd : 00112623;
	18fe : 00812423;
	18ff : 00050413;
	1900 : 00054783;
	1901 : 08079063;
	1902 : 100005B7;
	1903 : 63458593;
	1904 : 1000E537;
	1905 : 2CC50513;
	1906 : 9BCFA0EF;
	1907 : 00040513;
	1908 : F88FE0EF;
	1909 : 10050063;
	190a : 00040513;
	190b : F88FE0EF;
	190c : 00050613;
	190d : 100005B7;
	190e : 71858593;
	190f : 1000E537;
	1910 : 2CC50513;
	1911 : 990FA0EF;
	1912 : 00040513;
	1913 : F70FE0EF;
	1914 : 01400793;
	1915 : 0AF50063;
	1916 : 04A7E263;
	1917 : 00600793;
	1918 : 04F50E63;
	1919 : 00A00793;
	191a : 0AF51263;
	191b : 100005B7;
	191c : 74458593;
	191d : 1000E537;
	191e : 2CC50513;
	191f : 958FA0EF;
	1920 : 0500006F;
	1921 : 100005B7;
	1922 : 66058593;
	1923 : 1000E537;
	1924 : 2CC50513;
	1925 : 940FA0EF;
	1926 : F85FF06F;
	1927 : 01E00793;
	1928 : 06F51663;
	1929 : 100005B7;
	192a : 75C58593;
	192b : 1000E537;
	192c : 2CC50513;
	192d : 920FA0EF;
	192e : 0180006F;
	192f : 100005B7;
	1930 : 73858593;
	1931 : 1000E537;
	1932 : 2CC50513;
	1933 : 908FA0EF;
	1934 : 00044783;
	1935 : 00079863;
	1936 : 1000F7B7;
	1937 : 00100713;
	1938 : BEE78A23;
	1939 : 00C12083;
	193a : 00812403;
	193b : 01010113;
	193c : 00008067;
	193d : 100005B7;
	193e : 75058593;
	193f : 1000E537;
	1940 : 2CC50513;
	1941 : 8D0FA0EF;
	1942 : FC9FF06F;
	1943 : 100005B7;
	1944 : 25C58593;
	1945 : 1000E537;
	1946 : 2CC50513;
	1947 : 8B8FA0EF;
	1948 : FB1FF06F;
	1949 : 100005B7;
	194a : 76858593;
	194b : 1000E537;
	194c : 2CC50513;
	194d : 8A0FA0EF;
	194e : 00040513;
	194f : E88FE0EF;
	1950 : 00900793;
	1951 : 0EA7EA63;
	1952 : 00251513;
	1953 : 100017B7;
	1954 : 4BC78793;
	1955 : 00F50533;
	1956 : 00052783;
	1957 : 00078067;
	1958 : 100005B7;
	1959 : 77858593;
	195a : 1000E537;
	195b : 2CC50513;
	195c : 864FA0EF;
	195d : F71FF06F;
	195e : 100005B7;
	195f : 78458593;
	1960 : 1000E537;
	1961 : 2CC50513;
	1962 : 84CFA0EF;
	1963 : F59FF06F;
	1964 : 100005B7;
	1965 : 79458593;
	1966 : 1000E537;
	1967 : 2CC50513;
	1968 : 834FA0EF;
	1969 : F41FF06F;
	196a : 100005B7;
	196b : 7A858593;
	196c : 1000E537;
	196d : 2CC50513;
	196e : 81CFA0EF;
	196f : F29FF06F;
	1970 : 100005B7;
	1971 : 7C058593;
	1972 : 1000E537;
	1973 : 2CC50513;
	1974 : 804FA0EF;
	1975 : F11FF06F;
	1976 : 100005B7;
	1977 : 7D058593;
	1978 : 1000E537;
	1979 : 2CC50513;
	197a : FEDF90EF;
	197b : EF9FF06F;
	197c : 100005B7;
	197d : 7E058593;
	197e : 1000E537;
	197f : 2CC50513;
	1980 : FD5F90EF;
	1981 : EE1FF06F;
	1982 : 100005B7;
	1983 : 7E858593;
	1984 : 1000E537;
	1985 : 2CC50513;
	1986 : FBDF90EF;
	1987 : EC9FF06F;
	1988 : 100005B7;
	1989 : 7F058593;
	198a : 1000E537;
	198b : 2CC50513;
	198c : FA5F90EF;
	198d : EB1FF06F;
	198e : 100005B7;
	198f : 1F058593;
	1990 : 1000E537;
	1991 : 2CC50513;
	1992 : F8DF90EF;
	1993 : E99FF06F;
	1994 : FE010113;
	1995 : 00112E23;
	1996 : 00812C23;
	1997 : 00912A23;
	1998 : 01212823;
	1999 : 01312623;
	199a : 01412423;
	199b : 01512223;
	199c : 01612023;
	199d : 00050913;
	199e : 00054983;
	199f : 0019B993;
	19a0 : 00198993;
	19a1 : 0C450493;
	19a2 : 00000413;
	19a3 : 1000EB37;
	19a4 : 10001AB7;
	19a5 : 0C00006F;
	19a6 : 100005B7;
	19a7 : 66058593;
	19a8 : 1000E537;
	19a9 : 2CC50513;
	19aa : F2DF90EF;
	19ab : 0D00006F;
	19ac : 100015B7;
	19ad : 82458593;
	19ae : 1000E537;
	19af : 2CC50513;
	19b0 : F15F90EF;
	19b1 : 000A0593;
	19b2 : 00090513;
	19b3 : D30FE0EF;
	19b4 : 00300793;
	19b5 : 0EF50263;
	19b6 : 02A7E663;
	19b7 : 00100793;
	19b8 : 04F50263;
	19b9 : 00200793;
	19ba : 0EF51463;
	19bb : 100015B7;
	19bc : 84C58593;
	19bd : 1000E537;
	19be : 2CC50513;
	19bf : ED9F90EF;
	19c0 : 0380006F;
	19c1 : 00400793;
	19c2 : 0CF51463;
	19c3 : 100005B7;
	19c4 : 77C58593;
	19c5 : 1000E537;
	19c6 : 2CC50513;
	19c7 : EB9F90EF;
	19c8 : 0180006F;
	19c9 : 100015B7;
	19ca : 82C58593;
	19cb : 1000E537;
	19cc : 2CC50513;
	19cd : EA1F90EF;
	19ce : 00094703;
	19cf : 00100793;
	19d0 : 0AF70463;
	19d1 : 00140413;
	19d2 : 02048493;
	19d3 : 0FF47793;
	19d4 : 0B37F463;
	19d5 : 0004C783;
	19d6 : FE0786E3;
	19d7 : 00048023;
	19d8 : 00094783;
	19d9 : F2079AE3;
	19da : 100005B7;
	19db : 63458593;
	19dc : 1000E537;
	19dd : 2CC50513;
	19de : E5DF90EF;
	19df : 0FF47A13;
	19e0 : 00040613;
	19e1 : 80CA8593;
	19e2 : 2CCB0513;
	19e3 : E49F90EF;
	19e4 : 000A0593;
	19e5 : 00090513;
	19e6 : C4CFE0EF;
	19e7 : F0050AE3;
	19e8 : 100015B7;
	19e9 : 82058593;
	19ea : 1000E537;
	19eb : 2CC50513;
	19ec : E25F90EF;
	19ed : F91FF06F;
	19ee : 100015B7;
	19ef : 83858593;
	19f0 : 1000E537;
	19f1 : 2CC50513;
	19f2 : E0DF90EF;
	19f3 : F6DFF06F;
	19f4 : 100005B7;
	19f5 : 1F058593;
	19f6 : 1000E537;
	19f7 : 2CC50513;
	19f8 : DF5F90EF;
	19f9 : F55FF06F;
	19fa : 1000F7B7;
	19fb : 00100713;
	19fc : BEE78A23;
	19fd : F51FF06F;
	19fe : 01C12083;
	19ff : 01812403;
	1a00 : 01412483;
	1a01 : 01012903;
	1a02 : 00C12983;
	1a03 : 00812A03;
	1a04 : 00412A83;
	1a05 : 00012B03;
	1a06 : 02010113;
	1a07 : 00008067;
	1a08 : FD010113;
	1a09 : 02112623;
	1a0a : 02812423;
	1a0b : 02912223;
	1a0c : 00050493;
	1a0d : 1000E437;
	1a0e : 100015B7;
	1a0f : 85458593;
	1a10 : 2CC40513;
	1a11 : D91F90EF;
	1a12 : 00048593;
	1a13 : 00410513;
	1a14 : FB0FF0EF;
	1a15 : 00412603;
	1a16 : 100015B7;
	1a17 : 86058593;
	1a18 : 2CC40513;
	1a19 : D71F90EF;
	1a1a : 00812603;
	1a1b : 100015B7;
	1a1c : 86C58593;
	1a1d : 2CC40513;
	1a1e : D5DF90EF;
	1a1f : 00C15603;
	1a20 : 100015B7;
	1a21 : 87C58593;
	1a22 : 2CC40513;
	1a23 : D49F90EF;
	1a24 : 01015603;
	1a25 : 100015B7;
	1a26 : 88C58593;
	1a27 : 2CC40513;
	1a28 : D35F90EF;
	1a29 : 00E15603;
	1a2a : 100015B7;
	1a2b : 89C58593;
	1a2c : 2CC40513;
	1a2d : D21F90EF;
	1a2e : 01215603;
	1a2f : 100015B7;
	1a30 : 8AC58593;
	1a31 : 2CC40513;
	1a32 : D0DF90EF;
	1a33 : 01415603;
	1a34 : 100015B7;
	1a35 : 8BC58593;
	1a36 : 2CC40513;
	1a37 : CF9F90EF;
	1a38 : 01815603;
	1a39 : 100015B7;
	1a3a : 8CC58593;
	1a3b : 2CC40513;
	1a3c : CE5F90EF;
	1a3d : 01615603;
	1a3e : 100015B7;
	1a3f : 8DC58593;
	1a40 : 2CC40513;
	1a41 : CD1F90EF;
	1a42 : 01A15603;
	1a43 : 100015B7;
	1a44 : 8EC58593;
	1a45 : 2CC40513;
	1a46 : CBDF90EF;
	1a47 : 01C14603;
	1a48 : 100015B7;
	1a49 : 8FC58593;
	1a4a : 2CC40513;
	1a4b : CA9F90EF;
	1a4c : 1000F7B7;
	1a4d : 00100713;
	1a4e : BEE78B23;
	1a4f : 02C12083;
	1a50 : 02812403;
	1a51 : 02412483;
	1a52 : 03010113;
	1a53 : 00008067;
	1a54 : FE010113;
	1a55 : 00112E23;
	1a56 : 00812C23;
	1a57 : 00912A23;
	1a58 : 01212823;
	1a59 : 01312623;
	1a5a : 01412423;
	1a5b : 00050493;
	1a5c : 100015B7;
	1a5d : 90858593;
	1a5e : 1000E537;
	1a5f : 2CC50513;
	1a60 : C55F90EF;
	1a61 : 00048513;
	1a62 : D09FE0EF;
	1a63 : 00050993;
	1a64 : 00048513;
	1a65 : D05FE0EF;
	1a66 : 00050913;
	1a67 : 00048513;
	1a68 : D19FE0EF;
	1a69 : 08050663;
	1a6a : 100015B7;
	1a6b : 91858593;
	1a6c : 1000E537;
	1a6d : 2CC50513;
	1a6e : C1DF90EF;
	1a6f : 00048513;
	1a70 : D19FE0EF;
	1a71 : 1000E437;
	1a72 : 00098613;
	1a73 : 100015B7;
	1a74 : 93058593;
	1a75 : 2CC40513;
	1a76 : BFDF90EF;
	1a77 : 00090613;
	1a78 : 100015B7;
	1a79 : 94058593;
	1a7a : 2CC40513;
	1a7b : BE9F90EF;
	1a7c : 00048513;
	1a7d : CC5FE0EF;
	1a7e : 0A051063;
	1a7f : 100015B7;
	1a80 : 98058593;
	1a81 : 1000E537;
	1a82 : 2CC50513;
	1a83 : BC9F90EF;
	1a84 : 01C12083;
	1a85 : 01812403;
	1a86 : 01412483;
	1a87 : 01012903;
	1a88 : 00C12983;
	1a89 : 00812A03;
	1a8a : 02010113;
	1a8b : 00008067;
	1a8c : 00050413;
	1a8d : 00048513;
	1a8e : C91FE0EF;
	1a8f : 04050263;
	1a90 : 100015B7;
	1a91 : 92058593;
	1a92 : 1000E537;
	1a93 : 2CC50513;
	1a94 : B85F90EF;
	1a95 : 02090063;
	1a96 : 00040613;
	1a97 : 00040593;
	1a98 : 00048513;
	1a99 : C49FE0EF;
	1a9a : 00140413;
	1a9b : 0FF47413;
	1a9c : FE8914E3;
	1a9d : 00048513;
	1a9e : C61FE0EF;
	1a9f : F49FF06F;
	1aa0 : 100015B7;
	1aa1 : 92858593;
	1aa2 : 1000E537;
	1aa3 : 2CC50513;
	1aa4 : B45F90EF;
	1aa5 : F31FF06F;
	1aa6 : 100015B7;
	1aa7 : 95058593;
	1aa8 : 2CC40513;
	1aa9 : B31F90EF;
	1aaa : F4090AE3;
	1aab : 00000413;
	1aac : 1000EA37;
	1aad : 100019B7;
	1aae : 00040593;
	1aaf : 00048513;
	1ab0 : BE1FE0EF;
	1ab1 : 00050613;
	1ab2 : 95C98593;
	1ab3 : 2CCA0513;
	1ab4 : B05F90EF;
	1ab5 : 00140413;
	1ab6 : 0FF47413;
	1ab7 : FC891EE3;
	1ab8 : F1DFF06F;
	1ab9 : FF010113;
	1aba : 00112623;
	1abb : 00812423;
	1abc : 00050413;
	1abd : 00054783;
	1abe : 04079463;
	1abf : 100005B7;
	1ac0 : 63458593;
	1ac1 : 1000E537;
	1ac2 : 2CC50513;
	1ac3 : AC9F90EF;
	1ac4 : 00040513;
	1ac5 : CACFF0EF;
	1ac6 : 00050613;
	1ac7 : 100015B7;
	1ac8 : 96058593;
	1ac9 : 1000E537;
	1aca : 2CC50513;
	1acb : AA9F90EF;
	1acc : 00C12083;
	1acd : 00812403;
	1ace : 01010113;
	1acf : 00008067;
	1ad0 : 100005B7;
	1ad1 : 66058593;
	1ad2 : 1000E537;
	1ad3 : 2CC50513;
	1ad4 : A85F90EF;
	1ad5 : FBDFF06F;
	1ad6 : FF010113;
	1ad7 : 00112623;
	1ad8 : 00812423;
	1ad9 : 00912223;
	1ada : 00A03433;
	1adb : 00141413;
	1adc : 00240413;
	1add : 00040593;
	1ade : 100004B7;
	1adf : 00848513;
	1ae0 : CA5F90EF;
	1ae1 : 00040593;
	1ae2 : 00848513;
	1ae3 : CA5F90EF;
	1ae4 : 00C12083;
	1ae5 : 00812403;
	1ae6 : 00412483;
	1ae7 : 01010113;
	1ae8 : 00008067;
	1ae9 : FF010113;
	1aea : 00112623;
	1aeb : 10001537;
	1aec : 96C50513;
	1aed : E38F90EF;
	1aee : 10001537;
	1aef : 97850513;
	1af0 : E2CF90EF;
	1af1 : 10001537;
	1af2 : 98450513;
	1af3 : E20F90EF;
	1af4 : 10001537;
	1af5 : 99050513;
	1af6 : E14F90EF;
	1af7 : 10001537;
	1af8 : 99C50513;
	1af9 : E08F90EF;
	1afa : 10001537;
	1afb : 9A850513;
	1afc : DFCF90EF;
	1afd : 10001537;
	1afe : 9B850513;
	1aff : DF0F90EF;
	1b00 : 10001537;
	1b01 : 9C850513;
	1b02 : DE4F90EF;
	1b03 : 10001537;
	1b04 : 9D850513;
	1b05 : DD8F90EF;
	1b06 : 10001537;
	1b07 : 9E450513;
	1b08 : DCCF90EF;
	1b09 : 10001537;
	1b0a : 9F050513;
	1b0b : DC0F90EF;
	1b0c : 10001537;
	1b0d : 9FC50513;
	1b0e : DB4F90EF;
	1b0f : 10001537;
	1b10 : A0850513;
	1b11 : DA8F90EF;
	1b12 : 10001537;
	1b13 : A1450513;
	1b14 : D9CF90EF;
	1b15 : 10001537;
	1b16 : A2050513;
	1b17 : D90F90EF;
	1b18 : 10001537;
	1b19 : A3050513;
	1b1a : D84F90EF;
	1b1b : 10001537;
	1b1c : A4050513;
	1b1d : D78F90EF;
	1b1e : 10001537;
	1b1f : A5450513;
	1b20 : D6CF90EF;
	1b21 : 10001537;
	1b22 : 98050513;
	1b23 : D60F90EF;
	1b24 : 00C12083;
	1b25 : 01010113;
	1b26 : 00008067;
	1b27 : FF010113;
	1b28 : 00112623;
	1b29 : 00812423;
	1b2a : 00912223;
	1b2b : 00A00793;
	1b2c : 00300493;
	1b2d : 00F50A63;
	1b2e : 01400793;
	1b2f : 00400493;
	1b30 : 00F50463;
	1b31 : 00100493;
	1b32 : 1000F437;
	1b33 : 2CC40413;
	1b34 : 000215B7;
	1b35 : F5858593;
	1b36 : 93440513;
	1b37 : AB5FC0EF;
	1b38 : 00048593;
	1b39 : 97440513;
	1b3a : 150020EF;
	1b3b : 00C12083;
	1b3c : 00812403;
	1b3d : 00412483;
	1b3e : 01010113;
	1b3f : 00008067;
	1b40 : FF010113;
	1b41 : 00112623;
	1b42 : 00812423;
	1b43 : 00050413;
	1b44 : BA8FF0EF;
	1b45 : F89FF0EF;
	1b46 : 00040513;
	1b47 : F75FD0EF;
	1b48 : 00C12083;
	1b49 : 00812403;
	1b4a : 01010113;
	1b4b : 00008067;
	1b4c : FF010113;
	1b4d : 00112623;
	1b4e : 00058613;
	1b4f : 00050593;
	1b50 : 1000F537;
	1b51 : C4050513;
	1b52 : 355010EF;
	1b53 : 00C12083;
	1b54 : 01010113;
	1b55 : 00008067;
	1b56 : FF010113;
	1b57 : 00112623;
	1b58 : 00812423;
	1b59 : 00912223;
	1b5a : 00050413;
	1b5b : B5CFF0EF;
	1b5c : 00050493;
	1b5d : 00040513;
	1b5e : B58FF0EF;
	1b5f : 00050593;
	1b60 : 00048513;
	1b61 : FADFF0EF;
	1b62 : 00040513;
	1b63 : F05FD0EF;
	1b64 : 00C12083;
	1b65 : 00812403;
	1b66 : 00412483;
	1b67 : 01010113;
	1b68 : 00008067;
	1b69 : FF010113;
	1b6a : 00112623;
	1b6b : 01400793;
	1b6c : 00400593;
	1b6d : 02F50063;
	1b6e : 01E00793;
	1b6f : 00500593;
	1b70 : 00F50A63;
	1b71 : 00A00793;
	1b72 : 00300593;
	1b73 : 00F50463;
	1b74 : 00100593;
	1b75 : 1000F537;
	1b76 : C4050513;
	1b77 : 35C020EF;
	1b78 : 00C12083;
	1b79 : 01010113;
	1b7a : 00008067;
	1b7b : FF010113;
	1b7c : 00112623;
	1b7d : 00812423;
	1b7e : 00912223;
	1b7f : 00050413;
	1b80 : AB8FF0EF;
	1b81 : 00050493;
	1b82 : 00040513;
	1b83 : AB4FF0EF;
	1b84 : 00050593;
	1b85 : 00048513;
	1b86 : F8DFF0EF;
	1b87 : 00040513;
	1b88 : E71FD0EF;
	1b89 : 00C12083;
	1b8a : 00812403;
	1b8b : 00412483;
	1b8c : 01010113;
	1b8d : 00008067;
	1b8e : FF010113;
	1b8f : 00112623;
	1b90 : 00812423;
	1b91 : 10001537;
	1b92 : A6850513;
	1b93 : BA0F90EF;
	1b94 : 1000F437;
	1b95 : D1840413;
	1b96 : 00040513;
	1b97 : AD0FD0EF;
	1b98 : 00050593;
	1b99 : 10001537;
	1b9a : A7050513;
	1b9b : B80F90EF;
	1b9c : 00040513;
	1b9d : AD8FD0EF;
	1b9e : 00050593;
	1b9f : 10001537;
	1ba0 : A7C50513;
	1ba1 : B68F90EF;
	1ba2 : 00040513;
	1ba3 : ADCFD0EF;
	1ba4 : 00050593;
	1ba5 : 10001537;
	1ba6 : A9050513;
	1ba7 : B50F90EF;
	1ba8 : 10001537;
	1ba9 : AA450513;
	1baa : B44F90EF;
	1bab : 10001537;
	1bac : AB850513;
	1bad : B38F90EF;
	1bae : 00040513;
	1baf : ACCFD0EF;
	1bb0 : 00050593;
	1bb1 : 12054E63;
	1bb2 : 10001537;
	1bb3 : A7850513;
	1bb4 : B1CF90EF;
	1bb5 : 10001537;
	1bb6 : AC850513;
	1bb7 : B10F90EF;
	1bb8 : 1000F537;
	1bb9 : D1850513;
	1bba : AF4FD0EF;
	1bbb : 00050413;
	1bbc : 00050593;
	1bbd : 12054263;
	1bbe : 10001537;
	1bbf : A7850513;
	1bc0 : AECF90EF;
	1bc1 : 10001537;
	1bc2 : AD850513;
	1bc3 : AE0F90EF;
	1bc4 : 1000F537;
	1bc5 : D1850513;
	1bc6 : B1CFD0EF;
	1bc7 : 00050413;
	1bc8 : 00050593;
	1bc9 : 10054463;
	1bca : 10001537;
	1bcb : A7850513;
	1bcc : ABCF90EF;
	1bcd : 10001537;
	1bce : AE850513;
	1bcf : AB0F90EF;
	1bd0 : 1000F537;
	1bd1 : D1850513;
	1bd2 : B38FD0EF;
	1bd3 : 00050413;
	1bd4 : 00050593;
	1bd5 : 0E054663;
	1bd6 : 10001537;
	1bd7 : A7850513;
	1bd8 : A8CF90EF;
	1bd9 : 10001537;
	1bda : AF050513;
	1bdb : A80F90EF;
	1bdc : 1000F537;
	1bdd : D1850513;
	1bde : B64FD0EF;
	1bdf : 00050413;
	1be0 : 00050593;
	1be1 : 0C054863;
	1be2 : 10001537;
	1be3 : A7850513;
	1be4 : A5CF90EF;
	1be5 : 10001537;
	1be6 : AF850513;
	1be7 : A50F90EF;
	1be8 : 1000F437;
	1be9 : D1840413;
	1bea : 00040513;
	1beb : BB0FD0EF;
	1bec : 00050593;
	1bed : 10001537;
	1bee : B0450513;
	1bef : A30F90EF;
	1bf0 : 00040513;
	1bf1 : BACFD0EF;
	1bf2 : 00050593;
	1bf3 : 10001537;
	1bf4 : B2450513;
	1bf5 : A18F90EF;
	1bf6 : 00040513;
	1bf7 : BACFD0EF;
	1bf8 : 00050593;
	1bf9 : 10001537;
	1bfa : B4450513;
	1bfb : A00F90EF;
	1bfc : 00C12083;
	1bfd : 00812403;
	1bfe : 01010113;
	1bff : 00008067;
	1c00 : 00050413;
	1c01 : 10001537;
	1c02 : AC450513;
	1c03 : 9E0F90EF;
	1c04 : 408005B3;
	1c05 : EB5FF06F;
	1c06 : 10001537;
	1c07 : AC450513;
	1c08 : 9CCF90EF;
	1c09 : 408005B3;
	1c0a : ED1FF06F;
	1c0b : 10001537;
	1c0c : AC450513;
	1c0d : 9B8F90EF;
	1c0e : 408005B3;
	1c0f : EEDFF06F;
	1c10 : 10001537;
	1c11 : AC450513;
	1c12 : 9A4F90EF;
	1c13 : 408005B3;
	1c14 : F09FF06F;
	1c15 : 10001537;
	1c16 : AC450513;
	1c17 : 990F90EF;
	1c18 : 408005B3;
	1c19 : F25FF06F;
	1c1a : F9010113;
	1c1b : 06112623;
	1c1c : 06812423;
	1c1d : 06912223;
	1c1e : 07212023;
	1c1f : 05312E23;
	1c20 : 05412C23;
	1c21 : 05512A23;
	1c22 : 05612823;
	1c23 : 05712623;
	1c24 : 05812423;
	1c25 : 05912223;
	1c26 : 05A12023;
	1c27 : 00050413;
	1c28 : 10001537;
	1c29 : B6450513;
	1c2a : 944F90EF;
	1c2b : 1000F537;
	1c2c : D7050513;
	1c2d : AE9FD0EF;
	1c2e : 16050663;
	1c2f : 1000F4B7;
	1c30 : 2CC48493;
	1c31 : 00000613;
	1c32 : 00000593;
	1c33 : FC848513;
	1c34 : CF5F90EF;
	1c35 : 9294C783;
	1c36 : 1C078663;
	1c37 : 1000F437;
	1c38 : 2CC40413;
	1c39 : A4C40593;
	1c3a : 02010513;
	1c3b : A2CFD0EF;
	1c3c : 03C12783;
	1c3d : 92B44683;
	1c3e : 00400713;
	1c3f : 0017D413;
	1c40 : 16E68663;
	1c41 : 00040593;
	1c42 : 10001537;
	1c43 : B9850513;
	1c44 : 8DCF90EF;
	1c45 : 1000F4B7;
	1c46 : 2CC48493;
	1c47 : 00040593;
	1c48 : 93448513;
	1c49 : FA4FC0EF;
	1c4a : A4C48493;
	1c4b : 00000913;
	1c4c : 00000413;
	1c4d : 10001B37;
	1c4e : 10001AB7;
	1c4f : 1000F9B7;
	1c50 : D7098993;
	1c51 : 10001A37;
	1c52 : 10000BB7;
	1c53 : BBCB0513;
	1c54 : 89CF90EF;
	1c55 : 12040063;
	1c56 : 00200693;
	1c57 : 00400613;
	1c58 : 00000593;
	1c59 : 00048513;
	1c5a : C25FC0EF;
	1c5b : 00100593;
	1c5c : 00048513;
	1c5d : BE0FD0EF;
	1c5e : 00048593;
	1c5f : 02010513;
	1c60 : 998FD0EF;
	1c61 : 02A15803;
	1c62 : 02C15503;
	1c63 : 02E15583;
	1c64 : 03015603;
	1c65 : 03215683;
	1c66 : 03415703;
	1c67 : 03615783;
	1c68 : 02815883;
	1c69 : 01111623;
	1c6a : 01011723;
	1c6b : 00A11823;
	1c6c : 00B11923;
	1c6d : 00C11A23;
	1c6e : 00D11B23;
	1c6f : 00E11C23;
	1c70 : 00F11D23;
	1c71 : 00090593;
	1c72 : BD8A8513;
	1c73 : 820F90EF;
	1c74 : 00040613;
	1c75 : 00410593;
	1c76 : 00098513;
	1c77 : ED9FD0EF;
	1c78 : 00090593;
	1c79 : BF4A0513;
	1c7a : 804F90EF;
	1c7b : 00040593;
	1c7c : 00098513;
	1c7d : 9F4FE0EF;
	1c7e : 08050C63;
	1c7f : 1C8B8513;
	1c80 : FEDF80EF;
	1c81 : 00140413;
	1c82 : 0FF47413;
	1c83 : 00190913;
	1c84 : 02C48493;
	1c85 : 00200793;
	1c86 : F2F41AE3;
	1c87 : 00100513;
	1c88 : 0140006F;
	1c89 : 10001537;
	1c8a : B7850513;
	1c8b : FC1F80EF;
	1c8c : 00000513;
	1c8d : 06C12083;
	1c8e : 06812403;
	1c8f : 06412483;
	1c90 : 06012903;
	1c91 : 05C12983;
	1c92 : 05812A03;
	1c93 : 05412A83;
	1c94 : 05012B03;
	1c95 : 04C12B83;
	1c96 : 04812C03;
	1c97 : 04412C83;
	1c98 : 04012D03;
	1c99 : 07010113;
	1c9a : 00008067;
	1c9b : 0027D413;
	1c9c : E95FF06F;
	1c9d : 00100693;
	1c9e : 00400613;
	1c9f : 00000593;
	1ca0 : 1000F537;
	1ca1 : D1850513;
	1ca2 : B05FC0EF;
	1ca3 : EE1FF06F;
	1ca4 : 10000537;
	1ca5 : 77C50513;
	1ca6 : F55F80EF;
	1ca7 : 00000513;
	1ca8 : F95FF06F;
	1ca9 : 00000593;
	1caa : 1000F537;
	1cab : D1850513;
	1cac : AA4FD0EF;
	1cad : 00800913;
	1cae : 00400993;
	1caf : 10040C63;
	1cb0 : 10001537;
	1cb1 : BBC50513;
	1cb2 : F25F80EF;
	1cb3 : 1000F437;
	1cb4 : 2CC40413;
	1cb5 : A4C40493;
	1cb6 : 00000693;
	1cb7 : 00098613;
	1cb8 : 00000593;
	1cb9 : 00048513;
	1cba : AA5FC0EF;
	1cbb : 00048593;
	1cbc : 02010513;
	1cbd : 824FD0EF;
	1cbe : 02815D03;
	1cbf : 02A15C83;
	1cc0 : 02C15C03;
	1cc1 : 02E15B83;
	1cc2 : 03015B03;
	1cc3 : 03215A83;
	1cc4 : 03415A03;
	1cc5 : 03615983;
	1cc6 : 03C12783;
	1cc7 : 92B44683;
	1cc8 : 00400713;
	1cc9 : 0017D493;
	1cca : 1EE68C63;
	1ccb : 00048593;
	1ccc : 10001537;
	1ccd : B9850513;
	1cce : EB5F80EF;
	1ccf : 1000F437;
	1cd0 : 2CC40413;
	1cd1 : 00048593;
	1cd2 : 93440513;
	1cd3 : D7CFC0EF;
	1cd4 : 01A11623;
	1cd5 : 01911723;
	1cd6 : 01811823;
	1cd7 : 01711923;
	1cd8 : 01611A23;
	1cd9 : 01511B23;
	1cda : 01411C23;
	1cdb : 01311D23;
	1cdc : 01210E23;
	1cdd : 00090593;
	1cde : 10001537;
	1cdf : D4C50513;
	1ce0 : E6DF80EF;
	1ce1 : 10001537;
	1ce2 : D6450513;
	1ce3 : E61F80EF;
	1ce4 : AA440413;
	1ce5 : 00000613;
	1ce6 : 00410593;
	1ce7 : 00040513;
	1ce8 : D15FD0EF;
	1ce9 : 10001537;
	1cea : D7450513;
	1ceb : E41F80EF;
	1cec : 00000593;
	1ced : 00040513;
	1cee : 830FE0EF;
	1cef : 16050663;
	1cf0 : 10000537;
	1cf1 : 1C850513;
	1cf2 : E25F80EF;
	1cf3 : 00100513;
	1cf4 : E65FF06F;
	1cf5 : 10001537;
	1cf6 : C1450513;
	1cf7 : E11F80EF;
	1cf8 : 10001537;
	1cf9 : C3050513;
	1cfa : E05F80EF;
	1cfb : 10001537;
	1cfc : C4450513;
	1cfd : DF9F80EF;
	1cfe : 10001537;
	1cff : C5850513;
	1d00 : DEDF80EF;
	1d01 : 10001537;
	1d02 : C7050513;
	1d03 : DE1F80EF;
	1d04 : 10001537;
	1d05 : C8850513;
	1d06 : DD5F80EF;
	1d07 : 10001537;
	1d08 : CA050513;
	1d09 : DC9F80EF;
	1d0a : 10001537;
	1d0b : CB850513;
	1d0c : DBDF80EF;
	1d0d : 10001537;
	1d0e : CD050513;
	1d0f : DB1F80EF;
	1d10 : 1000F7B7;
	1d11 : BF77C703;
	1d12 : 00400793;
	1d13 : 02F70863;
	1d14 : CA8F90EF;
	1d15 : FCF50513;
	1d16 : 0FF57713;
	1d17 : 03000793;
	1d18 : 0AE7E263;
	1d19 : 00271793;
	1d1a : 10001737;
	1d1b : 4E470713;
	1d1c : 00E787B3;
	1d1d : 0007A783;
	1d1e : 00078067;
	1d1f : 10001537;
	1d20 : CE850513;
	1d21 : D69F80EF;
	1d22 : 10001537;
	1d23 : D0050513;
	1d24 : D5DF80EF;
	1d25 : FBDFF06F;
	1d26 : 00500993;
	1d27 : 0080006F;
	1d28 : 00600993;
	1d29 : 1000F7B7;
	1d2a : BF87C703;
	1d2b : 00A00793;
	1d2c : 00800913;
	1d2d : E0F716E3;
	1d2e : 10001537;
	1d2f : D1850513;
	1d30 : D2DF80EF;
	1d31 : 10001537;
	1d32 : D3050513;
	1d33 : D21F80EF;
	1d34 : 10001537;
	1d35 : D3C50513;
	1d36 : D15F80EF;
	1d37 : C1CF90EF;
	1d38 : 03200793;
	1d39 : 00800913;
	1d3a : DCF51CE3;
	1d3b : 00A00913;
	1d3c : DD1FF06F;
	1d3d : 00700993;
	1d3e : FADFF06F;
	1d3f : 00800993;
	1d40 : FA5FF06F;
	1d41 : 00400993;
	1d42 : F9DFF06F;
	1d43 : 00100993;
	1d44 : FA9FF06F;
	1d45 : 00800913;
	1d46 : 00A00993;
	1d47 : DA5FF06F;
	1d48 : 0027D493;
	1d49 : E09FF06F;
	1d4a : 10000537;
	1d4b : 77C50513;
	1d4c : CBDF80EF;
	1d4d : 00000513;
	1d4e : CFDFF06F;
	1d4f : 00200993;
	1d50 : F65FF06F;
	1d51 : 00300993;
	1d52 : F5DFF06F;
	1d53 : 1000F7B7;
	1d54 : BF87C703;
	1d55 : 00A00793;
	1d56 : FAF70AE3;
	1d57 : 00800913;
	1d58 : 00100993;
	1d59 : D5DFF06F;
	1d5a : FB010113;
	1d5b : 04112623;
	1d5c : 04812423;
	1d5d : 04912223;
	1d5e : 05212023;
	1d5f : 1000F537;
	1d60 : D7050513;
	1d61 : E18FD0EF;
	1d62 : 20050063;
	1d63 : 1000F537;
	1d64 : D7050513;
	1d65 : E14FD0EF;
	1d66 : 20050C63;
	1d67 : 1000E537;
	1d68 : 6D050513;
	1d69 : E04FD0EF;
	1d6a : 20050E63;
	1d6b : 1000F7B7;
	1d6c : BF57C783;
	1d6d : 22079263;
	1d6e : 10001537;
	1d6f : E0450513;
	1d70 : C2DF80EF;
	1d71 : 1000F437;
	1d72 : 2CC40413;
	1d73 : 00000593;
	1d74 : A4C40513;
	1d75 : F81FC0EF;
	1d76 : 00000613;
	1d77 : 00000593;
	1d78 : FC840513;
	1d79 : FE0F90EF;
	1d7a : 1000E5B7;
	1d7b : 6D058593;
	1d7c : 00010513;
	1d7d : A0DFE0EF;
	1d7e : 00812503;
	1d7f : 01012583;
	1d80 : 00012783;
	1d81 : 02F12223;
	1d82 : 00412783;
	1d83 : 02F12423;
	1d84 : 02A12623;
	1d85 : 00C12783;
	1d86 : 02F12823;
	1d87 : 02B12A23;
	1d88 : 01412783;
	1d89 : 02F12C23;
	1d8a : 01812783;
	1d8b : 02F12E23;
	1d8c : 02010613;
	1d8d : 01059593;
	1d8e : 0105D593;
	1d8f : 01051513;
	1d90 : 01055513;
	1d91 : D75FC0EF;
	1d92 : 00050493;
	1d93 : 1A050063;
	1d94 : 1000F7B7;
	1d95 : BF77C703;
	1d96 : 00400793;
	1d97 : 1AF70263;
	1d98 : 02012583;
	1d99 : 0015D593;
	1d9a : 02B12023;
	1d9b : 10001537;
	1d9c : B9850513;
	1d9d : B79F80EF;
	1d9e : 1000F437;
	1d9f : 2CC40413;
	1da0 : 93440913;
	1da1 : 02012583;
	1da2 : 00090513;
	1da3 : A3CFC0EF;
	1da4 : 10001537;
	1da5 : E4050513;
	1da6 : B55F80EF;
	1da7 : 00090513;
	1da8 : FA4FB0EF;
	1da9 : 00050613;
	1daa : 00100593;
	1dab : FC840513;
	1dac : F14F90EF;
	1dad : 00100593;
	1dae : 00090513;
	1daf : DECFB0EF;
	1db0 : 10001537;
	1db1 : E6050513;
	1db2 : B25F80EF;
	1db3 : A4C40913;
	1db4 : 92D44583;
	1db5 : 00090513;
	1db6 : 9F1FC0EF;
	1db7 : 92E45583;
	1db8 : 00090513;
	1db9 : A11FC0EF;
	1dba : 00048613;
	1dbb : 00000593;
	1dbc : 00090513;
	1dbd : 811FC0EF;
	1dbe : 00000593;
	1dbf : AA440513;
	1dc0 : CE4FD0EF;
	1dc1 : 02050863;
	1dc2 : 10001537;
	1dc3 : E7C50513;
	1dc4 : ADDF80EF;
	1dc5 : 00000593;
	1dc6 : 1000F537;
	1dc7 : D7050513;
	1dc8 : C75FD0EF;
	1dc9 : 0E050463;
	1dca : 10000537;
	1dcb : 1C850513;
	1dcc : ABDF80EF;
	1dcd : 10001537;
	1dce : D6450513;
	1dcf : AB1F80EF;
	1dd0 : 1000F437;
	1dd1 : D7040413;
	1dd2 : 00000613;
	1dd3 : 02410593;
	1dd4 : 00040513;
	1dd5 : 961FD0EF;
	1dd6 : 10001537;
	1dd7 : E9450513;
	1dd8 : A8DF80EF;
	1dd9 : 00000593;
	1dda : 00040513;
	1ddb : C7DFD0EF;
	1ddc : 0A050863;
	1ddd : 10000537;
	1dde : 1C850513;
	1ddf : A71F80EF;
	1de0 : 00100513;
	1de1 : 0140006F;
	1de2 : 10001537;
	1de3 : D8C50513;
	1de4 : A5DF80EF;
	1de5 : 00000513;
	1de6 : 04C12083;
	1de7 : 04812403;
	1de8 : 04412483;
	1de9 : 04012903;
	1dea : 05010113;
	1deb : 00008067;
	1dec : 10001537;
	1ded : DB050513;
	1dee : A35F80EF;
	1def : 00000513;
	1df0 : FD9FF06F;
	1df1 : 10001537;
	1df2 : DC850513;
	1df3 : A21F80EF;
	1df4 : 00000513;
	1df5 : FC5FF06F;
	1df6 : 10001537;
	1df7 : DE050513;
	1df8 : A0DF80EF;
	1df9 : 00000513;
	1dfa : FB1FF06F;
	1dfb : 10001537;
	1dfc : E1C50513;
	1dfd : 9F9F80EF;
	1dfe : 00000513;
	1dff : F9DFF06F;
	1e00 : 02012583;
	1e01 : 0025D593;
	1e02 : E61FF06F;
	1e03 : 10000537;
	1e04 : 77C50513;
	1e05 : 9D9F80EF;
	1e06 : 00000513;
	1e07 : F7DFF06F;
	1e08 : 10000537;
	1e09 : 77C50513;
	1e0a : 9C5F80EF;
	1e0b : 00000513;
	1e0c : F69FF06F;
	1e0d : FE010113;
	1e0e : 00112E23;
	1e0f : 00812C23;
	1e10 : 00912A23;
	1e11 : 01212823;
	1e12 : 01312623;
	1e13 : 01412423;
	1e14 : 00050A13;
	1e15 : 00100793;
	1e16 : 08F50863;
	1e17 : 100014B7;
	1e18 : 7CC48493;
	1e19 : 00000413;
	1e1a : 1000E937;
	1e1b : 6D090913;
	1e1c : 20000993;
	1e1d : 0004C603;
	1e1e : 01041593;
	1e1f : 0105D593;
	1e20 : 00090513;
	1e21 : 829FE0EF;
	1e22 : 00140413;
	1e23 : 00148493;
	1e24 : FF3412E3;
	1e25 : 10001537;
	1e26 : F4C50513;
	1e27 : 951F80EF;
	1e28 : 20000593;
	1e29 : 1000E537;
	1e2a : 6D050513;
	1e2b : CBDFD0EF;
	1e2c : 0C050663;
	1e2d : 10000537;
	1e2e : 1C850513;
	1e2f : 931F80EF;
	1e30 : 00100793;
	1e31 : 0CFA0463;
	1e32 : 01C12083;
	1e33 : 01812403;
	1e34 : 01412483;
	1e35 : 01012903;
	1e36 : 00C12983;
	1e37 : 00812A03;
	1e38 : 02010113;
	1e39 : 00008067;
	1e3a : 10001537;
	1e3b : EAC50513;
	1e3c : 8FDF80EF;
	1e3d : 10001537;
	1e3e : ED050513;
	1e3f : 8F1F80EF;
	1e40 : 10001537;
	1e41 : EEC50513;
	1e42 : 8E5F80EF;
	1e43 : 10001537;
	1e44 : F0850513;
	1e45 : 8D9F80EF;
	1e46 : 10001537;
	1e47 : F2450513;
	1e48 : 8CDF80EF;
	1e49 : 10001537;
	1e4a : F4050513;
	1e4b : 8C1F80EF;
	1e4c : FC9F80EF;
	1e4d : 00050793;
	1e4e : 03300713;
	1e4f : 02E50C63;
	1e50 : 02A76263;
	1e51 : 03100713;
	1e52 : 000A0513;
	1e53 : 00E78863;
	1e54 : FCE78793;
	1e55 : 0017B793;
	1e56 : 00179513;
	1e57 : C25FC0EF;
	1e58 : EFDFF06F;
	1e59 : FCC50793;
	1e5a : 0017B793;
	1e5b : 00279513;
	1e5c : FEDFF06F;
	1e5d : 00300513;
	1e5e : FE5FF06F;
	1e5f : 10000537;
	1e60 : 77C50513;
	1e61 : 869F80EF;
	1e62 : F39FF06F;
	1e63 : 10001537;
	1e64 : F6050513;
	1e65 : 859F80EF;
	1e66 : 00300593;
	1e67 : 1000E537;
	1e68 : 6D050513;
	1e69 : EB8FD0EF;
	1e6a : F21FF06F;
	1e6b : FE010113;
	1e6c : 00112E23;
	1e6d : 00812C23;
	1e6e : 00912A23;
	1e6f : 01212823;
	1e70 : 10001537;
	1e71 : F6C50513;
	1e72 : 825F80EF;
	1e73 : 00001437;
	1e74 : 80040593;
	1e75 : 10001537;
	1e76 : 93050513;
	1e77 : 811F80EF;
	1e78 : 01000593;
	1e79 : 10001537;
	1e7a : 94050513;
	1e7b : 801F80EF;
	1e7c : 00010693;
	1e7d : 01000613;
	1e7e : 80040593;
	1e7f : 1000F537;
	1e80 : D7050513;
	1e81 : 8A5FD0EF;
	1e82 : 00100793;
	1e83 : 02F50463;
	1e84 : 10001537;
	1e85 : F9850513;
	1e86 : FD4F80EF;
	1e87 : 01C12083;
	1e88 : 01812403;
	1e89 : 01412483;
	1e8a : 01012903;
	1e8b : 02010113;
	1e8c : 00008067;
	1e8d : 10001537;
	1e8e : F8050513;
	1e8f : FB0F80EF;
	1e90 : 00010413;
	1e91 : 01010913;
	1e92 : 100014B7;
	1e93 : 00044583;
	1e94 : F9048513;
	1e95 : F98F80EF;
	1e96 : 00140413;
	1e97 : FF2418E3;
	1e98 : 10001537;
	1e99 : 98050513;
	1e9a : F84F80EF;
	1e9b : FB1FF06F;
	1e9c : FE010113;
	1e9d : 00112E23;
	1e9e : 10001537;
	1e9f : FA050513;
	1ea0 : F6CF80EF;
	1ea1 : 000015B7;
	1ea2 : 80058593;
	1ea3 : 10001537;
	1ea4 : 93050513;
	1ea5 : F58F80EF;
	1ea6 : 01000593;
	1ea7 : 10001537;
	1ea8 : 94050513;
	1ea9 : F48F80EF;
	1eaa : 00010713;
	1eab : 00000793;
	1eac : 01000693;
	1ead : 00F70023;
	1eae : 00178793;
	1eaf : 0FF7F793;
	1eb0 : 00170713;
	1eb1 : FED798E3;
	1eb2 : 00010693;
	1eb3 : 01000613;
	1eb4 : 000015B7;
	1eb5 : 80058593;
	1eb6 : 1000F537;
	1eb7 : D7050513;
	1eb8 : EE4FD0EF;
	1eb9 : 00100793;
	1eba : 00F50E63;
	1ebb : 10001537;
	1ebc : F9850513;
	1ebd : EF8F80EF;
	1ebe : 01C12083;
	1ebf : 02010113;
	1ec0 : 00008067;
	1ec1 : 10001537;
	1ec2 : FB450513;
	1ec3 : EE0F80EF;
	1ec4 : FE9FF06F;
	1ec5 : FD010113;
	1ec6 : 02112623;
	1ec7 : 02812423;
	1ec8 : 02912223;
	1ec9 : 03212023;
	1eca : 01312E23;
	1ecb : 01412C23;
	1ecc : 01512A23;
	1ecd : 01612823;
	1ece : 01712623;
	1ecf : 01812423;
	1ed0 : 01912223;
	1ed1 : 1000F437;
	1ed2 : 2CC40413;
	1ed3 : 92040423;
	1ed4 : 920404A3;
	1ed5 : 92040523;
	1ed6 : 03200793;
	1ed7 : 92F406A3;
	1ed8 : FFFF87B7;
	1ed9 : D007C793;
	1eda : 92F41723;
	1edb : 1000E537;
	1edc : 2CC50993;
	1edd : 2CC50513;
	1ede : 891F80EF;
	1edf : 800005B7;
	1ee0 : 10000937;
	1ee1 : 00890513;
	1ee2 : C8DF80EF;
	1ee3 : 800405B7;
	1ee4 : 10000537;
	1ee5 : 00450513;
	1ee6 : D11F80EF;
	1ee7 : 10001537;
	1ee8 : FBC50513;
	1ee9 : E48F80EF;
	1eea : 10001537;
	1eeb : FC050513;
	1eec : E3CF80EF;
	1eed : 10001537;
	1eee : FEC50513;
	1eef : E30F80EF;
	1ef0 : 10001537;
	1ef1 : 01850513;
	1ef2 : E24F80EF;
	1ef3 : 100014B7;
	1ef4 : 98048513;
	1ef5 : E18F80EF;
	1ef6 : 10001537;
	1ef7 : 04450513;
	1ef8 : E0CF80EF;
	1ef9 : 10001537;
	1efa : 06850513;
	1efb : E00F80EF;
	1efc : 10001537;
	1efd : 08C50513;
	1efe : DF4F80EF;
	1eff : 100015B7;
	1f00 : 0A058593;
	1f01 : 10001537;
	1f02 : 0AC50513;
	1f03 : DE0F80EF;
	1f04 : 100015B7;
	1f05 : 0B858593;
	1f06 : 10001537;
	1f07 : 0C450513;
	1f08 : DCCF80EF;
	1f09 : 98048513;
	1f0a : DC4F80EF;
	1f0b : 800805B7;
	1f0c : 100004B7;
	1f0d : 00048513;
	1f0e : EB5F80EF;
	1f0f : 07D00613;
	1f10 : 800C05B7;
	1f11 : FC840513;
	1f12 : F59F80EF;
	1f13 : 801005B7;
	1f14 : AA440513;
	1f15 : E25FC0EF;
	1f16 : 00000513;
	1f17 : EFDFE0EF;
	1f18 : 801405B7;
	1f19 : 40498513;
	1f1a : E11FC0EF;
	1f1b : 00100513;
	1f1c : EE9FE0EF;
	1f1d : 80200637;
	1f1e : 00048593;
	1f1f : 97440513;
	1f20 : 2D9000EF;
	1f21 : 801805B7;
	1f22 : A4C40513;
	1f23 : DB1FB0EF;
	1f24 : 801C05B7;
	1f25 : A7840513;
	1f26 : DA5FB0EF;
	1f27 : 10001537;
	1f28 : 0D050513;
	1f29 : D48F80EF;
	1f2a : 00890513;
	1f2b : BDDF80EF;
	1f2c : 00050413;
	1f2d : 00157593;
	1f2e : 0015B593;
	1f2f : 40B005B3;
	1f30 : FFE5F593;
	1f31 : 00458593;
	1f32 : 1000F7B7;
	1f33 : BEB78BA3;
	1f34 : 10001537;
	1f35 : 0F050513;
	1f36 : D14F80EF;
	1f37 : 00247593;
	1f38 : 0015B593;
	1f39 : 40B005B3;
	1f3a : FFE5F593;
	1f3b : 00A58593;
	1f3c : 1000F4B7;
	1f3d : 2CC48493;
	1f3e : 92B48623;
	1f3f : 10001537;
	1f40 : 10850513;
	1f41 : CE8F80EF;
	1f42 : 93448413;
	1f43 : 00100813;
	1f44 : 00800793;
	1f45 : 00400713;
	1f46 : 100006B7;
	1f47 : 00068693;
	1f48 : FC848613;
	1f49 : 00890593;
	1f4a : 00040513;
	1f4b : F11FA0EF;
	1f4c : 1E000713;
	1f4d : 100066B7;
	1f4e : FDC68693;
	1f4f : 00000613;
	1f50 : 00000593;
	1f51 : 00040513;
	1f52 : F2DFA0EF;
	1f53 : 1E000713;
	1f54 : 100056B7;
	1f55 : 0DC68693;
	1f56 : 00100613;
	1f57 : 00000593;
	1f58 : 00040513;
	1f59 : F11FA0EF;
	1f5a : 1E000713;
	1f5b : 100046B7;
	1f5c : 1DC68693;
	1f5d : 00000613;
	1f5e : 00100593;
	1f5f : 00040513;
	1f60 : EF5FA0EF;
	1f61 : 1E000713;
	1f62 : 100036B7;
	1f63 : 2DC68693;
	1f64 : 00100613;
	1f65 : 00100593;
	1f66 : 00040513;
	1f67 : ED9FA0EF;
	1f68 : 1E000713;
	1f69 : 100026B7;
	1f6a : 3DC68693;
	1f6b : 00200613;
	1f6c : 00100593;
	1f6d : 00040513;
	1f6e : EBDFA0EF;
	1f6f : 00040513;
	1f70 : B70FB0EF;
	1f71 : 10001537;
	1f72 : 12050513;
	1f73 : C20F80EF;
	1f74 : 00100593;
	1f75 : 00040513;
	1f76 : F3CFB0EF;
	1f77 : 00100793;
	1f78 : 12F51AE3;
	1f79 : 00050A13;
	1f7a : 10000537;
	1f7b : 1C850513;
	1f7c : BFCF80EF;
	1f7d : 00100593;
	1f7e : 1000F537;
	1f7f : C0050513;
	1f80 : 854FB0EF;
	1f81 : 07900793;
	1f82 : 42F50663;
	1f83 : 1000F7B7;
	1f84 : BE078E23;
	1f85 : 00800593;
	1f86 : 10000537;
	1f87 : 00850513;
	1f88 : A11F80EF;
	1f89 : 00000593;
	1f8a : 1000F537;
	1f8b : C0050513;
	1f8c : 824FB0EF;
	1f8d : 04600793;
	1f8e : 40F50C63;
	1f8f : 1000F7B7;
	1f90 : BE078EA3;
	1f91 : 01000593;
	1f92 : 10000537;
	1f93 : 00850513;
	1f94 : 9E1F80EF;
	1f95 : 1000F437;
	1f96 : 2CC40413;
	1f97 : 97440493;
	1f98 : 00100593;
	1f99 : 00048513;
	1f9a : 108010EF;
	1f9b : 00300593;
	1f9c : 00048513;
	1f9d : 0FC010EF;
	1f9e : 00400593;
	1f9f : 00048513;
	1fa0 : 0F0010EF;
	1fa1 : 10001537;
	1fa2 : 13450513;
	1fa3 : B60F80EF;
	1fa4 : AA440413;
	1fa5 : 1000B637;
	1fa6 : A6460613;
	1fa7 : 1000E7B7;
	1fa8 : 2C87A583;
	1fa9 : 00040513;
	1faa : E18FD0EF;
	1fab : 10001937;
	1fac : 14C90513;
	1fad : B38F80EF;
	1fae : 10001537;
	1faf : 15450513;
	1fb0 : B2CF80EF;
	1fb1 : 10002637;
	1fb2 : 9CC60C93;
	1fb3 : 9CC60613;
	1fb4 : 1000E7B7;
	1fb5 : 2C47A583;
	1fb6 : 00040513;
	1fb7 : E38FD0EF;
	1fb8 : 14C90513;
	1fb9 : B08F80EF;
	1fba : 00000593;
	1fbb : 00040513;
	1fbc : C1DFC0EF;
	1fbd : 00006637;
	1fbe : 18060613;
	1fbf : 00000593;
	1fc0 : 00040513;
	1fc1 : B91FC0EF;
	1fc2 : 00006C37;
	1fc3 : 210C0613;
	1fc4 : 00100593;
	1fc5 : 00040513;
	1fc6 : B7DFC0EF;
	1fc7 : 00007637;
	1fc8 : D0060613;
	1fc9 : 00400593;
	1fca : 00040513;
	1fcb : B69FC0EF;
	1fcc : 00007637;
	1fcd : D5860613;
	1fce : 00500593;
	1fcf : 00040513;
	1fd0 : B55FC0EF;
	1fd1 : 00006BB7;
	1fd2 : 364B8613;
	1fd3 : 00200593;
	1fd4 : 00040513;
	1fd5 : B41FC0EF;
	1fd6 : 00006B37;
	1fd7 : 3F0B0613;
	1fd8 : 00600593;
	1fd9 : 00040513;
	1fda : B2DFC0EF;
	1fdb : 00006AB7;
	1fdc : 650A8613;
	1fdd : 00700593;
	1fde : 00040513;
	1fdf : B19FC0EF;
	1fe0 : 000079B7;
	1fe1 : AE498613;
	1fe2 : 00A00593;
	1fe3 : 00040513;
	1fe4 : B05FC0EF;
	1fe5 : 10001537;
	1fe6 : 16C50513;
	1fe7 : A50F80EF;
	1fe8 : 1000E4B7;
	1fe9 : 6D048493;
	1fea : 10007637;
	1feb : EDC60613;
	1fec : 1000E7B7;
	1fed : 2C07A583;
	1fee : 00048513;
	1fef : D04FD0EF;
	1ff0 : 14C90513;
	1ff1 : A28F80EF;
	1ff2 : 10001537;
	1ff3 : 18450513;
	1ff4 : A1CF80EF;
	1ff5 : 2B0C8613;
	1ff6 : 1000E7B7;
	1ff7 : 2BC7A583;
	1ff8 : 00048513;
	1ff9 : D30FD0EF;
	1ffa : 14C90513;
	1ffb : A00F80EF;
	1ffc : 00100593;
	1ffd : 00048513;
	1ffe : B15FC0EF;
	1fff : 210C0613;
	2000 : 00100593;
	2001 : 00048513;
	2002 : A8DFC0EF;
	2003 : 00006637;
	2004 : 33060613;
	2005 : 00300593;
	2006 : 00048513;
	2007 : A79FC0EF;
	2008 : 00007637;
	2009 : DEC60613;
	200a : 00400593;
	200b : 00048513;
	200c : A65FC0EF;
	200d : 364B8613;
	200e : 00200593;
	200f : 00048513;
	2010 : A55FC0EF;
	2011 : 3F0B0613;
	2012 : 00600593;
	2013 : 00048513;
	2014 : A45FC0EF;
	2015 : 650A8613;
	2016 : 00700593;
	2017 : 00048513;
	2018 : A35FC0EF;
	2019 : 00007637;
	201a : 82060613;
	201b : 00800593;
	201c : 00048513;
	201d : A21FC0EF;
	201e : 00007637;
	201f : 95060613;
	2020 : 00900593;
	2021 : 00048513;
	2022 : A0DFC0EF;
	2023 : AE498613;
	2024 : 00A00593;
	2025 : 00048513;
	2026 : 9FDFC0EF;
	2027 : 894F80EF;
	2028 : 1000E7B7;
	2029 : 2B87A583;
	202a : 00040513;
	202b : D2DFC0EF;
	202c : 10001537;
	202d : 19C50513;
	202e : 934F80EF;
	202f : 00040513;
	2030 : CDDFC0EF;
	2031 : 1A050663;
	2032 : 10000537;
	2033 : 1C850513;
	2034 : 91CF80EF;
	2035 : 10001537;
	2036 : 1AC50513;
	2037 : 910F80EF;
	2038 : 1000F437;
	2039 : D7040413;
	203a : 01400593;
	203b : 00040513;
	203c : AE5FC0EF;
	203d : 00400593;
	203e : 00040513;
	203f : AD1FC0EF;
	2040 : 00040513;
	2041 : DC1FC0EF;
	2042 : 16050C63;
	2043 : 10000537;
	2044 : 1C850513;
	2045 : 8D8F80EF;
	2046 : 1000E437;
	2047 : 6D040413;
	2048 : 1000E7B7;
	2049 : 2B47A583;
	204a : 00040513;
	204b : CADFC0EF;
	204c : 10001537;
	204d : 1BC50513;
	204e : 8B4F80EF;
	204f : 00040513;
	2050 : C5DFC0EF;
	2051 : 14050663;
	2052 : 10000537;
	2053 : 1C850513;
	2054 : 89CF80EF;
	2055 : 10001537;
	2056 : 1CC50513;
	2057 : 890F80EF;
	2058 : 1000E437;
	2059 : 6D040413;
	205a : 01400593;
	205b : 00040513;
	205c : A65FC0EF;
	205d : 00400593;
	205e : 00040513;
	205f : A51FC0EF;
	2060 : 00040513;
	2061 : D41FC0EF;
	2062 : 10050C63;
	2063 : 10000537;
	2064 : 1C850513;
	2065 : 858F80EF;
	2066 : 00000513;
	2067 : E98FF0EF;
	2068 : 1000E437;
	2069 : 6D040413;
	206a : 00001637;
	206b : 80060613;
	206c : 00100593;
	206d : 00040513;
	206e : C78FD0EF;
	206f : 10001537;
	2070 : 1DC50513;
	2071 : 828F80EF;
	2072 : 00200593;
	2073 : 00040513;
	2074 : E8DFC0EF;
	2075 : 0C050E63;
	2076 : 10000537;
	2077 : 1C850513;
	2078 : 80CF80EF;
	2079 : 9C1FE0EF;
	207a : 1000F437;
	207b : 2CC40413;
	207c : 1000E4B7;
	207d : 2CC48493;
	207e : 10001AB7;
	207f : 10001937;
	2080 : 5A890913;
	2081 : 40448993;
	2082 : 00048513;
	2083 : AD8F80EF;
	2084 : ECCF80EF;
	2085 : 0A051663;
	2086 : 92844783;
	2087 : 1A079E63;
	2088 : 92A44783;
	2089 : FE0782E3;
	208a : 92040523;
	208b : B3CFF0EF;
	208c : FD9FF06F;
	208d : 1000F7B7;
	208e : 00100713;
	208f : BEE78E23;
	2090 : 00800593;
	2091 : 00890513;
	2092 : DDCF80EF;
	2093 : BD9FF06F;
	2094 : 1000F7B7;
	2095 : 00100713;
	2096 : BEE78EA3;
	2097 : 01000593;
	2098 : 10000537;
	2099 : 00850513;
	209a : DBCF80EF;
	209b : BE9FF06F;
	209c : 10000537;
	209d : 77C50513;
	209e : F75F70EF;
	209f : E59FF06F;
	20a0 : 10000537;
	20a1 : 77C50513;
	20a2 : F65F70EF;
	20a3 : E8DFF06F;
	20a4 : 10000537;
	20a5 : 77C50513;
	20a6 : F55F70EF;
	20a7 : EB9FF06F;
	20a8 : 10000537;
	20a9 : 77C50513;
	20aa : F45F70EF;
	20ab : EEDFF06F;
	20ac : 10000537;
	20ad : 77C50513;
	20ae : F35F70EF;
	20af : F29FF06F;
	20b0 : E38F80EF;
	20b1 : FD250513;
	20b2 : 0FF57713;
	20b3 : 04C00793;
	20b4 : 42E7EA63;
	20b5 : 00271793;
	20b6 : 012787B3;
	20b7 : 0007A783;
	20b8 : 00078067;
	20b9 : 10001537;
	20ba : 1EC50513;
	20bb : F01F70EF;
	20bc : AA440513;
	20bd : AA9FC0EF;
	20be : 00050A63;
	20bf : 10000537;
	20c0 : 1C850513;
	20c1 : EE9F70EF;
	20c2 : F11FF06F;
	20c3 : 10000537;
	20c4 : 77C50513;
	20c5 : ED9F70EF;
	20c6 : F01FF06F;
	20c7 : 10001537;
	20c8 : 1FC50513;
	20c9 : EC9F70EF;
	20ca : AA440513;
	20cb : 93DFC0EF;
	20cc : EE9FF06F;
	20cd : 10001537;
	20ce : 20C50513;
	20cf : EB1F70EF;
	20d0 : 10001537;
	20d1 : 21C50513;
	20d2 : EA5F70EF;
	20d3 : 10001537;
	20d4 : 23850513;
	20d5 : E99F70EF;
	20d6 : 10001537;
	20d7 : 24850513;
	20d8 : E8DF70EF;
	20d9 : 10001537;
	20da : 25850513;
	20db : E81F70EF;
	20dc : D88F80EF;
	20dd : 03300793;
	20de : 01400593;
	20df : 02F50063;
	20e0 : 03400793;
	20e1 : 01E00593;
	20e2 : 00F50A63;
	20e3 : 03200793;
	20e4 : 00A00593;
	20e5 : 00F50463;
	20e6 : 00600593;
	20e7 : AA440B13;
	20e8 : 000B0513;
	20e9 : 831FC0EF;
	20ea : 000B0513;
	20eb : C25FC0EF;
	20ec : E69FF06F;
	20ed : 92944783;
	20ee : 02078863;
	20ef : 10001537;
	20f0 : 26850513;
	20f1 : E29F70EF;
	20f2 : AA440513;
	20f3 : D61FD0EF;
	20f4 : 00000793;
	20f5 : 92F404A3;
	20f6 : 92040423;
	20f7 : 00100513;
	20f8 : C89FE0EF;
	20f9 : E3DFF06F;
	20fa : 10001537;
	20fb : 27C50513;
	20fc : DFDF70EF;
	20fd : AA440B13;
	20fe : 00000593;
	20ff : 000B0513;
	2100 : F95FC0EF;
	2101 : 000B0513;
	2102 : CD1FD0EF;
	2103 : 00300793;
	2104 : 02F50C63;
	2105 : 00400793;
	2106 : 04F50263;
	2107 : 00100793;
	2108 : 00F50A63;
	2109 : 10001537;
	210a : 2E450513;
	210b : DC1F70EF;
	210c : 0240006F;
	210d : 10001537;
	210e : 29050513;
	210f : DB1F70EF;
	2110 : 00100793;
	2111 : F91FF06F;
	2112 : 10001537;
	2113 : 2A050513;
	2114 : D9DF70EF;
	2115 : 920404A3;
	2116 : DC1FF06F;
	2117 : 10001537;
	2118 : 2C050513;
	2119 : D89F70EF;
	211a : FEDFF06F;
	211b : 10001537;
	211c : 2F850513;
	211d : D79F70EF;
	211e : 10001537;
	211f : 31050513;
	2120 : D6DF70EF;
	2121 : 10001537;
	2122 : 32C50513;
	2123 : D61F70EF;
	2124 : 10001537;
	2125 : 33850513;
	2126 : D55F70EF;
	2127 : C5CF80EF;
	2128 : FCF50593;
	2129 : 0015B593;
	212a : AA440513;
	212b : 995FC0EF;
	212c : 00050A63;
	212d : 10001537;
	212e : 34450513;
	212f : D31F70EF;
	2130 : D59FF06F;
	2131 : 10001537;
	2132 : 35050513;
	2133 : D21F70EF;
	2134 : D49FF06F;
	2135 : CD8FF0EF;
	2136 : D41FF06F;
	2137 : D94FF0EF;
	2138 : D39FF06F;
	2139 : 10001537;
	213a : 36050513;
	213b : D01F70EF;
	213c : 00098513;
	213d : 8A9FC0EF;
	213e : 00050A63;
	213f : 10000537;
	2140 : 1C850513;
	2141 : CE9F70EF;
	2142 : D11FF06F;
	2143 : 10000537;
	2144 : 77C50513;
	2145 : CD9F70EF;
	2146 : D01FF06F;
	2147 : 10001537;
	2148 : 37050513;
	2149 : CC9F70EF;
	214a : 00098513;
	214b : F3CFC0EF;
	214c : CE9FF06F;
	214d : 10001537;
	214e : 38050513;
	214f : CB1F70EF;
	2150 : 10001537;
	2151 : 38C50513;
	2152 : CA5F70EF;
	2153 : 10001537;
	2154 : 39C50513;
	2155 : C99F70EF;
	2156 : 10001537;
	2157 : 3A850513;
	2158 : C8DF70EF;
	2159 : B94F80EF;
	215a : 03200793;
	215b : 00200593;
	215c : 00F50A63;
	215d : 03300793;
	215e : 00300593;
	215f : 00F50463;
	2160 : 000A0593;
	2161 : 0FF5F593;
	2162 : 00098513;
	2163 : AD1FC0EF;
	2164 : 00050A63;
	2165 : 10001537;
	2166 : 3B450513;
	2167 : C51F70EF;
	2168 : C79FF06F;
	2169 : 10001537;
	216a : 3C050513;
	216b : C41F70EF;
	216c : C69FF06F;
	216d : 10001537;
	216e : 3D050513;
	216f : C31F70EF;
	2170 : 879FE0EF;
	2171 : C55FF06F;
	2172 : 10001537;
	2173 : 3E050513;
	2174 : C1DF70EF;
	2175 : 00000513;
	2176 : A91FE0EF;
	2177 : C3DFF06F;
	2178 : 10001537;
	2179 : 3EC50513;
	217a : C05F70EF;
	217b : F7DFE0EF;
	217c : C29FF06F;
	217d : 00100513;
	217e : A3CFF0EF;
	217f : C1DFF06F;
	2180 : 10001537;
	2181 : 3FC50513;
	2182 : BE5F70EF;
	2183 : 10001537;
	2184 : 41050513;
	2185 : BD9F70EF;
	2186 : 10001537;
	2187 : 42450513;
	2188 : BCDF70EF;
	2189 : 10001537;
	218a : 43850513;
	218b : BC1F70EF;
	218c : 10001537;
	218d : 44850513;
	218e : BB5F70EF;
	218f : 10001537;
	2190 : 45850513;
	2191 : BA9F70EF;
	2192 : 10001537;
	2193 : 46450513;
	2194 : B9DF70EF;
	2195 : 10001537;
	2196 : 47450513;
	2197 : B91F70EF;
	2198 : A98F80EF;
	2199 : FCF50513;
	219a : 0FF57713;
	219b : 00600793;
	219c : BAE7E4E3;
	219d : 00271793;
	219e : 10001737;
	219f : 6DC70713;
	21a0 : 00E787B3;
	21a1 : 0007A783;
	21a2 : 00078067;
	21a3 : 02200593;
	21a4 : 93440513;
	21a5 : 819FA0EF;
	21a6 : B81FF06F;
	21a7 : 04600593;
	21a8 : FF1FF06F;
	21a9 : 09400593;
	21aa : FE9FF06F;
	21ab : 07800593;
	21ac : FE1FF06F;
	21ad : 04500593;
	21ae : FD9FF06F;
	21af : 02300593;
	21b0 : FD1FF06F;
	21b1 : 07900593;
	21b2 : FC9FF06F;
	21b3 : 10001537;
	21b4 : 48450513;
	21b5 : B19F70EF;
	21b6 : 93440B13;
	21b7 : 02300593;
	21b8 : 000B0513;
	21b9 : FC8FA0EF;
	21ba : 04600593;
	21bb : 000B0513;
	21bc : FBCFA0EF;
	21bd : 07900593;
	21be : 000B0513;
	21bf : FB0FA0EF;
	21c0 : B19FF06F;
	21c1 : 49CA8513;
	21c2 : AE5F70EF;
	21c3 : C98FE0EF;
	21c4 : B09FF06F;
	21c5 : 10000537;
	21c6 : 77C50513;
	21c7 : AD1F70EF;
	21c8 : FFF00513;
	21c9 : 02C12083;
	21ca : 02812403;
	21cb : 02412483;
	21cc : 02012903;
	21cd : 01C12983;
	21ce : 01812A03;
	21cf : 01412A83;
	21d0 : 01012B03;
	21d1 : 00C12B83;
	21d2 : 00812C03;
	21d3 : 00412C83;
	21d4 : 03010113;
	21d5 : 00008067;
	21d6 : 00C52023;
	21d7 : 00B52223;
	21d8 : 00008067;
	21d9 : FF010113;
	21da : 00112623;
	21db : 00812423;
	21dc : 00912223;
	21dd : 00050413;
	21de : 00361613;
	21df : 00B66633;
	21e0 : 00052783;
	21e1 : 00C7A423;
	21e2 : 00052783;
	21e3 : 00200713;
	21e4 : 00E7A023;
	21e5 : 06400613;
	21e6 : 00100593;
	21e7 : 00452503;
	21e8 : B5CF80EF;
	21e9 : 100014B7;
	21ea : 00042703;
	21eb : 00472783;
	21ec : 0027F793;
	21ed : 02079063;
	21ee : 00100593;
	21ef : 00442503;
	21f0 : B80F80EF;
	21f1 : FE0502E3;
	21f2 : 6F848513;
	21f3 : A21F70EF;
	21f4 : FD9FF06F;
	21f5 : 00200793;
	21f6 : 00F72223;
	21f7 : 00042783;
	21f8 : 00C7A503;
	21f9 : 00C12083;
	21fa : 00812403;
	21fb : 00412483;
	21fc : 01010113;
	21fd : 00008067;
	21fe : 00361613;
	21ff : 00B66633;
	2200 : 00052783;
	2201 : 00C7A423;
	2202 : 00052783;
	2203 : 00D7A623;
	2204 : 00052783;
	2205 : 00100713;
	2206 : 00E7A023;
	2207 : 00052783;
	2208 : 00200713;
	2209 : 00E7A223;
	220a : 00008067;
	220b : FE010113;
	220c : 00112E23;
	220d : 00812C23;
	220e : 00912A23;
	220f : 01212823;
	2210 : 01312623;
	2211 : 01412423;
	2212 : 00050493;
	2213 : 00058913;
	2214 : 00060993;
	2215 : 00068413;
	2216 : 00070A13;
	2217 : F09FF0EF;
	2218 : FFF44413;
	2219 : 00A47433;
	221a : 014466B3;
	221b : 00098613;
	221c : 00090593;
	221d : 00048513;
	221e : F81FF0EF;
	221f : 01C12083;
	2220 : 01812403;
	2221 : 01412483;
	2222 : 01012903;
	2223 : 00C12983;
	2224 : 00812A03;
	2225 : 02010113;
	2226 : 00008067;
	2227 : FE010113;
	2228 : 00112E23;
	2229 : 00812C23;
	222a : 00912A23;
	222b : 01212823;
	222c : 01312623;
	222d : 01412423;
	222e : 00050493;
	222f : 00060913;
	2230 : 00200793;
	2231 : 01900993;
	2232 : 02F58063;
	2233 : 00300793;
	2234 : 01F00993;
	2235 : 00F58A63;
	2236 : 00100793;
	2237 : 01300993;
	2238 : 00F58463;
	2239 : 00D00993;
	223a : 10900613;
	223b : 00100593;
	223c : 00048513;
	223d : E71FF0EF;
	223e : FE057513;
	223f : 00A9E9B3;
	2240 : 00100413;
	2241 : 00500A13;
	2242 : 00098693;
	2243 : 10900613;
	2244 : 00040593;
	2245 : 00048513;
	2246 : EE1FF0EF;
	2247 : 00140413;
	2248 : 0FF47413;
	2249 : FF4412E3;
	224a : 00200793;
	224b : 00F00413;
	224c : 02F90063;
	224d : 00300793;
	224e : 01400413;
	224f : 00F90A63;
	2250 : FFF90913;
	2251 : 00193913;
	2252 : 41200933;
	2253 : 00A97413;
	2254 : 10500613;
	2255 : 00100593;
	2256 : 00048513;
	2257 : E09FF0EF;
	2258 : FE057513;
	2259 : 00A46933;
	225a : 04096913;
	225b : 00100413;
	225c : 00500993;
	225d : 00090693;
	225e : 10500613;
	225f : 00040593;
	2260 : 00048513;
	2261 : E75FF0EF;
	2262 : 00140413;
	2263 : 0FF47413;
	2264 : FF3412E3;
	2265 : 01C12083;
	2266 : 01812403;
	2267 : 01412483;
	2268 : 01012903;
	2269 : 00C12983;
	226a : 00812A03;
	226b : 02010113;
	226c : 00008067;
	226d : FF010113;
	226e : 00112623;
	226f : 00812423;
	2270 : 00912223;
	2271 : 01212023;
	2272 : 00050913;
	2273 : 00400793;
	2274 : 00200713;
	2275 : 00F58C63;
	2276 : 00500793;
	2277 : 00300713;
	2278 : 00F58663;
	2279 : FFD58593;
	227a : 0015B713;
	227b : 00171793;
	227c : 00E787B3;
	227d : 00279793;
	227e : 40E787B3;
	227f : 00379793;
	2280 : 1000E4B7;
	2281 : 08448493;
	2282 : 00F48433;
	2283 : 05848493;
	2284 : 00F484B3;
	2285 : 00042603;
	2286 : 00865693;
	2287 : 0FF67713;
	2288 : 0FF6F693;
	2289 : 01065613;
	228a : 00000593;
	228b : 00090513;
	228c : DFDFF0EF;
	228d : 00440413;
	228e : FC941EE3;
	228f : 00C12083;
	2290 : 00812403;
	2291 : 00412483;
	2292 : 00012903;
	2293 : 01010113;
	2294 : 00008067;
	2295 : FD010113;
	2296 : 02112623;
	2297 : 02812423;
	2298 : 02912223;
	2299 : 03212023;
	229a : 01312E23;
	229b : 01412C23;
	229c : 01512A23;
	229d : 01612823;
	229e : 01712623;
	229f : 01812423;
	22a0 : 00050A93;
	22a1 : 00400713;
	22a2 : 00200793;
	22a3 : 00E58C63;
	22a4 : 00500713;
	22a5 : 00300793;
	22a6 : 00E58663;
	22a7 : FFD58593;
	22a8 : 0015B793;
	22a9 : 00179713;
	22aa : 00F70733;
	22ab : 00271713;
	22ac : 00F70733;
	22ad : 00271713;
	22ae : 1000E7B7;
	22af : 08478793;
	22b0 : 16078A13;
	22b1 : 00EA0A33;
	22b2 : 19478793;
	22b3 : 00E78BB3;
	22b4 : 00000C13;
	22b5 : 00400B13;
	22b6 : 00C0006F;
	22b7 : 004A0A13;
	22b8 : 057A0263;
	22b9 : 000A2483;
	22ba : 0104D993;
	22bb : 0084D913;
	22bc : 0FF97913;
	22bd : 0FF4F493;
	22be : 000C0413;
	22bf : 00140413;
	22c0 : 0FF47413;
	22c1 : 00048713;
	22c2 : 00090693;
	22c3 : 00098613;
	22c4 : 00040593;
	22c5 : 000A8513;
	22c6 : D15FF0EF;
	22c7 : FF6410E3;
	22c8 : FBDFF06F;
	22c9 : 02C12083;
	22ca : 02812403;
	22cb : 02412483;
	22cc : 02012903;
	22cd : 01C12983;
	22ce : 01812A03;
	22cf : 01412A83;
	22d0 : 01012B03;
	22d1 : 00C12B83;
	22d2 : 00812C03;
	22d3 : 03010113;
	22d4 : 00008067;
	22d5 : FD010113;
	22d6 : 02112623;
	22d7 : 02812423;
	22d8 : 02912223;
	22d9 : 03212023;
	22da : 01312E23;
	22db : 01412C23;
	22dc : 01512A23;
	22dd : 01612823;
	22de : 01712623;
	22df : 01812423;
	22e0 : 01912223;
	22e1 : 00050A13;
	22e2 : 00400793;
	22e3 : 00200713;
	22e4 : 00F58C63;
	22e5 : 00500793;
	22e6 : 00300713;
	22e7 : 00F58663;
	22e8 : FFD58593;
	22e9 : 0015B713;
	22ea : 00171793;
	22eb : 00E787B3;
	22ec : 00279793;
	22ed : 00E787B3;
	22ee : 00279793;
	22ef : 1000E737;
	22f0 : 08470713;
	22f1 : 16070A93;
	22f2 : 00FA8AB3;
	22f3 : 00FA0BB3;
	22f4 : 19470713;
	22f5 : 00F70C33;
	22f6 : 00000C93;
	22f7 : 00400B13;
	22f8 : 0100006F;
	22f9 : 004A8A93;
	22fa : 001B8B93;
	22fb : 058A8463;
	22fc : 000AA903;
	22fd : 01095993;
	22fe : 00895913;
	22ff : 0FF97913;
	2300 : 000B8493;
	2301 : 000C8413;
	2302 : 00140413;
	2303 : 0FF47413;
	2304 : 0084C703;
	2305 : 00090693;
	2306 : 00098613;
	2307 : 00040593;
	2308 : 000A0513;
	2309 : C09FF0EF;
	230a : 00D48493;
	230b : FD641EE3;
	230c : FB5FF06F;
	230d : 02C12083;
	230e : 02812403;
	230f : 02412483;
	2310 : 02012903;
	2311 : 01C12983;
	2312 : 01812A03;
	2313 : 01412A83;
	2314 : 01012B03;
	2315 : 00C12B83;
	2316 : 00812C03;
	2317 : 00412C83;
	2318 : 03010113;
	2319 : 00008067;
	231a : 00052783;
	231b : 00B7AA23;
	231c : 00008067;
	231d : 00052783;
	231e : 00B7AC23;
	231f : 00008067;
	2320 : 00052783;
	2321 : 02C7A023;
	2322 : 00052783;
	2323 : 00B7AE23;
	2324 : 00008067;
	2325 : 00052783;
	2326 : 0107A503;
	2327 : 00008067;
	2328 : 00052783;
	2329 : 0107A503;
	232a : 00B57533;
	232b : 00A03533;
	232c : 00008067;
	232d : FF010113;
	232e : 00112623;
	232f : 00812423;
	2330 : 00912223;
	2331 : 01212023;
	2332 : 00050413;
	2333 : 00052783;
	2334 : 00100913;
	2335 : 0127AA23;
	2336 : 00052783;
	2337 : 00200493;
	2338 : 0097AA23;
	2339 : 00052783;
	233a : 00400713;
	233b : 00E7AA23;
	233c : 04600613;
	233d : 00000593;
	233e : 00452503;
	233f : E65F70EF;
	2340 : 00042783;
	2341 : 0127AC23;
	2342 : 00042783;
	2343 : 0097AC23;
	2344 : 00002637;
	2345 : 71060613;
	2346 : 00000593;
	2347 : 00442503;
	2348 : DDDF70EF;
	2349 : 0140006F;
	234a : 00000593;
	234b : 00442503;
	234c : E11F70EF;
	234d : 04051463;
	234e : 00200593;
	234f : 00040513;
	2350 : F61FF0EF;
	2351 : FE0502E3;
	2352 : 04600613;
	2353 : 00000593;
	2354 : 00442503;
	2355 : E0DF70EF;
	2356 : 00042783;
	2357 : 00400713;
	2358 : 00E7AC23;
	2359 : 00C12083;
	235a : 00812403;
	235b : 00412483;
	235c : 00012903;
	235d : 01010113;
	235e : 00008067;
	235f : 10001537;
	2360 : 71450513;
	2361 : C68F70EF;
	2362 : FC1FF06F;
	2363 : FF010113;
	2364 : 00112623;
	2365 : 00812423;
	2366 : 00050413;
	2367 : 00200713;
	2368 : 0FF00693;
	2369 : 00000613;
	236a : 00000593;
	236b : A81FF0EF;
	236c : 00100713;
	236d : 00100693;
	236e : 10000613;
	236f : 00000593;
	2370 : 00040513;
	2371 : A69FF0EF;
	2372 : 00100713;
	2373 : 0FF00693;
	2374 : 00000613;
	2375 : 00000593;
	2376 : 00040513;
	2377 : A51FF0EF;
	2378 : 00018637;
	2379 : 6A060613;
	237a : 00000593;
	237b : 00442503;
	237c : D0DF70EF;
	237d : 0140006F;
	237e : 00000593;
	237f : 00442503;
	2380 : D41F70EF;
	2381 : 02051263;
	2382 : 00100593;
	2383 : 00040513;
	2384 : E91FF0EF;
	2385 : FE0512E3;
	2386 : 00C12083;
	2387 : 00812403;
	2388 : 01010113;
	2389 : 00008067;
	238a : 10001537;
	238b : 73050513;
	238c : BBCF70EF;
	238d : FE5FF06F;
	238e : FF010113;
	238f : 00112623;
	2390 : 00812423;
	2391 : 00050413;
	2392 : B6DFF0EF;
	2393 : 00040513;
	2394 : F3DFF0EF;
	2395 : 00040513;
	2396 : E5DFF0EF;
	2397 : 00C12083;
	2398 : 00812403;
	2399 : 01010113;
	239a : 00008067;
	239b : FF010113;
	239c : 00112623;
	239d : 00812423;
	239e : 00912223;
	239f : 01212023;
	23a0 : 00050493;
	23a1 : 00000413;
	23a2 : 00400913;
	23a3 : 00140413;
	23a4 : 0FF47413;
	23a5 : 00200713;
	23a6 : 0FF00693;
	23a7 : 00000613;
	23a8 : 00040593;
	23a9 : 00048513;
	23aa : 985FF0EF;
	23ab : 00200713;
	23ac : 00200693;
	23ad : 10000613;
	23ae : 00040593;
	23af : 00048513;
	23b0 : 96DFF0EF;
	23b1 : 08000713;
	23b2 : 08000693;
	23b3 : 16600613;
	23b4 : 00040593;
	23b5 : 00048513;
	23b6 : 955FF0EF;
	23b7 : 02000713;
	23b8 : 02000693;
	23b9 : 28100613;
	23ba : 00040593;
	23bb : 00048513;
	23bc : 93DFF0EF;
	23bd : 00100713;
	23be : 0FF00693;
	23bf : 00000613;
	23c0 : 00040593;
	23c1 : 00048513;
	23c2 : 925FF0EF;
	23c3 : F92410E3;
	23c4 : 00018637;
	23c5 : 6A060613;
	23c6 : 00000593;
	23c7 : 0044A503;
	23c8 : BDDF70EF;
	23c9 : 0140006F;
	23ca : 00000593;
	23cb : 0044A503;
	23cc : C11F70EF;
	23cd : 02051663;
	23ce : 00800593;
	23cf : 00048513;
	23d0 : D61FF0EF;
	23d1 : FE0512E3;
	23d2 : 00C12083;
	23d3 : 00812403;
	23d4 : 00412483;
	23d5 : 00012903;
	23d6 : 01010113;
	23d7 : 00008067;
	23d8 : 10001537;
	23d9 : 74850513;
	23da : A84F70EF;
	23db : FDDFF06F;
	23dc : FD010113;
	23dd : 02112623;
	23de : 02812423;
	23df : 02912223;
	23e0 : 03212023;
	23e1 : 01312E23;
	23e2 : 01412C23;
	23e3 : 01512A23;
	23e4 : 01612823;
	23e5 : 01712623;
	23e6 : 01812423;
	23e7 : 00050993;
	23e8 : 00058413;
	23e9 : AB1FF0EF;
	23ea : 00098513;
	23eb : EC1FF0EF;
	23ec : 00400713;
	23ed : 00200793;
	23ee : 00E40C63;
	23ef : 00500713;
	23f0 : 00300793;
	23f1 : 00E40663;
	23f2 : FFD40413;
	23f3 : 00143793;
	23f4 : 00179713;
	23f5 : 00F70733;
	23f6 : 00271713;
	23f7 : 00F70733;
	23f8 : 00271713;
	23f9 : 1000E7B7;
	23fa : 08478793;
	23fb : 16078A13;
	23fc : 00EA0A33;
	23fd : 00E98B33;
	23fe : 19478793;
	23ff : 00E78BB3;
	2400 : 00000C13;
	2401 : 00400A93;
	2402 : 0100006F;
	2403 : 004A0A13;
	2404 : 001B0B13;
	2405 : 037A0C63;
	2406 : 002A5903;
	2407 : 000B0493;
	2408 : 000C0413;
	2409 : 00140413;
	240a : 0FF47413;
	240b : 00090613;
	240c : 00040593;
	240d : 00098513;
	240e : F2CFF0EF;
	240f : 00A48423;
	2410 : 00D48493;
	2411 : FF5410E3;
	2412 : FC5FF06F;
	2413 : 02C12083;
	2414 : 02812403;
	2415 : 02412483;
	2416 : 02012903;
	2417 : 01C12983;
	2418 : 01812A03;
	2419 : 01412A83;
	241a : 01012B03;
	241b : 00C12B83;
	241c : 00812C03;
	241d : 03010113;
	241e : 00008067;
	241f : FF010113;
	2420 : 00112623;
	2421 : 00812423;
	2422 : 00912223;
	2423 : 00050413;
	2424 : 00052783;
	2425 : 00800493;
	2426 : 0097AA23;
	2427 : 00052783;
	2428 : 01000713;
	2429 : 00E7AA23;
	242a : 04600613;
	242b : 00000593;
	242c : 00452503;
	242d : AADF70EF;
	242e : 00042783;
	242f : 0097AC23;
	2430 : 00002637;
	2431 : 71060613;
	2432 : 00000593;
	2433 : 00442503;
	2434 : A2DF70EF;
	2435 : 0140006F;
	2436 : 00000593;
	2437 : 00442503;
	2438 : A61F70EF;
	2439 : 04051263;
	243a : 01000593;
	243b : 00040513;
	243c : BB1FF0EF;
	243d : FE0502E3;
	243e : 04600613;
	243f : 00000593;
	2440 : 00442503;
	2441 : A5DF70EF;
	2442 : 00042783;
	2443 : 01000713;
	2444 : 00E7AC23;
	2445 : 00C12083;
	2446 : 00812403;
	2447 : 00412483;
	2448 : 01010113;
	2449 : 00008067;
	244a : 10001537;
	244b : 76050513;
	244c : 8BCF70EF;
	244d : FC5FF06F;
	244e : FF010113;
	244f : 00112623;
	2450 : 00812423;
	2451 : 00050413;
	2452 : 00052783;
	2453 : 00800713;
	2454 : 00E7AA23;
	2455 : 00052783;
	2456 : 01000713;
	2457 : 00E7AA23;
	2458 : 9F5FF0EF;
	2459 : 00040513;
	245a : F15FF0EF;
	245b : 00C12083;
	245c : 00812403;
	245d : 01010113;
	245e : 00008067;
END;
